Country,Year,Value,Series,Series Description
Africa,2010.0,1639721.147,EN_EWT_GENV,E-waste generated (tonnes)
Africa,2011.0,1808876.59,EN_EWT_GENV,E-waste generated (tonnes)
Africa,2012.0,1978971.601,EN_EWT_GENV,E-waste generated (tonnes)
Africa,2013.0,2146823.358,EN_EWT_GENV,E-waste generated (tonnes)
Africa,2014.0,2310888.05,EN_EWT_GENV,E-waste generated (tonnes)
Africa,2015.0,2471775.169,EN_EWT_GENV,E-waste generated (tonnes)
Africa,2016.0,2633118.903,EN_EWT_GENV,E-waste generated (tonnes)
Africa,2017.0,2797377.866,EN_EWT_GENV,E-waste generated (tonnes)
Africa,2018.0,2961591.819,EN_EWT_GENV,E-waste generated (tonnes)
Africa,2019.0,3121361.187,EN_EWT_GENV,E-waste generated (tonnes)
Africa,2020.0,3268033.081,EN_EWT_GENV,E-waste generated (tonnes)
Africa,2021.0,3408437.945,EN_EWT_GENV,E-waste generated (tonnes)
Africa,2022.0,3550994.92,EN_EWT_GENV,E-waste generated (tonnes)
Africa,2023.0,3701733.324,EN_EWT_GENV,E-waste generated (tonnes)
Africa,2024.0,3861028.211,EN_EWT_GENV,E-waste generated (tonnes)
Africa,2025.0,4028456.062,EN_EWT_GENV,E-waste generated (tonnes)
Americas,2010.0,9068309.1,EN_EWT_GENV,E-waste generated (tonnes)
Americas,2011.0,9653389.457,EN_EWT_GENV,E-waste generated (tonnes)
Americas,2012.0,10239006.55,EN_EWT_GENV,E-waste generated (tonnes)
Americas,2013.0,10804115.44,EN_EWT_GENV,E-waste generated (tonnes)
Americas,2014.0,11327996.4,EN_EWT_GENV,E-waste generated (tonnes)
Americas,2015.0,11820071.7,EN_EWT_GENV,E-waste generated (tonnes)
Americas,2016.0,12286181.61,EN_EWT_GENV,E-waste generated (tonnes)
Americas,2017.0,12708434.53,EN_EWT_GENV,E-waste generated (tonnes)
Americas,2018.0,13103548.19,EN_EWT_GENV,E-waste generated (tonnes)
Americas,2019.0,13478000.98,EN_EWT_GENV,E-waste generated (tonnes)
Americas,2020.0,13810043.55,EN_EWT_GENV,E-waste generated (tonnes)
Americas,2021.0,14123469.87,EN_EWT_GENV,E-waste generated (tonnes)
Americas,2022.0,14427319.26,EN_EWT_GENV,E-waste generated (tonnes)
Americas,2023.0,14725040.52,EN_EWT_GENV,E-waste generated (tonnes)
Americas,2024.0,15025051.28,EN_EWT_GENV,E-waste generated (tonnes)
Americas,2025.0,15331665.74,EN_EWT_GENV,E-waste generated (tonnes)
Asia,2010.0,13259154.57,EN_EWT_GENV,E-waste generated (tonnes)
Asia,2011.0,14592363.48,EN_EWT_GENV,E-waste generated (tonnes)
Asia,2012.0,15967426.63,EN_EWT_GENV,E-waste generated (tonnes)
Asia,2013.0,17335301.23,EN_EWT_GENV,E-waste generated (tonnes)
Asia,2014.0,18644881.48,EN_EWT_GENV,E-waste generated (tonnes)
Asia,2015.0,19936327.82,EN_EWT_GENV,E-waste generated (tonnes)
Asia,2016.0,21267817.47,EN_EWT_GENV,E-waste generated (tonnes)
Asia,2017.0,22660700.66,EN_EWT_GENV,E-waste generated (tonnes)
Asia,2018.0,24142039.71,EN_EWT_GENV,E-waste generated (tonnes)
Asia,2019.0,25679585.96,EN_EWT_GENV,E-waste generated (tonnes)
Asia,2020.0,27160664.66,EN_EWT_GENV,E-waste generated (tonnes)
Asia,2021.0,28621879.37,EN_EWT_GENV,E-waste generated (tonnes)
Asia,2022.0,30147097.03,EN_EWT_GENV,E-waste generated (tonnes)
Asia,2023.0,31771784.91,EN_EWT_GENV,E-waste generated (tonnes)
Asia,2024.0,33496538.94,EN_EWT_GENV,E-waste generated (tonnes)
Asia,2025.0,35310686.2,EN_EWT_GENV,E-waste generated (tonnes)
Australia,2000.0,86000,EN_EWT_GENV,E-waste generated (tonnes)
Australia,2005.0,169992.0342,EN_EWT_GENV,E-waste generated (tonnes)
Australia,2010.0,297192.8824,EN_EWT_GENV,E-waste generated (tonnes)
Australia,2011.0,326811.3256,EN_EWT_GENV,E-waste generated (tonnes)
Australia,2012.0,356381.585,EN_EWT_GENV,E-waste generated (tonnes)
Australia,2013.0,384521.1029,EN_EWT_GENV,E-waste generated (tonnes)
Australia,2014.0,410838.8718,EN_EWT_GENV,E-waste generated (tonnes)
Australia,2015.0,435036.7928,EN_EWT_GENV,E-waste generated (tonnes)
Australia,2016.0,457411.5539,EN_EWT_GENV,E-waste generated (tonnes)
Australia,2017.0,477499.1992,EN_EWT_GENV,E-waste generated (tonnes)
Australia,2018.0,495630.807,EN_EWT_GENV,E-waste generated (tonnes)
Australia,2019.0,510598.5701,EN_EWT_GENV,E-waste generated (tonnes)
Australia,2020.0,525013.3278,EN_EWT_GENV,E-waste generated (tonnes)
Australia,2021.0,537730,EN_EWT_GENV,E-waste generated (tonnes)
Australia,2022.0,545569,EN_EWT_GENV,E-waste generated (tonnes)
Australia and New Zealand,2010.0,440476.0788,EN_EWT_GENV,E-waste generated (tonnes)
Australia and New Zealand,2011.0,467587.711,EN_EWT_GENV,E-waste generated (tonnes)
Australia and New Zealand,2012.0,494847.0508,EN_EWT_GENV,E-waste generated (tonnes)
Australia and New Zealand,2013.0,521720.1721,EN_EWT_GENV,E-waste generated (tonnes)
Australia and New Zealand,2014.0,547791.3306,EN_EWT_GENV,E-waste generated (tonnes)
Australia and New Zealand,2015.0,572688.1509,EN_EWT_GENV,E-waste generated (tonnes)
Australia and New Zealand,2016.0,594934.7224,EN_EWT_GENV,E-waste generated (tonnes)
Australia and New Zealand,2017.0,614636.5801,EN_EWT_GENV,E-waste generated (tonnes)
Australia and New Zealand,2018.0,631845.7585,EN_EWT_GENV,E-waste generated (tonnes)
Australia and New Zealand,2019.0,647142.2046,EN_EWT_GENV,E-waste generated (tonnes)
Australia and New Zealand,2020.0,661070.5365,EN_EWT_GENV,E-waste generated (tonnes)
Australia and New Zealand,2021.0,673267.6372,EN_EWT_GENV,E-waste generated (tonnes)
Australia and New Zealand,2022.0,683732.1701,EN_EWT_GENV,E-waste generated (tonnes)
Australia and New Zealand,2023.0,693089.4993,EN_EWT_GENV,E-waste generated (tonnes)
Australia and New Zealand,2024.0,702016.4476,EN_EWT_GENV,E-waste generated (tonnes)
Australia and New Zealand,2025.0,710919.6613,EN_EWT_GENV,E-waste generated (tonnes)
Bangladesh,2019.0,170393.9,EN_EWT_GENV,E-waste generated (tonnes)
Bangladesh,2020.0,165091.1,EN_EWT_GENV,E-waste generated (tonnes)
Bangladesh,2021.0,171823.6,EN_EWT_GENV,E-waste generated (tonnes)
Belarus,2022.0,81289,EN_EWT_GENV,E-waste generated (tonnes)
Belarus,2023.0,82484,EN_EWT_GENV,E-waste generated (tonnes)
Bhutan,2019.0,1029.99997,EN_EWT_GENV,E-waste generated (tonnes)
Bosnia and Herzegovina,2019.0,28208,EN_EWT_GENV,E-waste generated (tonnes)
Bosnia and Herzegovina,2020.0,28959,EN_EWT_GENV,E-waste generated (tonnes)
Bosnia and Herzegovina,2021.0,29717,EN_EWT_GENV,E-waste generated (tonnes)
Bosnia and Herzegovina,2022.0,30410,EN_EWT_GENV,E-waste generated (tonnes)
Bosnia and Herzegovina,2023.0,31394,EN_EWT_GENV,E-waste generated (tonnes)
Canada,2000.0,306300,EN_EWT_GENV,E-waste generated (tonnes)
Canada,2005.0,412590,EN_EWT_GENV,E-waste generated (tonnes)
Canada,2010.0,542800,EN_EWT_GENV,E-waste generated (tonnes)
Canada,2011.0,571960,EN_EWT_GENV,E-waste generated (tonnes)
Canada,2012.0,600840,EN_EWT_GENV,E-waste generated (tonnes)
Canada,2013.0,628080,EN_EWT_GENV,E-waste generated (tonnes)
Canada,2014.0,653360,EN_EWT_GENV,E-waste generated (tonnes)
Canada,2015.0,675620,EN_EWT_GENV,E-waste generated (tonnes)
Canada,2016.0,696300,EN_EWT_GENV,E-waste generated (tonnes)
Canada,2017.0,712990,EN_EWT_GENV,E-waste generated (tonnes)
Canada,2018.0,727880,EN_EWT_GENV,E-waste generated (tonnes)
Canada,2019.0,740980,EN_EWT_GENV,E-waste generated (tonnes)
Canada,2020.0,752340,EN_EWT_GENV,E-waste generated (tonnes)
Canada,2021.0,763410,EN_EWT_GENV,E-waste generated (tonnes)
Canada,2022.0,774430,EN_EWT_GENV,E-waste generated (tonnes)
Canada,2023.0,786150,EN_EWT_GENV,E-waste generated (tonnes)
Caribbean,2010.0,147899.9386,EN_EWT_GENV,E-waste generated (tonnes)
Caribbean,2011.0,157636.1652,EN_EWT_GENV,E-waste generated (tonnes)
Caribbean,2012.0,167185.6251,EN_EWT_GENV,E-waste generated (tonnes)
Caribbean,2013.0,176182.3491,EN_EWT_GENV,E-waste generated (tonnes)
Caribbean,2014.0,184541.6651,EN_EWT_GENV,E-waste generated (tonnes)
Caribbean,2015.0,192496.9859,EN_EWT_GENV,E-waste generated (tonnes)
Caribbean,2016.0,200170.8037,EN_EWT_GENV,E-waste generated (tonnes)
Caribbean,2017.0,207524.5536,EN_EWT_GENV,E-waste generated (tonnes)
Caribbean,2018.0,214952.2232,EN_EWT_GENV,E-waste generated (tonnes)
Caribbean,2019.0,222236.0484,EN_EWT_GENV,E-waste generated (tonnes)
Caribbean,2020.0,228786.0593,EN_EWT_GENV,E-waste generated (tonnes)
Caribbean,2021.0,234809.7072,EN_EWT_GENV,E-waste generated (tonnes)
Caribbean,2022.0,241178.6306,EN_EWT_GENV,E-waste generated (tonnes)
Caribbean,2023.0,247959.9231,EN_EWT_GENV,E-waste generated (tonnes)
Caribbean,2024.0,255095.6299,EN_EWT_GENV,E-waste generated (tonnes)
Caribbean,2025.0,262558.9939,EN_EWT_GENV,E-waste generated (tonnes)
Central America,2010.0,940188.7047,EN_EWT_GENV,E-waste generated (tonnes)
Central America,2011.0,1010627.989,EN_EWT_GENV,E-waste generated (tonnes)
Central America,2012.0,1084343.459,EN_EWT_GENV,E-waste generated (tonnes)
Central America,2013.0,1156701.01,EN_EWT_GENV,E-waste generated (tonnes)
Central America,2014.0,1228534.987,EN_EWT_GENV,E-waste generated (tonnes)
Central America,2015.0,1301752.861,EN_EWT_GENV,E-waste generated (tonnes)
Central America,2016.0,1377012.563,EN_EWT_GENV,E-waste generated (tonnes)
Central America,2017.0,1454292.89,EN_EWT_GENV,E-waste generated (tonnes)
Central America,2018.0,1533769.439,EN_EWT_GENV,E-waste generated (tonnes)
Central America,2019.0,1610106.264,EN_EWT_GENV,E-waste generated (tonnes)
Central America,2020.0,1679462.283,EN_EWT_GENV,E-waste generated (tonnes)
Central America,2021.0,1746323.242,EN_EWT_GENV,E-waste generated (tonnes)
Central America,2022.0,1810595.934,EN_EWT_GENV,E-waste generated (tonnes)
Central America,2023.0,1874216.498,EN_EWT_GENV,E-waste generated (tonnes)
Central America,2024.0,1937100.748,EN_EWT_GENV,E-waste generated (tonnes)
Central America,2025.0,1999536.296,EN_EWT_GENV,E-waste generated (tonnes)
Central and Southern Asia,2010.0,2043803.999,EN_EWT_GENV,E-waste generated (tonnes)
Central and Southern Asia,2011.0,2279013.91,EN_EWT_GENV,E-waste generated (tonnes)
Central and Southern Asia,2012.0,2525709.269,EN_EWT_GENV,E-waste generated (tonnes)
Central and Southern Asia,2013.0,2779652.469,EN_EWT_GENV,E-waste generated (tonnes)
Central and Southern Asia,2014.0,3051992.69,EN_EWT_GENV,E-waste generated (tonnes)
Central and Southern Asia,2015.0,3356226.933,EN_EWT_GENV,E-waste generated (tonnes)
Central and Southern Asia,2016.0,3707292.538,EN_EWT_GENV,E-waste generated (tonnes)
Central and Southern Asia,2017.0,4099091.625,EN_EWT_GENV,E-waste generated (tonnes)
Central and Southern Asia,2018.0,4532725.627,EN_EWT_GENV,E-waste generated (tonnes)
Central and Southern Asia,2019.0,5006091.259,EN_EWT_GENV,E-waste generated (tonnes)
Central and Southern Asia,2020.0,5492976.063,EN_EWT_GENV,E-waste generated (tonnes)
Central and Southern Asia,2021.0,5992830.334,EN_EWT_GENV,E-waste generated (tonnes)
Central and Southern Asia,2022.0,6536468.516,EN_EWT_GENV,E-waste generated (tonnes)
Central and Southern Asia,2023.0,7113963.577,EN_EWT_GENV,E-waste generated (tonnes)
Central and Southern Asia,2024.0,7715691.53,EN_EWT_GENV,E-waste generated (tonnes)
Central and Southern Asia,2025.0,8333757.844,EN_EWT_GENV,E-waste generated (tonnes)
Central Asia,2010.0,160908.428,EN_EWT_GENV,E-waste generated (tonnes)
Central Asia,2011.0,178100.1644,EN_EWT_GENV,E-waste generated (tonnes)
Central Asia,2012.0,196345.516,EN_EWT_GENV,E-waste generated (tonnes)
Central Asia,2013.0,215023.4241,EN_EWT_GENV,E-waste generated (tonnes)
Central Asia,2014.0,233640.6149,EN_EWT_GENV,E-waste generated (tonnes)
Central Asia,2015.0,251673.7103,EN_EWT_GENV,E-waste generated (tonnes)
Central Asia,2016.0,270522.7507,EN_EWT_GENV,E-waste generated (tonnes)
Central Asia,2017.0,290855.7115,EN_EWT_GENV,E-waste generated (tonnes)
Central Asia,2018.0,311235.3193,EN_EWT_GENV,E-waste generated (tonnes)
Central Asia,2019.0,331949.8779,EN_EWT_GENV,E-waste generated (tonnes)
Central Asia,2020.0,352948.8627,EN_EWT_GENV,E-waste generated (tonnes)
Central Asia,2021.0,374580.8593,EN_EWT_GENV,E-waste generated (tonnes)
Central Asia,2022.0,396132.5548,EN_EWT_GENV,E-waste generated (tonnes)
Central Asia,2023.0,419711.6106,EN_EWT_GENV,E-waste generated (tonnes)
Central Asia,2024.0,445239.2391,EN_EWT_GENV,E-waste generated (tonnes)
Central Asia,2025.0,472542.0414,EN_EWT_GENV,E-waste generated (tonnes)
Colombia,2000.0,97980,EN_EWT_GENV,E-waste generated (tonnes)
Colombia,2005.0,131590,EN_EWT_GENV,E-waste generated (tonnes)
Colombia,2010.0,197260,EN_EWT_GENV,E-waste generated (tonnes)
Colombia,2011.0,213510,EN_EWT_GENV,E-waste generated (tonnes)
Colombia,2012.0,230250,EN_EWT_GENV,E-waste generated (tonnes)
Colombia,2013.0,247100,EN_EWT_GENV,E-waste generated (tonnes)
Colombia,2014.0,263980,EN_EWT_GENV,E-waste generated (tonnes)
Colombia,2015.0,279780,EN_EWT_GENV,E-waste generated (tonnes)
Colombia,2016.0,295410,EN_EWT_GENV,E-waste generated (tonnes)
Colombia,2017.0,310800,EN_EWT_GENV,E-waste generated (tonnes)
Colombia,2018.0,326650,EN_EWT_GENV,E-waste generated (tonnes)
Colombia,2019.0,342350,EN_EWT_GENV,E-waste generated (tonnes)
Colombia,2020.0,357820,EN_EWT_GENV,E-waste generated (tonnes)
Colombia,2021.0,207950,EN_EWT_GENV,E-waste generated (tonnes)
Colombia,2022.0,387720,EN_EWT_GENV,E-waste generated (tonnes)
Costa Rica,2010.0,44427.24988,EN_EWT_GENV,E-waste generated (tonnes)
Costa Rica,2011.0,48591.56424,EN_EWT_GENV,E-waste generated (tonnes)
Costa Rica,2012.0,52159.08721,EN_EWT_GENV,E-waste generated (tonnes)
Costa Rica,2013.0,54972.15229,EN_EWT_GENV,E-waste generated (tonnes)
Costa Rica,2014.0,57722.30761,EN_EWT_GENV,E-waste generated (tonnes)
Costa Rica,2015.0,60525.13799,EN_EWT_GENV,E-waste generated (tonnes)
Costa Rica,2016.0,63362.01156,EN_EWT_GENV,E-waste generated (tonnes)
Costa Rica,2017.0,63194.73064,EN_EWT_GENV,E-waste generated (tonnes)
Costa Rica,2018.0,64964.91814,EN_EWT_GENV,E-waste generated (tonnes)
Costa Rica,2019.0,66908.83315,EN_EWT_GENV,E-waste generated (tonnes)
Costa Rica,2020.0,68349.6505,EN_EWT_GENV,E-waste generated (tonnes)
Costa Rica,2021.0,69670.9808,EN_EWT_GENV,E-waste generated (tonnes)
Costa Rica,2022.0,66220,EN_EWT_GENV,E-waste generated (tonnes)
Costa Rica,2023.0,81000,EN_EWT_GENV,E-waste generated (tonnes)
Cyprus,2019.0,14574,EN_EWT_GENV,E-waste generated (tonnes)
Cyprus,2020.0,14814,EN_EWT_GENV,E-waste generated (tonnes)
Cyprus,2021.0,15149,EN_EWT_GENV,E-waste generated (tonnes)
Cyprus,2022.0,15027,EN_EWT_GENV,E-waste generated (tonnes)
Cyprus,2023.0,14892,EN_EWT_GENV,E-waste generated (tonnes)
Denmark,2021.0,140524,EN_EWT_GENV,E-waste generated (tonnes)
Denmark,2022.0,143797,EN_EWT_GENV,E-waste generated (tonnes)
Denmark,2023.0,150247,EN_EWT_GENV,E-waste generated (tonnes)
Eastern Africa,2010.0,154320.6774,EN_EWT_GENV,E-waste generated (tonnes)
Eastern Africa,2011.0,173343.5171,EN_EWT_GENV,E-waste generated (tonnes)
Eastern Africa,2012.0,192980.6516,EN_EWT_GENV,E-waste generated (tonnes)
Eastern Africa,2013.0,213238.1167,EN_EWT_GENV,E-waste generated (tonnes)
Eastern Africa,2014.0,234530.6719,EN_EWT_GENV,E-waste generated (tonnes)
Eastern Africa,2015.0,256044.4523,EN_EWT_GENV,E-waste generated (tonnes)
Eastern Africa,2016.0,278976.8529,EN_EWT_GENV,E-waste generated (tonnes)
Eastern Africa,2017.0,302759.9535,EN_EWT_GENV,E-waste generated (tonnes)
Eastern Africa,2018.0,327531.6894,EN_EWT_GENV,E-waste generated (tonnes)
Eastern Africa,2019.0,352867.1455,EN_EWT_GENV,E-waste generated (tonnes)
Eastern Africa,2020.0,377980.5537,EN_EWT_GENV,E-waste generated (tonnes)
Eastern Africa,2021.0,403530.8577,EN_EWT_GENV,E-waste generated (tonnes)
Eastern Africa,2022.0,430490.2105,EN_EWT_GENV,E-waste generated (tonnes)
Eastern Africa,2023.0,459633.0546,EN_EWT_GENV,E-waste generated (tonnes)
Eastern Africa,2024.0,490375.8626,EN_EWT_GENV,E-waste generated (tonnes)
Eastern Africa,2025.0,522232.84,EN_EWT_GENV,E-waste generated (tonnes)
Eastern and South-Eastern Asia,2010.0,9716923.845,EN_EWT_GENV,E-waste generated (tonnes)
Eastern and South-Eastern Asia,2011.0,10691434.16,EN_EWT_GENV,E-waste generated (tonnes)
Eastern and South-Eastern Asia,2012.0,11691461.33,EN_EWT_GENV,E-waste generated (tonnes)
Eastern and South-Eastern Asia,2013.0,12675055.4,EN_EWT_GENV,E-waste generated (tonnes)
Eastern and South-Eastern Asia,2014.0,13583483.58,EN_EWT_GENV,E-waste generated (tonnes)
Eastern and South-Eastern Asia,2015.0,14447377.67,EN_EWT_GENV,E-waste generated (tonnes)
Eastern and South-Eastern Asia,2016.0,15304934.33,EN_EWT_GENV,E-waste generated (tonnes)
Eastern and South-Eastern Asia,2017.0,16182465.23,EN_EWT_GENV,E-waste generated (tonnes)
Eastern and South-Eastern Asia,2018.0,17109993.56,EN_EWT_GENV,E-waste generated (tonnes)
Eastern and South-Eastern Asia,2019.0,18054030.02,EN_EWT_GENV,E-waste generated (tonnes)
Eastern and South-Eastern Asia,2020.0,18934732.07,EN_EWT_GENV,E-waste generated (tonnes)
Eastern and South-Eastern Asia,2021.0,19785177.42,EN_EWT_GENV,E-waste generated (tonnes)
Eastern and South-Eastern Asia,2022.0,20653960.3,EN_EWT_GENV,E-waste generated (tonnes)
Eastern and South-Eastern Asia,2023.0,21586499.34,EN_EWT_GENV,E-waste generated (tonnes)
Eastern and South-Eastern Asia,2024.0,22593607.9,EN_EWT_GENV,E-waste generated (tonnes)
Eastern and South-Eastern Asia,2025.0,23672603.04,EN_EWT_GENV,E-waste generated (tonnes)
Eastern Asia,2010.0,7672159.122,EN_EWT_GENV,E-waste generated (tonnes)
Eastern Asia,2011.0,8452857.81,EN_EWT_GENV,E-waste generated (tonnes)
Eastern Asia,2012.0,9254849.484,EN_EWT_GENV,E-waste generated (tonnes)
Eastern Asia,2013.0,10043716.84,EN_EWT_GENV,E-waste generated (tonnes)
Eastern Asia,2014.0,10769912.48,EN_EWT_GENV,E-waste generated (tonnes)
Eastern Asia,2015.0,11454014.69,EN_EWT_GENV,E-waste generated (tonnes)
Eastern Asia,2016.0,12128761.66,EN_EWT_GENV,E-waste generated (tonnes)
Eastern Asia,2017.0,12813841.52,EN_EWT_GENV,E-waste generated (tonnes)
Eastern Asia,2018.0,13536684.84,EN_EWT_GENV,E-waste generated (tonnes)
Eastern Asia,2019.0,14275284.69,EN_EWT_GENV,E-waste generated (tonnes)
Eastern Asia,2020.0,14962927.56,EN_EWT_GENV,E-waste generated (tonnes)
Eastern Asia,2021.0,15622571.28,EN_EWT_GENV,E-waste generated (tonnes)
Eastern Asia,2022.0,16291656.98,EN_EWT_GENV,E-waste generated (tonnes)
Eastern Asia,2023.0,17013596.32,EN_EWT_GENV,E-waste generated (tonnes)
Eastern Asia,2024.0,17801105.9,EN_EWT_GENV,E-waste generated (tonnes)
Eastern Asia,2025.0,18651993.26,EN_EWT_GENV,E-waste generated (tonnes)
Eastern Europe,2010.0,2177283.991,EN_EWT_GENV,E-waste generated (tonnes)
Eastern Europe,2011.0,2325776.81,EN_EWT_GENV,E-waste generated (tonnes)
Eastern Europe,2012.0,2476151.723,EN_EWT_GENV,E-waste generated (tonnes)
Eastern Europe,2013.0,2621913.632,EN_EWT_GENV,E-waste generated (tonnes)
Eastern Europe,2014.0,2759850.223,EN_EWT_GENV,E-waste generated (tonnes)
Eastern Europe,2015.0,2884476.139,EN_EWT_GENV,E-waste generated (tonnes)
Eastern Europe,2016.0,3003563.557,EN_EWT_GENV,E-waste generated (tonnes)
Eastern Europe,2017.0,3119082.734,EN_EWT_GENV,E-waste generated (tonnes)
Eastern Europe,2018.0,3243725.122,EN_EWT_GENV,E-waste generated (tonnes)
Eastern Europe,2019.0,3364459.108,EN_EWT_GENV,E-waste generated (tonnes)
Eastern Europe,2020.0,3476175.201,EN_EWT_GENV,E-waste generated (tonnes)
Eastern Europe,2021.0,3580351.314,EN_EWT_GENV,E-waste generated (tonnes)
Eastern Europe,2022.0,3677526.04,EN_EWT_GENV,E-waste generated (tonnes)
Eastern Europe,2023.0,3787958.479,EN_EWT_GENV,E-waste generated (tonnes)
Eastern Europe,2024.0,3900402.888,EN_EWT_GENV,E-waste generated (tonnes)
Eastern Europe,2025.0,4009149.859,EN_EWT_GENV,E-waste generated (tonnes)
Ecuador,2005.0,7341,EN_EWT_GENV,E-waste generated (tonnes)
Ecuador,2006.0,10774,EN_EWT_GENV,E-waste generated (tonnes)
Ecuador,2007.0,14462,EN_EWT_GENV,E-waste generated (tonnes)
Ecuador,2008.0,21446,EN_EWT_GENV,E-waste generated (tonnes)
Ecuador,2009.0,29890,EN_EWT_GENV,E-waste generated (tonnes)
Ecuador,2010.0,28390,EN_EWT_GENV,E-waste generated (tonnes)
Ecuador,2011.0,26884,EN_EWT_GENV,E-waste generated (tonnes)
Ecuador,2012.0,39937,EN_EWT_GENV,E-waste generated (tonnes)
Ecuador,2013.0,56459,EN_EWT_GENV,E-waste generated (tonnes)
Ecuador,2014.0,73000,EN_EWT_GENV,E-waste generated (tonnes)
Ecuador,2015.0,76504,EN_EWT_GENV,E-waste generated (tonnes)
Estonia,2021.0,17271,EN_EWT_GENV,E-waste generated (tonnes)
Estonia,2022.0,17889,EN_EWT_GENV,E-waste generated (tonnes)
Estonia,2023.0,18510,EN_EWT_GENV,E-waste generated (tonnes)
Europe,2010.0,9738465.168,EN_EWT_GENV,E-waste generated (tonnes)
Europe,2011.0,10150978.31,EN_EWT_GENV,E-waste generated (tonnes)
Europe,2012.0,10535244.61,EN_EWT_GENV,E-waste generated (tonnes)
Europe,2013.0,10886288.77,EN_EWT_GENV,E-waste generated (tonnes)
Europe,2014.0,11205729.32,EN_EWT_GENV,E-waste generated (tonnes)
Europe,2015.0,11497734.26,EN_EWT_GENV,E-waste generated (tonnes)
Europe,2016.0,11771160.73,EN_EWT_GENV,E-waste generated (tonnes)
Europe,2017.0,12027692.65,EN_EWT_GENV,E-waste generated (tonnes)
Europe,2018.0,12278199.85,EN_EWT_GENV,E-waste generated (tonnes)
Europe,2019.0,12513033.62,EN_EWT_GENV,E-waste generated (tonnes)
Europe,2020.0,12717506.28,EN_EWT_GENV,E-waste generated (tonnes)
Europe,2021.0,12904458.22,EN_EWT_GENV,E-waste generated (tonnes)
Europe,2022.0,13075984.7,EN_EWT_GENV,E-waste generated (tonnes)
Europe,2023.0,13255058.63,EN_EWT_GENV,E-waste generated (tonnes)
Europe,2024.0,13432673.77,EN_EWT_GENV,E-waste generated (tonnes)
Europe,2025.0,13603790.55,EN_EWT_GENV,E-waste generated (tonnes)
Europe and Northern America,2010.0,15433296.26,EN_EWT_GENV,E-waste generated (tonnes)
Europe and Northern America,2011.0,16154827.23,EN_EWT_GENV,E-waste generated (tonnes)
Europe and Northern America,2012.0,16836519.39,EN_EWT_GENV,E-waste generated (tonnes)
Europe and Northern America,2013.0,17464560.26,EN_EWT_GENV,E-waste generated (tonnes)
Europe and Northern America,2014.0,18024555.76,EN_EWT_GENV,E-waste generated (tonnes)
Europe and Northern America,2015.0,18526527.7,EN_EWT_GENV,E-waste generated (tonnes)
Europe and Northern America,2016.0,18989036.68,EN_EWT_GENV,E-waste generated (tonnes)
Europe and Northern America,2017.0,19395725.33,EN_EWT_GENV,E-waste generated (tonnes)
Europe and Northern America,2018.0,19773933.1,EN_EWT_GENV,E-waste generated (tonnes)
Europe and Northern America,2019.0,20133674.68,EN_EWT_GENV,E-waste generated (tonnes)
Europe and Northern America,2020.0,20454652.35,EN_EWT_GENV,E-waste generated (tonnes)
Europe and Northern America,2021.0,20754133.49,EN_EWT_GENV,E-waste generated (tonnes)
Europe and Northern America,2022.0,21038762.87,EN_EWT_GENV,E-waste generated (tonnes)
Europe and Northern America,2023.0,21330322.81,EN_EWT_GENV,E-waste generated (tonnes)
Europe and Northern America,2024.0,21627505.65,EN_EWT_GENV,E-waste generated (tonnes)
Europe and Northern America,2025.0,21928299.92,EN_EWT_GENV,E-waste generated (tonnes)
Finland,2021.0,116207,EN_EWT_GENV,E-waste generated (tonnes)
Finland,2022.0,116767,EN_EWT_GENV,E-waste generated (tonnes)
Finland,2023.0,120989,EN_EWT_GENV,E-waste generated (tonnes)
Georgia,2021.0,29000,EN_EWT_GENV,E-waste generated (tonnes)
Honduras,2009.0,3400,EN_EWT_GENV,E-waste generated (tonnes)
Honduras,2010.0,3600,EN_EWT_GENV,E-waste generated (tonnes)
Honduras,2011.0,3500,EN_EWT_GENV,E-waste generated (tonnes)
Honduras,2012.0,3300,EN_EWT_GENV,E-waste generated (tonnes)
Honduras,2013.0,3100,EN_EWT_GENV,E-waste generated (tonnes)
Honduras,2014.0,3200,EN_EWT_GENV,E-waste generated (tonnes)
Honduras,2015.0,3300,EN_EWT_GENV,E-waste generated (tonnes)
Honduras,2016.0,2900,EN_EWT_GENV,E-waste generated (tonnes)
Honduras,2017.0,3000,EN_EWT_GENV,E-waste generated (tonnes)
Honduras,2018.0,2900,EN_EWT_GENV,E-waste generated (tonnes)
Honduras,2019.0,2700,EN_EWT_GENV,E-waste generated (tonnes)
Honduras,2020.0,4520,EN_EWT_GENV,E-waste generated (tonnes)
Honduras,2021.0,6680,EN_EWT_GENV,E-waste generated (tonnes)
Honduras,2022.0,5700,EN_EWT_GENV,E-waste generated (tonnes)
Honduras,2023.0,6390,EN_EWT_GENV,E-waste generated (tonnes)
Hungary,2019.0,102490,EN_EWT_GENV,E-waste generated (tonnes)
Hungary,2020.0,106858,EN_EWT_GENV,E-waste generated (tonnes)
Hungary,2021.0,136187,EN_EWT_GENV,E-waste generated (tonnes)
Hungary,2022.0,138983,EN_EWT_GENV,E-waste generated (tonnes)
Hungary,2023.0,152284,EN_EWT_GENV,E-waste generated (tonnes)
Iceland,2020.0,5160,EN_EWT_GENV,E-waste generated (tonnes)
Iran (Islamic Republic of),2018.0,561000,EN_EWT_GENV,E-waste generated (tonnes)
Iran (Islamic Republic of),2019.0,555000,EN_EWT_GENV,E-waste generated (tonnes)
Iran (Islamic Republic of),2020.0,559000,EN_EWT_GENV,E-waste generated (tonnes)
Iran (Islamic Republic of),2021.0,567000,EN_EWT_GENV,E-waste generated (tonnes)
Iran (Islamic Republic of),2022.0,554000,EN_EWT_GENV,E-waste generated (tonnes)
Iran (Islamic Republic of),2023.0,560000,EN_EWT_GENV,E-waste generated (tonnes)
Israel,2000.0,43830,EN_EWT_GENV,E-waste generated (tonnes)
Israel,2005.0,61490,EN_EWT_GENV,E-waste generated (tonnes)
Israel,2010.0,82840,EN_EWT_GENV,E-waste generated (tonnes)
Israel,2011.0,88520,EN_EWT_GENV,E-waste generated (tonnes)
Israel,2012.0,94610,EN_EWT_GENV,E-waste generated (tonnes)
Israel,2013.0,100830,EN_EWT_GENV,E-waste generated (tonnes)
Israel,2014.0,106910,EN_EWT_GENV,E-waste generated (tonnes)
Israel,2015.0,112450,EN_EWT_GENV,E-waste generated (tonnes)
Israel,2016.0,117750,EN_EWT_GENV,E-waste generated (tonnes)
Israel,2017.0,122850,EN_EWT_GENV,E-waste generated (tonnes)
Israel,2018.0,127490,EN_EWT_GENV,E-waste generated (tonnes)
Israel,2019.0,132430,EN_EWT_GENV,E-waste generated (tonnes)
Israel,2020.0,137560,EN_EWT_GENV,E-waste generated (tonnes)
Israel,2021.0,142800,EN_EWT_GENV,E-waste generated (tonnes)
Israel,2022.0,165400,EN_EWT_GENV,E-waste generated (tonnes)
Israel,2023.0,152240,EN_EWT_GENV,E-waste generated (tonnes)
Japan,2010.0,2285310.552,EN_EWT_GENV,E-waste generated (tonnes)
Japan,2011.0,2341664.828,EN_EWT_GENV,E-waste generated (tonnes)
Japan,2012.0,2399801.195,EN_EWT_GENV,E-waste generated (tonnes)
Japan,2013.0,2453860.138,EN_EWT_GENV,E-waste generated (tonnes)
Japan,2014.0,2498411.403,EN_EWT_GENV,E-waste generated (tonnes)
Japan,2015.0,2532065.331,EN_EWT_GENV,E-waste generated (tonnes)
Japan,2016.0,2552002.507,EN_EWT_GENV,E-waste generated (tonnes)
Japan,2017.0,2560100.284,EN_EWT_GENV,E-waste generated (tonnes)
Japan,2018.0,2564149.181,EN_EWT_GENV,E-waste generated (tonnes)
Japan,2019.0,2568959.087,EN_EWT_GENV,E-waste generated (tonnes)
Japan,2020.0,2573910.361,EN_EWT_GENV,E-waste generated (tonnes)
Japan,2021.0,2579000,EN_EWT_GENV,E-waste generated (tonnes)
Japan,2022.0,2638100,EN_EWT_GENV,E-waste generated (tonnes)
Jordan,2000.0,7900,EN_EWT_GENV,E-waste generated (tonnes)
Jordan,2001.0,8143,EN_EWT_GENV,E-waste generated (tonnes)
Jordan,2002.0,8958,EN_EWT_GENV,E-waste generated (tonnes)
Jordan,2003.0,9433,EN_EWT_GENV,E-waste generated (tonnes)
Jordan,2004.0,10034,EN_EWT_GENV,E-waste generated (tonnes)
Jordan,2005.0,11000,EN_EWT_GENV,E-waste generated (tonnes)
Jordan,2006.0,12246,EN_EWT_GENV,E-waste generated (tonnes)
Jordan,2007.0,13971,EN_EWT_GENV,E-waste generated (tonnes)
Jordan,2008.0,16030,EN_EWT_GENV,E-waste generated (tonnes)
Jordan,2009.0,18053,EN_EWT_GENV,E-waste generated (tonnes)
Jordan,2010.0,20006,EN_EWT_GENV,E-waste generated (tonnes)
Jordan,2011.0,22084,EN_EWT_GENV,E-waste generated (tonnes)
Jordan,2012.0,24116,EN_EWT_GENV,E-waste generated (tonnes)
Jordan,2013.0,26187,EN_EWT_GENV,E-waste generated (tonnes)
Jordan,2014.0,28164,EN_EWT_GENV,E-waste generated (tonnes)
Jordan,2015.0,30450,EN_EWT_GENV,E-waste generated (tonnes)
Jordan,2016.0,33283,EN_EWT_GENV,E-waste generated (tonnes)
Jordan,2017.0,36364,EN_EWT_GENV,E-waste generated (tonnes)
Kazakhstan,2016.0,138000,EN_EWT_GENV,E-waste generated (tonnes)
Kazakhstan,2017.0,164000,EN_EWT_GENV,E-waste generated (tonnes)
Kazakhstan,2018.0,196500,EN_EWT_GENV,E-waste generated (tonnes)
Kazakhstan,2019.0,221600,EN_EWT_GENV,E-waste generated (tonnes)
Kenya,2017.0,3218,EN_EWT_GENV,E-waste generated (tonnes)
Landlocked developing countries (LLDCs),2010.0,431170.6177,EN_EWT_GENV,E-waste generated (tonnes)
Landlocked developing countries (LLDCs),2011.0,482544.8884,EN_EWT_GENV,E-waste generated (tonnes)
Landlocked developing countries (LLDCs),2012.0,536720.2799,EN_EWT_GENV,E-waste generated (tonnes)
Landlocked developing countries (LLDCs),2013.0,592288.5666,EN_EWT_GENV,E-waste generated (tonnes)
Landlocked developing countries (LLDCs),2014.0,648967.0339,EN_EWT_GENV,E-waste generated (tonnes)
Landlocked developing countries (LLDCs),2015.0,705231.3749,EN_EWT_GENV,E-waste generated (tonnes)
Landlocked developing countries (LLDCs),2016.0,763448.1433,EN_EWT_GENV,E-waste generated (tonnes)
Landlocked developing countries (LLDCs),2017.0,824573.1899,EN_EWT_GENV,E-waste generated (tonnes)
Landlocked developing countries (LLDCs),2018.0,886532.4641,EN_EWT_GENV,E-waste generated (tonnes)
Landlocked developing countries (LLDCs),2019.0,948812.3319,EN_EWT_GENV,E-waste generated (tonnes)
Landlocked developing countries (LLDCs),2020.0,1007831.155,EN_EWT_GENV,E-waste generated (tonnes)
Landlocked developing countries (LLDCs),2021.0,1068823.129,EN_EWT_GENV,E-waste generated (tonnes)
Landlocked developing countries (LLDCs),2022.0,1131580.681,EN_EWT_GENV,E-waste generated (tonnes)
Landlocked developing countries (LLDCs),2023.0,1199064.775,EN_EWT_GENV,E-waste generated (tonnes)
Landlocked developing countries (LLDCs),2024.0,1270232.473,EN_EWT_GENV,E-waste generated (tonnes)
Landlocked developing countries (LLDCs),2025.0,1344307.066,EN_EWT_GENV,E-waste generated (tonnes)
Latin America and the Caribbean,2010.0,3373478.006,EN_EWT_GENV,E-waste generated (tonnes)
Latin America and the Caribbean,2011.0,3649540.531,EN_EWT_GENV,E-waste generated (tonnes)
Latin America and the Caribbean,2012.0,3937731.764,EN_EWT_GENV,E-waste generated (tonnes)
Latin America and the Caribbean,2013.0,4225843.948,EN_EWT_GENV,E-waste generated (tonnes)
Latin America and the Caribbean,2014.0,4509169.955,EN_EWT_GENV,E-waste generated (tonnes)
Latin America and the Caribbean,2015.0,4791278.256,EN_EWT_GENV,E-waste generated (tonnes)
Latin America and the Caribbean,2016.0,5068305.657,EN_EWT_GENV,E-waste generated (tonnes)
Latin America and the Caribbean,2017.0,5340401.857,EN_EWT_GENV,E-waste generated (tonnes)
Latin America and the Caribbean,2018.0,5607814.946,EN_EWT_GENV,E-waste generated (tonnes)
Latin America and the Caribbean,2019.0,5857359.927,EN_EWT_GENV,E-waste generated (tonnes)
Latin America and the Caribbean,2020.0,6072897.474,EN_EWT_GENV,E-waste generated (tonnes)
Latin America and the Caribbean,2021.0,6273794.601,EN_EWT_GENV,E-waste generated (tonnes)
Latin America and the Caribbean,2022.0,6464541.096,EN_EWT_GENV,E-waste generated (tonnes)
Latin America and the Caribbean,2023.0,6649776.34,EN_EWT_GENV,E-waste generated (tonnes)
Latin America and the Caribbean,2024.0,6830219.401,EN_EWT_GENV,E-waste generated (tonnes)
Latin America and the Caribbean,2025.0,7007156.38,EN_EWT_GENV,E-waste generated (tonnes)
Least Developed Countries (LDCs),2010.0,518696.8866,EN_EWT_GENV,E-waste generated (tonnes)
Least Developed Countries (LDCs),2011.0,581528.3422,EN_EWT_GENV,E-waste generated (tonnes)
Least Developed Countries (LDCs),2012.0,645669.9464,EN_EWT_GENV,E-waste generated (tonnes)
Least Developed Countries (LDCs),2013.0,710728.9585,EN_EWT_GENV,E-waste generated (tonnes)
Least Developed Countries (LDCs),2014.0,778624.2323,EN_EWT_GENV,E-waste generated (tonnes)
Least Developed Countries (LDCs),2015.0,847005.7344,EN_EWT_GENV,E-waste generated (tonnes)
Least Developed Countries (LDCs),2016.0,919271.1568,EN_EWT_GENV,E-waste generated (tonnes)
Least Developed Countries (LDCs),2017.0,995467.3993,EN_EWT_GENV,E-waste generated (tonnes)
Least Developed Countries (LDCs),2018.0,1074883.142,EN_EWT_GENV,E-waste generated (tonnes)
Least Developed Countries (LDCs),2019.0,1156863.39,EN_EWT_GENV,E-waste generated (tonnes)
Least Developed Countries (LDCs),2020.0,1238932.947,EN_EWT_GENV,E-waste generated (tonnes)
Least Developed Countries (LDCs),2021.0,1322073.224,EN_EWT_GENV,E-waste generated (tonnes)
Least Developed Countries (LDCs),2022.0,1409213.006,EN_EWT_GENV,E-waste generated (tonnes)
Least Developed Countries (LDCs),2023.0,1503301.988,EN_EWT_GENV,E-waste generated (tonnes)
Least Developed Countries (LDCs),2024.0,1602355.259,EN_EWT_GENV,E-waste generated (tonnes)
Least Developed Countries (LDCs),2025.0,1704920.902,EN_EWT_GENV,E-waste generated (tonnes)
Lesotho,2012.0,103300,EN_EWT_GENV,E-waste generated (tonnes)
Lesotho,2014.0,120000,EN_EWT_GENV,E-waste generated (tonnes)
Lesotho,2015.0,1e+05,EN_EWT_GENV,E-waste generated (tonnes)
Luxembourg,2019.0,8784,EN_EWT_GENV,E-waste generated (tonnes)
Luxembourg,2020.0,8969,EN_EWT_GENV,E-waste generated (tonnes)
Luxembourg,2021.0,8983,EN_EWT_GENV,E-waste generated (tonnes)
Luxembourg,2022.0,9280,EN_EWT_GENV,E-waste generated (tonnes)
Luxembourg,2023.0,9592,EN_EWT_GENV,E-waste generated (tonnes)
Malaysia,2006.0,40280,EN_EWT_GENV,E-waste generated (tonnes)
Malaysia,2007.0,52720,EN_EWT_GENV,E-waste generated (tonnes)
Malaysia,2008.0,102810,EN_EWT_GENV,E-waste generated (tonnes)
Malaysia,2009.0,134040,EN_EWT_GENV,E-waste generated (tonnes)
Malaysia,2010.0,163340,EN_EWT_GENV,E-waste generated (tonnes)
Malaysia,2011.0,152720,EN_EWT_GENV,E-waste generated (tonnes)
Malaysia,2012.0,78280,EN_EWT_GENV,E-waste generated (tonnes)
Malaysia,2013.0,52980,EN_EWT_GENV,E-waste generated (tonnes)
Malaysia,2014.0,57100,EN_EWT_GENV,E-waste generated (tonnes)
Malaysia,2015.0,47960,EN_EWT_GENV,E-waste generated (tonnes)
Malaysia,2016.0,48790,EN_EWT_GENV,E-waste generated (tonnes)
Malaysia,2017.0,28600,EN_EWT_GENV,E-waste generated (tonnes)
Malaysia,2018.0,18007.4,EN_EWT_GENV,E-waste generated (tonnes)
Malaysia,2019.0,89956.4,EN_EWT_GENV,E-waste generated (tonnes)
Malaysia,2020.0,94008.9,EN_EWT_GENV,E-waste generated (tonnes)
Malaysia,2021.0,85641,EN_EWT_GENV,E-waste generated (tonnes)
Melanesia,2010.0,9830.75738,EN_EWT_GENV,E-waste generated (tonnes)
Melanesia,2011.0,10653.20067,EN_EWT_GENV,E-waste generated (tonnes)
Melanesia,2012.0,11508.97154,EN_EWT_GENV,E-waste generated (tonnes)
Melanesia,2013.0,12355.19996,EN_EWT_GENV,E-waste generated (tonnes)
Melanesia,2014.0,13286.74268,EN_EWT_GENV,E-waste generated (tonnes)
Melanesia,2015.0,14249.90368,EN_EWT_GENV,E-waste generated (tonnes)
Melanesia,2016.0,15265.87705,EN_EWT_GENV,E-waste generated (tonnes)
Melanesia,2017.0,16285.019,EN_EWT_GENV,E-waste generated (tonnes)
Melanesia,2018.0,17342.46877,EN_EWT_GENV,E-waste generated (tonnes)
Melanesia,2019.0,18445.28742,EN_EWT_GENV,E-waste generated (tonnes)
Melanesia,2020.0,19484.31064,EN_EWT_GENV,E-waste generated (tonnes)
Melanesia,2021.0,20414.62292,EN_EWT_GENV,E-waste generated (tonnes)
Melanesia,2022.0,21289.15539,EN_EWT_GENV,E-waste generated (tonnes)
Melanesia,2023.0,22140.11458,EN_EWT_GENV,E-waste generated (tonnes)
Melanesia,2024.0,22985.93095,EN_EWT_GENV,E-waste generated (tonnes)
Melanesia,2025.0,23828.98128,EN_EWT_GENV,E-waste generated (tonnes)
Micronesia,2010.0,424.11776,EN_EWT_GENV,E-waste generated (tonnes)
Micronesia,2011.0,457.72251,EN_EWT_GENV,E-waste generated (tonnes)
Micronesia,2012.0,493.07578,EN_EWT_GENV,E-waste generated (tonnes)
Micronesia,2013.0,528.27307,EN_EWT_GENV,E-waste generated (tonnes)
Micronesia,2014.0,561.4995,EN_EWT_GENV,E-waste generated (tonnes)
Micronesia,2015.0,594.45037,EN_EWT_GENV,E-waste generated (tonnes)
Micronesia,2016.0,627.63151,EN_EWT_GENV,E-waste generated (tonnes)
Micronesia,2017.0,660.66439,EN_EWT_GENV,E-waste generated (tonnes)
Micronesia,2018.0,694.4361,EN_EWT_GENV,E-waste generated (tonnes)
Micronesia,2019.0,728.4042,EN_EWT_GENV,E-waste generated (tonnes)
Micronesia,2020.0,759.15125,EN_EWT_GENV,E-waste generated (tonnes)
Micronesia,2021.0,787.72108,EN_EWT_GENV,E-waste generated (tonnes)
Micronesia,2022.0,815.90986,EN_EWT_GENV,E-waste generated (tonnes)
Micronesia,2023.0,841.68391,EN_EWT_GENV,E-waste generated (tonnes)
Micronesia,2024.0,865.6382,EN_EWT_GENV,E-waste generated (tonnes)
Micronesia,2025.0,888.12523,EN_EWT_GENV,E-waste generated (tonnes)
Middle Africa,2010.0,130829.4966,EN_EWT_GENV,E-waste generated (tonnes)
Middle Africa,2011.0,148781.5044,EN_EWT_GENV,E-waste generated (tonnes)
Middle Africa,2012.0,167488.4367,EN_EWT_GENV,E-waste generated (tonnes)
Middle Africa,2013.0,186631.626,EN_EWT_GENV,E-waste generated (tonnes)
Middle Africa,2014.0,205757.4729,EN_EWT_GENV,E-waste generated (tonnes)
Middle Africa,2015.0,223538.8674,EN_EWT_GENV,E-waste generated (tonnes)
Middle Africa,2016.0,239891.0401,EN_EWT_GENV,E-waste generated (tonnes)
Middle Africa,2017.0,255297.2535,EN_EWT_GENV,E-waste generated (tonnes)
Middle Africa,2018.0,268756.012,EN_EWT_GENV,E-waste generated (tonnes)
Middle Africa,2019.0,280391.303,EN_EWT_GENV,E-waste generated (tonnes)
Middle Africa,2020.0,290043.5594,EN_EWT_GENV,E-waste generated (tonnes)
Middle Africa,2021.0,298943.9148,EN_EWT_GENV,E-waste generated (tonnes)
Middle Africa,2022.0,307012.4353,EN_EWT_GENV,E-waste generated (tonnes)
Middle Africa,2023.0,314973.6804,EN_EWT_GENV,E-waste generated (tonnes)
Middle Africa,2024.0,323206.2601,EN_EWT_GENV,E-waste generated (tonnes)
Middle Africa,2025.0,331856.729,EN_EWT_GENV,E-waste generated (tonnes)
Mongolia,2020.0,56518.8,EN_EWT_GENV,E-waste generated (tonnes)
Mongolia,2021.0,41796.9,EN_EWT_GENV,E-waste generated (tonnes)
Mongolia,2022.0,87807.9,EN_EWT_GENV,E-waste generated (tonnes)
Mongolia,2023.0,39442.7,EN_EWT_GENV,E-waste generated (tonnes)
Netherlands (Kingdom of the),2022.0,373222,EN_EWT_GENV,E-waste generated (tonnes)
Netherlands (Kingdom of the),2023.0,379275,EN_EWT_GENV,E-waste generated (tonnes)
Niger,2012.0,8725.68989,EN_EWT_GENV,E-waste generated (tonnes)
Niger,2013.0,9024.62959,EN_EWT_GENV,E-waste generated (tonnes)
Niger,2014.0,9333.68015,EN_EWT_GENV,E-waste generated (tonnes)
Niger,2015.0,9654.19006,EN_EWT_GENV,E-waste generated (tonnes)
Niger,2016.0,9976.63975,EN_EWT_GENV,E-waste generated (tonnes)
Niger,2017.0,10319.06033,EN_EWT_GENV,E-waste generated (tonnes)
Niger,2018.0,10637.72964,EN_EWT_GENV,E-waste generated (tonnes)
Niger,2019.0,10956.41041,EN_EWT_GENV,E-waste generated (tonnes)
Northern Africa,2010.0,762798.2033,EN_EWT_GENV,E-waste generated (tonnes)
Northern Africa,2011.0,830052.1646,EN_EWT_GENV,E-waste generated (tonnes)
Northern Africa,2012.0,894936.3302,EN_EWT_GENV,E-waste generated (tonnes)
Northern Africa,2013.0,956597.7734,EN_EWT_GENV,E-waste generated (tonnes)
Northern Africa,2014.0,1016122.789,EN_EWT_GENV,E-waste generated (tonnes)
Northern Africa,2015.0,1074325.943,EN_EWT_GENV,E-waste generated (tonnes)
Northern Africa,2016.0,1132668.043,EN_EWT_GENV,E-waste generated (tonnes)
Northern Africa,2017.0,1193325.742,EN_EWT_GENV,E-waste generated (tonnes)
Northern Africa,2018.0,1256119.969,EN_EWT_GENV,E-waste generated (tonnes)
Northern Africa,2019.0,1318394.665,EN_EWT_GENV,E-waste generated (tonnes)
Northern Africa,2020.0,1374961.226,EN_EWT_GENV,E-waste generated (tonnes)
Northern Africa,2021.0,1429044.36,EN_EWT_GENV,E-waste generated (tonnes)
Northern Africa,2022.0,1483844.991,EN_EWT_GENV,E-waste generated (tonnes)
Northern Africa,2023.0,1542473.632,EN_EWT_GENV,E-waste generated (tonnes)
Northern Africa,2024.0,1605436.669,EN_EWT_GENV,E-waste generated (tonnes)
Northern Africa,2025.0,1672705.553,EN_EWT_GENV,E-waste generated (tonnes)
Northern Africa and Western Asia,2010.0,2261224.927,EN_EWT_GENV,E-waste generated (tonnes)
Northern Africa and Western Asia,2011.0,2451967.569,EN_EWT_GENV,E-waste generated (tonnes)
Northern Africa and Western Asia,2012.0,2645192.364,EN_EWT_GENV,E-waste generated (tonnes)
Northern Africa and Western Asia,2013.0,2837191.14,EN_EWT_GENV,E-waste generated (tonnes)
Northern Africa and Western Asia,2014.0,3025527.997,EN_EWT_GENV,E-waste generated (tonnes)
Northern Africa and Western Asia,2015.0,3207049.159,EN_EWT_GENV,E-waste generated (tonnes)
Northern Africa and Western Asia,2016.0,3388258.647,EN_EWT_GENV,E-waste generated (tonnes)
Northern Africa and Western Asia,2017.0,3572469.547,EN_EWT_GENV,E-waste generated (tonnes)
Northern Africa and Western Asia,2018.0,3755440.495,EN_EWT_GENV,E-waste generated (tonnes)
Northern Africa and Western Asia,2019.0,3937859.341,EN_EWT_GENV,E-waste generated (tonnes)
Northern Africa and Western Asia,2020.0,4107917.749,EN_EWT_GENV,E-waste generated (tonnes)
Northern Africa and Western Asia,2021.0,4272915.975,EN_EWT_GENV,E-waste generated (tonnes)
Northern Africa and Western Asia,2022.0,4440513.207,EN_EWT_GENV,E-waste generated (tonnes)
Northern Africa and Western Asia,2023.0,4613795.625,EN_EWT_GENV,E-waste generated (tonnes)
Northern Africa and Western Asia,2024.0,4792676.172,EN_EWT_GENV,E-waste generated (tonnes)
Northern Africa and Western Asia,2025.0,4977030.864,EN_EWT_GENV,E-waste generated (tonnes)
Northern America,2010.0,5694831.094,EN_EWT_GENV,E-waste generated (tonnes)
Northern America,2011.0,6003848.925,EN_EWT_GENV,E-waste generated (tonnes)
Northern America,2012.0,6301274.782,EN_EWT_GENV,E-waste generated (tonnes)
Northern America,2013.0,6578271.491,EN_EWT_GENV,E-waste generated (tonnes)
Northern America,2014.0,6818826.445,EN_EWT_GENV,E-waste generated (tonnes)
Northern America,2015.0,7028793.445,EN_EWT_GENV,E-waste generated (tonnes)
Northern America,2016.0,7217875.951,EN_EWT_GENV,E-waste generated (tonnes)
Northern America,2017.0,7368032.676,EN_EWT_GENV,E-waste generated (tonnes)
Northern America,2018.0,7495733.247,EN_EWT_GENV,E-waste generated (tonnes)
Northern America,2019.0,7620641.057,EN_EWT_GENV,E-waste generated (tonnes)
Northern America,2020.0,7737146.072,EN_EWT_GENV,E-waste generated (tonnes)
Northern America,2021.0,7849675.267,EN_EWT_GENV,E-waste generated (tonnes)
Northern America,2022.0,7962778.166,EN_EWT_GENV,E-waste generated (tonnes)
Northern America,2023.0,8075264.184,EN_EWT_GENV,E-waste generated (tonnes)
Northern America,2024.0,8194831.882,EN_EWT_GENV,E-waste generated (tonnes)
Northern America,2025.0,8324509.364,EN_EWT_GENV,E-waste generated (tonnes)
Northern Europe,2010.0,1824161.701,EN_EWT_GENV,E-waste generated (tonnes)
Northern Europe,2011.0,1893772.039,EN_EWT_GENV,E-waste generated (tonnes)
Northern Europe,2012.0,1959170.256,EN_EWT_GENV,E-waste generated (tonnes)
Northern Europe,2013.0,2021605.725,EN_EWT_GENV,E-waste generated (tonnes)
Northern Europe,2014.0,2082699.332,EN_EWT_GENV,E-waste generated (tonnes)
Northern Europe,2015.0,2145390.49,EN_EWT_GENV,E-waste generated (tonnes)
Northern Europe,2016.0,2206719.762,EN_EWT_GENV,E-waste generated (tonnes)
Northern Europe,2017.0,2265855.295,EN_EWT_GENV,E-waste generated (tonnes)
Northern Europe,2018.0,2319985.006,EN_EWT_GENV,E-waste generated (tonnes)
Northern Europe,2019.0,2368139.164,EN_EWT_GENV,E-waste generated (tonnes)
Northern Europe,2020.0,2404930.627,EN_EWT_GENV,E-waste generated (tonnes)
Northern Europe,2021.0,2433449.058,EN_EWT_GENV,E-waste generated (tonnes)
Northern Europe,2022.0,2455974.178,EN_EWT_GENV,E-waste generated (tonnes)
Northern Europe,2023.0,2474058.163,EN_EWT_GENV,E-waste generated (tonnes)
Northern Europe,2024.0,2488897.625,EN_EWT_GENV,E-waste generated (tonnes)
Northern Europe,2025.0,2501246.75,EN_EWT_GENV,E-waste generated (tonnes)
Oceania,2010.0,451556.8453,EN_EWT_GENV,E-waste generated (tonnes)
Oceania,2011.0,479566.0496,EN_EWT_GENV,E-waste generated (tonnes)
Oceania,2012.0,507749.5039,EN_EWT_GENV,E-waste generated (tonnes)
Oceania,2013.0,535528.1336,EN_EWT_GENV,E-waste generated (tonnes)
Oceania,2014.0,562583.3751,EN_EWT_GENV,E-waste generated (tonnes)
Oceania,2015.0,588493.0279,EN_EWT_GENV,E-waste generated (tonnes)
Oceania,2016.0,611805.7542,EN_EWT_GENV,E-waste generated (tonnes)
Oceania,2017.0,632580.2496,EN_EWT_GENV,E-waste generated (tonnes)
Oceania,2018.0,650903.48,EN_EWT_GENV,E-waste generated (tonnes)
Oceania,2019.0,667363.4681,EN_EWT_GENV,E-waste generated (tonnes)
Oceania,2020.0,682389.9728,EN_EWT_GENV,E-waste generated (tonnes)
Oceania,2021.0,695574.0439,EN_EWT_GENV,E-waste generated (tonnes)
Oceania,2022.0,706969.4495,EN_EWT_GENV,E-waste generated (tonnes)
Oceania,2023.0,717225.8533,EN_EWT_GENV,E-waste generated (tonnes)
Oceania,2024.0,727042.6727,EN_EWT_GENV,E-waste generated (tonnes)
Oceania,2025.0,736830.9013,EN_EWT_GENV,E-waste generated (tonnes)
Oceania (exc. Australia and New Zealand),2010.0,11080.76648,EN_EWT_GENV,E-waste generated (tonnes)
Oceania (exc. Australia and New Zealand),2011.0,11978.33862,EN_EWT_GENV,E-waste generated (tonnes)
Oceania (exc. Australia and New Zealand),2012.0,12902.45314,EN_EWT_GENV,E-waste generated (tonnes)
Oceania (exc. Australia and New Zealand),2013.0,13807.96149,EN_EWT_GENV,E-waste generated (tonnes)
Oceania (exc. Australia and New Zealand),2014.0,14792.04446,EN_EWT_GENV,E-waste generated (tonnes)
Oceania (exc. Australia and New Zealand),2015.0,15804.87704,EN_EWT_GENV,E-waste generated (tonnes)
Oceania (exc. Australia and New Zealand),2016.0,16871.03177,EN_EWT_GENV,E-waste generated (tonnes)
Oceania (exc. Australia and New Zealand),2017.0,17943.66956,EN_EWT_GENV,E-waste generated (tonnes)
Oceania (exc. Australia and New Zealand),2018.0,19057.72156,EN_EWT_GENV,E-waste generated (tonnes)
Oceania (exc. Australia and New Zealand),2019.0,20221.26355,EN_EWT_GENV,E-waste generated (tonnes)
Oceania (exc. Australia and New Zealand),2020.0,21319.43633,EN_EWT_GENV,E-waste generated (tonnes)
Oceania (exc. Australia and New Zealand),2021.0,22306.40668,EN_EWT_GENV,E-waste generated (tonnes)
Oceania (exc. Australia and New Zealand),2022.0,23237.27942,EN_EWT_GENV,E-waste generated (tonnes)
Oceania (exc. Australia and New Zealand),2023.0,24136.354,EN_EWT_GENV,E-waste generated (tonnes)
Oceania (exc. Australia and New Zealand),2024.0,25026.22508,EN_EWT_GENV,E-waste generated (tonnes)
Oceania (exc. Australia and New Zealand),2025.0,25911.24005,EN_EWT_GENV,E-waste generated (tonnes)
Oman,2023.0,152068,EN_EWT_GENV,E-waste generated (tonnes)
Oman,2024.0,212638.4,EN_EWT_GENV,E-waste generated (tonnes)
Poland,2021.0,506455,EN_EWT_GENV,E-waste generated (tonnes)
Poland,2022.0,535018,EN_EWT_GENV,E-waste generated (tonnes)
Poland,2023.0,533931,EN_EWT_GENV,E-waste generated (tonnes)
Polynesia,2010.0,825.89134,EN_EWT_GENV,E-waste generated (tonnes)
Polynesia,2011.0,867.41544,EN_EWT_GENV,E-waste generated (tonnes)
Polynesia,2012.0,900.40582,EN_EWT_GENV,E-waste generated (tonnes)
Polynesia,2013.0,924.48845,EN_EWT_GENV,E-waste generated (tonnes)
Polynesia,2014.0,943.80228,EN_EWT_GENV,E-waste generated (tonnes)
Polynesia,2015.0,960.52299,EN_EWT_GENV,E-waste generated (tonnes)
Polynesia,2016.0,977.52321,EN_EWT_GENV,E-waste generated (tonnes)
Polynesia,2017.0,997.98617,EN_EWT_GENV,E-waste generated (tonnes)
Polynesia,2018.0,1020.8167,EN_EWT_GENV,E-waste generated (tonnes)
Polynesia,2019.0,1047.57193,EN_EWT_GENV,E-waste generated (tonnes)
Polynesia,2020.0,1075.97443,EN_EWT_GENV,E-waste generated (tonnes)
Polynesia,2021.0,1104.06268,EN_EWT_GENV,E-waste generated (tonnes)
Polynesia,2022.0,1132.21416,EN_EWT_GENV,E-waste generated (tonnes)
Polynesia,2023.0,1154.55551,EN_EWT_GENV,E-waste generated (tonnes)
Polynesia,2024.0,1174.65592,EN_EWT_GENV,E-waste generated (tonnes)
Polynesia,2025.0,1194.13354,EN_EWT_GENV,E-waste generated (tonnes)
Republic of Korea,2000.0,251120,EN_EWT_GENV,E-waste generated (tonnes)
Republic of Korea,2005.0,352740,EN_EWT_GENV,E-waste generated (tonnes)
Republic of Korea,2010.0,502680,EN_EWT_GENV,E-waste generated (tonnes)
Republic of Korea,2011.0,541720,EN_EWT_GENV,E-waste generated (tonnes)
Republic of Korea,2012.0,582870,EN_EWT_GENV,E-waste generated (tonnes)
Republic of Korea,2013.0,623810,EN_EWT_GENV,E-waste generated (tonnes)
Republic of Korea,2014.0,664190,EN_EWT_GENV,E-waste generated (tonnes)
Republic of Korea,2015.0,703330,EN_EWT_GENV,E-waste generated (tonnes)
Republic of Korea,2016.0,740070,EN_EWT_GENV,E-waste generated (tonnes)
Republic of Korea,2017.0,776180,EN_EWT_GENV,E-waste generated (tonnes)
Republic of Korea,2018.0,810540,EN_EWT_GENV,E-waste generated (tonnes)
Republic of Korea,2019.0,842470,EN_EWT_GENV,E-waste generated (tonnes)
Republic of Korea,2020.0,872920,EN_EWT_GENV,E-waste generated (tonnes)
Republic of Korea,2021.0,902490,EN_EWT_GENV,E-waste generated (tonnes)
Republic of Korea,2022.0,929920,EN_EWT_GENV,E-waste generated (tonnes)
Republic of Korea,2023.0,954060,EN_EWT_GENV,E-waste generated (tonnes)
Republic of Moldova,2021.0,193,EN_EWT_GENV,E-waste generated (tonnes)
Saudi Arabia,2018.0,508000,EN_EWT_GENV,E-waste generated (tonnes)
Senegal,2005.0,464000,EN_EWT_GENV,E-waste generated (tonnes)
Senegal,2006.0,414000,EN_EWT_GENV,E-waste generated (tonnes)
Senegal,2007.0,670000,EN_EWT_GENV,E-waste generated (tonnes)
Senegal,2008.0,872000,EN_EWT_GENV,E-waste generated (tonnes)
Senegal,2009.0,1165000,EN_EWT_GENV,E-waste generated (tonnes)
Senegal,2010.0,1541000,EN_EWT_GENV,E-waste generated (tonnes)
Senegal,2011.0,2021000,EN_EWT_GENV,E-waste generated (tonnes)
Senegal,2012.0,1259000,EN_EWT_GENV,E-waste generated (tonnes)
Senegal,2013.0,1505000,EN_EWT_GENV,E-waste generated (tonnes)
Senegal,2014.0,1801000,EN_EWT_GENV,E-waste generated (tonnes)
Senegal,2015.0,2157000,EN_EWT_GENV,E-waste generated (tonnes)
Senegal,2016.0,3084000,EN_EWT_GENV,E-waste generated (tonnes)
Senegal,2017.0,4410000,EN_EWT_GENV,E-waste generated (tonnes)
Small island developing States (SIDS),2010.0,259153.1082,EN_EWT_GENV,E-waste generated (tonnes)
Small island developing States (SIDS),2011.0,276648.8273,EN_EWT_GENV,E-waste generated (tonnes)
Small island developing States (SIDS),2012.0,293985.0874,EN_EWT_GENV,E-waste generated (tonnes)
Small island developing States (SIDS),2013.0,310863.6587,EN_EWT_GENV,E-waste generated (tonnes)
Small island developing States (SIDS),2014.0,326812.6146,EN_EWT_GENV,E-waste generated (tonnes)
Small island developing States (SIDS),2015.0,342103.2319,EN_EWT_GENV,E-waste generated (tonnes)
Small island developing States (SIDS),2016.0,356812.5857,EN_EWT_GENV,E-waste generated (tonnes)
Small island developing States (SIDS),2017.0,370894.721,EN_EWT_GENV,E-waste generated (tonnes)
Small island developing States (SIDS),2018.0,384732.8722,EN_EWT_GENV,E-waste generated (tonnes)
Small island developing States (SIDS),2019.0,398068.8181,EN_EWT_GENV,E-waste generated (tonnes)
Small island developing States (SIDS),2020.0,410104.1562,EN_EWT_GENV,E-waste generated (tonnes)
Small island developing States (SIDS),2021.0,421235.8547,EN_EWT_GENV,E-waste generated (tonnes)
Small island developing States (SIDS),2022.0,432213.3645,EN_EWT_GENV,E-waste generated (tonnes)
Small island developing States (SIDS),2023.0,443508.6351,EN_EWT_GENV,E-waste generated (tonnes)
Small island developing States (SIDS),2024.0,455233.64,EN_EWT_GENV,E-waste generated (tonnes)
Small island developing States (SIDS),2025.0,467442.2424,EN_EWT_GENV,E-waste generated (tonnes)
South Africa,2018.0,73186588.9,EN_EWT_GENV,E-waste generated (tonnes)
South Africa,2019.0,151944890,EN_EWT_GENV,E-waste generated (tonnes)
South Africa,2020.0,67058740,EN_EWT_GENV,E-waste generated (tonnes)
South Africa,2021.0,5484820,EN_EWT_GENV,E-waste generated (tonnes)
South Africa,2022.0,65315900,EN_EWT_GENV,E-waste generated (tonnes)
South Africa,2023.0,108000,EN_EWT_GENV,E-waste generated (tonnes)
South America,2010.0,2285389.363,EN_EWT_GENV,E-waste generated (tonnes)
South America,2011.0,2481276.377,EN_EWT_GENV,E-waste generated (tonnes)
South America,2012.0,2686202.68,EN_EWT_GENV,E-waste generated (tonnes)
South America,2013.0,2892960.589,EN_EWT_GENV,E-waste generated (tonnes)
South America,2014.0,3096093.303,EN_EWT_GENV,E-waste generated (tonnes)
South America,2015.0,3297028.409,EN_EWT_GENV,E-waste generated (tonnes)
South America,2016.0,3491122.29,EN_EWT_GENV,E-waste generated (tonnes)
South America,2017.0,3678584.414,EN_EWT_GENV,E-waste generated (tonnes)
South America,2018.0,3859093.284,EN_EWT_GENV,E-waste generated (tonnes)
South America,2019.0,4025017.615,EN_EWT_GENV,E-waste generated (tonnes)
South America,2020.0,4164649.131,EN_EWT_GENV,E-waste generated (tonnes)
South America,2021.0,4292661.652,EN_EWT_GENV,E-waste generated (tonnes)
South America,2022.0,4412766.531,EN_EWT_GENV,E-waste generated (tonnes)
South America,2023.0,4527599.919,EN_EWT_GENV,E-waste generated (tonnes)
South America,2024.0,4638023.023,EN_EWT_GENV,E-waste generated (tonnes)
South America,2025.0,4745061.09,EN_EWT_GENV,E-waste generated (tonnes)
South-Eastern Asia,2010.0,2044764.722,EN_EWT_GENV,E-waste generated (tonnes)
South-Eastern Asia,2011.0,2238576.351,EN_EWT_GENV,E-waste generated (tonnes)
South-Eastern Asia,2012.0,2436611.842,EN_EWT_GENV,E-waste generated (tonnes)
South-Eastern Asia,2013.0,2631338.552,EN_EWT_GENV,E-waste generated (tonnes)
South-Eastern Asia,2014.0,2813571.101,EN_EWT_GENV,E-waste generated (tonnes)
South-Eastern Asia,2015.0,2993362.98,EN_EWT_GENV,E-waste generated (tonnes)
South-Eastern Asia,2016.0,3176172.662,EN_EWT_GENV,E-waste generated (tonnes)
South-Eastern Asia,2017.0,3368623.71,EN_EWT_GENV,E-waste generated (tonnes)
South-Eastern Asia,2018.0,3573308.715,EN_EWT_GENV,E-waste generated (tonnes)
South-Eastern Asia,2019.0,3778745.327,EN_EWT_GENV,E-waste generated (tonnes)
South-Eastern Asia,2020.0,3971804.513,EN_EWT_GENV,E-waste generated (tonnes)
South-Eastern Asia,2021.0,4162606.143,EN_EWT_GENV,E-waste generated (tonnes)
South-Eastern Asia,2022.0,4362303.318,EN_EWT_GENV,E-waste generated (tonnes)
South-Eastern Asia,2023.0,4572903.025,EN_EWT_GENV,E-waste generated (tonnes)
South-Eastern Asia,2024.0,4792502.007,EN_EWT_GENV,E-waste generated (tonnes)
South-Eastern Asia,2025.0,5020609.782,EN_EWT_GENV,E-waste generated (tonnes)
Southern Africa,2010.0,317138.2493,EN_EWT_GENV,E-waste generated (tonnes)
Southern Africa,2011.0,344115.8808,EN_EWT_GENV,E-waste generated (tonnes)
Southern Africa,2012.0,371574.7322,EN_EWT_GENV,E-waste generated (tonnes)
Southern Africa,2013.0,397740.6686,EN_EWT_GENV,E-waste generated (tonnes)
Southern Africa,2014.0,421988.101,EN_EWT_GENV,E-waste generated (tonnes)
Southern Africa,2015.0,444819.0546,EN_EWT_GENV,E-waste generated (tonnes)
Southern Africa,2016.0,466880.5491,EN_EWT_GENV,E-waste generated (tonnes)
Southern Africa,2017.0,488703.333,EN_EWT_GENV,E-waste generated (tonnes)
Southern Africa,2018.0,510342.3044,EN_EWT_GENV,E-waste generated (tonnes)
Southern Africa,2019.0,530456.9612,EN_EWT_GENV,E-waste generated (tonnes)
Southern Africa,2020.0,547046.0605,EN_EWT_GENV,E-waste generated (tonnes)
Southern Africa,2021.0,561948.8072,EN_EWT_GENV,E-waste generated (tonnes)
Southern Africa,2022.0,577588.0477,EN_EWT_GENV,E-waste generated (tonnes)
Southern Africa,2023.0,594421.1016,EN_EWT_GENV,E-waste generated (tonnes)
Southern Africa,2024.0,612051.1813,EN_EWT_GENV,E-waste generated (tonnes)
Southern Africa,2025.0,630392.4429,EN_EWT_GENV,E-waste generated (tonnes)
Southern Asia,2010.0,1882895.571,EN_EWT_GENV,E-waste generated (tonnes)
Southern Asia,2011.0,2100913.746,EN_EWT_GENV,E-waste generated (tonnes)
Southern Asia,2012.0,2329363.753,EN_EWT_GENV,E-waste generated (tonnes)
Southern Asia,2013.0,2564629.045,EN_EWT_GENV,E-waste generated (tonnes)
Southern Asia,2014.0,2818352.075,EN_EWT_GENV,E-waste generated (tonnes)
Southern Asia,2015.0,3104553.222,EN_EWT_GENV,E-waste generated (tonnes)
Southern Asia,2016.0,3436769.787,EN_EWT_GENV,E-waste generated (tonnes)
Southern Asia,2017.0,3808235.914,EN_EWT_GENV,E-waste generated (tonnes)
Southern Asia,2018.0,4221490.308,EN_EWT_GENV,E-waste generated (tonnes)
Southern Asia,2019.0,4674141.381,EN_EWT_GENV,E-waste generated (tonnes)
Southern Asia,2020.0,5140027.2,EN_EWT_GENV,E-waste generated (tonnes)
Southern Asia,2021.0,5618249.474,EN_EWT_GENV,E-waste generated (tonnes)
Southern Asia,2022.0,6140335.961,EN_EWT_GENV,E-waste generated (tonnes)
Southern Asia,2023.0,6694251.967,EN_EWT_GENV,E-waste generated (tonnes)
Southern Asia,2024.0,7270452.291,EN_EWT_GENV,E-waste generated (tonnes)
Southern Asia,2025.0,7861215.802,EN_EWT_GENV,E-waste generated (tonnes)
Southern Europe,2010.0,2348542.204,EN_EWT_GENV,E-waste generated (tonnes)
Southern Europe,2011.0,2424984.642,EN_EWT_GENV,E-waste generated (tonnes)
Southern Europe,2012.0,2486538.857,EN_EWT_GENV,E-waste generated (tonnes)
Southern Europe,2013.0,2534757.463,EN_EWT_GENV,E-waste generated (tonnes)
Southern Europe,2014.0,2571769.811,EN_EWT_GENV,E-waste generated (tonnes)
Southern Europe,2015.0,2600772.709,EN_EWT_GENV,E-waste generated (tonnes)
Southern Europe,2016.0,2624777.722,EN_EWT_GENV,E-waste generated (tonnes)
Southern Europe,2017.0,2643304.746,EN_EWT_GENV,E-waste generated (tonnes)
Southern Europe,2018.0,2657363.489,EN_EWT_GENV,E-waste generated (tonnes)
Southern Europe,2019.0,2668981.934,EN_EWT_GENV,E-waste generated (tonnes)
Southern Europe,2020.0,2676838.939,EN_EWT_GENV,E-waste generated (tonnes)
Southern Europe,2021.0,2687191.697,EN_EWT_GENV,E-waste generated (tonnes)
Southern Europe,2022.0,2699456.109,EN_EWT_GENV,E-waste generated (tonnes)
Southern Europe,2023.0,2713564.209,EN_EWT_GENV,E-waste generated (tonnes)
Southern Europe,2024.0,2729476.658,EN_EWT_GENV,E-waste generated (tonnes)
Southern Europe,2025.0,2746637.344,EN_EWT_GENV,E-waste generated (tonnes)
Spain,2021.0,676267,EN_EWT_GENV,E-waste generated (tonnes)
Spain,2022.0,675816,EN_EWT_GENV,E-waste generated (tonnes)
Spain,2023.0,804363,EN_EWT_GENV,E-waste generated (tonnes)
State of Palestine,2016.0,600900,EN_EWT_GENV,E-waste generated (tonnes)
State of Palestine,2019.0,20000,EN_EWT_GENV,E-waste generated (tonnes)
Sub-Saharan Africa,2010.0,876922.9435,EN_EWT_GENV,E-waste generated (tonnes)
Sub-Saharan Africa,2011.0,978824.4251,EN_EWT_GENV,E-waste generated (tonnes)
Sub-Saharan Africa,2012.0,1084035.271,EN_EWT_GENV,E-waste generated (tonnes)
Sub-Saharan Africa,2013.0,1190225.585,EN_EWT_GENV,E-waste generated (tonnes)
Sub-Saharan Africa,2014.0,1294765.261,EN_EWT_GENV,E-waste generated (tonnes)
Sub-Saharan Africa,2015.0,1397449.226,EN_EWT_GENV,E-waste generated (tonnes)
Sub-Saharan Africa,2016.0,1500450.859,EN_EWT_GENV,E-waste generated (tonnes)
Sub-Saharan Africa,2017.0,1604052.124,EN_EWT_GENV,E-waste generated (tonnes)
Sub-Saharan Africa,2018.0,1705471.85,EN_EWT_GENV,E-waste generated (tonnes)
Sub-Saharan Africa,2019.0,1802966.523,EN_EWT_GENV,E-waste generated (tonnes)
Sub-Saharan Africa,2020.0,1893071.855,EN_EWT_GENV,E-waste generated (tonnes)
Sub-Saharan Africa,2021.0,1979393.585,EN_EWT_GENV,E-waste generated (tonnes)
Sub-Saharan Africa,2022.0,2067149.928,EN_EWT_GENV,E-waste generated (tonnes)
Sub-Saharan Africa,2023.0,2159259.692,EN_EWT_GENV,E-waste generated (tonnes)
Sub-Saharan Africa,2024.0,2255591.543,EN_EWT_GENV,E-waste generated (tonnes)
Sub-Saharan Africa,2025.0,2355750.509,EN_EWT_GENV,E-waste generated (tonnes)
Suriname,2000.0,621465.9,EN_EWT_GENV,E-waste generated (tonnes)
Suriname,2001.0,824757.2,EN_EWT_GENV,E-waste generated (tonnes)
Suriname,2002.0,978496.8,EN_EWT_GENV,E-waste generated (tonnes)
Suriname,2003.0,1127425.7,EN_EWT_GENV,E-waste generated (tonnes)
Suriname,2004.0,1256996.1,EN_EWT_GENV,E-waste generated (tonnes)
Suriname,2005.0,1348281.4,EN_EWT_GENV,E-waste generated (tonnes)
Suriname,2006.0,1434141.7,EN_EWT_GENV,E-waste generated (tonnes)
Suriname,2007.0,1519603,EN_EWT_GENV,E-waste generated (tonnes)
Suriname,2008.0,1656840.5,EN_EWT_GENV,E-waste generated (tonnes)
Suriname,2009.0,1863529,EN_EWT_GENV,E-waste generated (tonnes)
Suriname,2010.0,2075374.1,EN_EWT_GENV,E-waste generated (tonnes)
Suriname,2011.0,2314956.7,EN_EWT_GENV,E-waste generated (tonnes)
Suriname,2012.0,2487781.3,EN_EWT_GENV,E-waste generated (tonnes)
Suriname,2013.0,2664660.5,EN_EWT_GENV,E-waste generated (tonnes)
Suriname,2014.0,2879930.8,EN_EWT_GENV,E-waste generated (tonnes)
Suriname,2015.0,3133749.3,EN_EWT_GENV,E-waste generated (tonnes)
Suriname,2016.0,3394494.2,EN_EWT_GENV,E-waste generated (tonnes)
Suriname,2017.0,3451187,EN_EWT_GENV,E-waste generated (tonnes)
Suriname,2018.0,3491829.6,EN_EWT_GENV,E-waste generated (tonnes)
Suriname,2019.0,3537307.4,EN_EWT_GENV,E-waste generated (tonnes)
Suriname,2020.0,3561318.3,EN_EWT_GENV,E-waste generated (tonnes)
Suriname,2021.0,3582066.6,EN_EWT_GENV,E-waste generated (tonnes)
Thailand,2012.0,131180,EN_EWT_GENV,E-waste generated (tonnes)
Thailand,2013.0,368340,EN_EWT_GENV,E-waste generated (tonnes)
Thailand,2014.0,376800,EN_EWT_GENV,E-waste generated (tonnes)
Thailand,2015.0,384230,EN_EWT_GENV,E-waste generated (tonnes)
Thailand,2016.0,393070,EN_EWT_GENV,E-waste generated (tonnes)
Thailand,2017.0,401380,EN_EWT_GENV,E-waste generated (tonnes)
Thailand,2018.0,414650,EN_EWT_GENV,E-waste generated (tonnes)
Thailand,2019.0,421330,EN_EWT_GENV,E-waste generated (tonnes)
Thailand,2020.0,428110,EN_EWT_GENV,E-waste generated (tonnes)
Thailand,2021.0,435190,EN_EWT_GENV,E-waste generated (tonnes)
Thailand,2022.0,439450,EN_EWT_GENV,E-waste generated (tonnes)
Thailand,2023.0,442250,EN_EWT_GENV,E-waste generated (tonnes)
Uganda,2000.0,2838461.914,EN_EWT_GENV,E-waste generated (tonnes)
Uganda,2001.0,3030165.771,EN_EWT_GENV,E-waste generated (tonnes)
Uganda,2002.0,3263093.262,EN_EWT_GENV,E-waste generated (tonnes)
Uganda,2003.0,3544221.924,EN_EWT_GENV,E-waste generated (tonnes)
Uganda,2004.0,3797838.135,EN_EWT_GENV,E-waste generated (tonnes)
Uganda,2005.0,4218316.406,EN_EWT_GENV,E-waste generated (tonnes)
Uganda,2006.0,4667226.563,EN_EWT_GENV,E-waste generated (tonnes)
Uganda,2007.0,5680753.906,EN_EWT_GENV,E-waste generated (tonnes)
Uganda,2008.0,6928750.488,EN_EWT_GENV,E-waste generated (tonnes)
Uganda,2009.0,7703399.902,EN_EWT_GENV,E-waste generated (tonnes)
Uganda,2010.0,8768211.914,EN_EWT_GENV,E-waste generated (tonnes)
Uganda,2011.0,10059601.56,EN_EWT_GENV,E-waste generated (tonnes)
Uganda,2012.0,11487977.54,EN_EWT_GENV,E-waste generated (tonnes)
Uganda,2013.0,13027170.9,EN_EWT_GENV,E-waste generated (tonnes)
Uganda,2014.0,15117535.16,EN_EWT_GENV,E-waste generated (tonnes)
Uganda,2015.0,16473212.89,EN_EWT_GENV,E-waste generated (tonnes)
Uganda,2016.0,17635779.3,EN_EWT_GENV,E-waste generated (tonnes)
Uganda,2017.0,18547044.92,EN_EWT_GENV,E-waste generated (tonnes)
Ukraine,2010.0,12900,EN_EWT_GENV,E-waste generated (tonnes)
Ukraine,2011.0,6000,EN_EWT_GENV,E-waste generated (tonnes)
Ukraine,2012.0,5900,EN_EWT_GENV,E-waste generated (tonnes)
Ukraine,2013.0,8200,EN_EWT_GENV,E-waste generated (tonnes)
Ukraine,2014.0,6400,EN_EWT_GENV,E-waste generated (tonnes)
Ukraine,2015.0,7200,EN_EWT_GENV,E-waste generated (tonnes)
Ukraine,2016.0,4000,EN_EWT_GENV,E-waste generated (tonnes)
Ukraine,2017.0,4100,EN_EWT_GENV,E-waste generated (tonnes)
Ukraine,2018.0,3800,EN_EWT_GENV,E-waste generated (tonnes)
Ukraine,2019.0,4500,EN_EWT_GENV,E-waste generated (tonnes)
United Republic of Tanzania,2000.0,1409100,EN_EWT_GENV,E-waste generated (tonnes)
United Republic of Tanzania,2001.0,2523400,EN_EWT_GENV,E-waste generated (tonnes)
United Republic of Tanzania,2002.0,3880400,EN_EWT_GENV,E-waste generated (tonnes)
United Republic of Tanzania,2003.0,5444900,EN_EWT_GENV,E-waste generated (tonnes)
United Republic of Tanzania,2004.0,7131500,EN_EWT_GENV,E-waste generated (tonnes)
United Republic of Tanzania,2005.0,8822100,EN_EWT_GENV,E-waste generated (tonnes)
United Republic of Tanzania,2006.0,10606900,EN_EWT_GENV,E-waste generated (tonnes)
United Republic of Tanzania,2007.0,12534300,EN_EWT_GENV,E-waste generated (tonnes)
United Republic of Tanzania,2008.0,14709600,EN_EWT_GENV,E-waste generated (tonnes)
United Republic of Tanzania,2009.0,17134200,EN_EWT_GENV,E-waste generated (tonnes)
United Republic of Tanzania,2010.0,19569500,EN_EWT_GENV,E-waste generated (tonnes)
United Republic of Tanzania,2011.0,22066500,EN_EWT_GENV,E-waste generated (tonnes)
United Republic of Tanzania,2012.0,24563900,EN_EWT_GENV,E-waste generated (tonnes)
United Republic of Tanzania,2013.0,26903400,EN_EWT_GENV,E-waste generated (tonnes)
United Republic of Tanzania,2014.0,29126500,EN_EWT_GENV,E-waste generated (tonnes)
United Republic of Tanzania,2015.0,31369500,EN_EWT_GENV,E-waste generated (tonnes)
United Republic of Tanzania,2016.0,33725200,EN_EWT_GENV,E-waste generated (tonnes)
United Republic of Tanzania,2017.0,35755100,EN_EWT_GENV,E-waste generated (tonnes)
United States of America,2000.0,5969275.589,EN_EWT_GENV,E-waste generated (tonnes)
United States of America,2005.0,6731310.771,EN_EWT_GENV,E-waste generated (tonnes)
United States of America,2010.0,8137447.118,EN_EWT_GENV,E-waste generated (tonnes)
United States of America,2015.0,9080919.247,EN_EWT_GENV,E-waste generated (tonnes)
United States of America,2017.0,9180709.569,EN_EWT_GENV,E-waste generated (tonnes)
United States of America,2018.0,9171637.721,EN_EWT_GENV,E-waste generated (tonnes)
Uzbekistan,2016.0,1300,EN_EWT_GENV,E-waste generated (tonnes)
Uzbekistan,2019.0,114000,EN_EWT_GENV,E-waste generated (tonnes)
Uzbekistan,2020.0,24000,EN_EWT_GENV,E-waste generated (tonnes)
Uzbekistan,2021.0,329418,EN_EWT_GENV,E-waste generated (tonnes)
Western Africa,2010.0,274634.5203,EN_EWT_GENV,E-waste generated (tonnes)
Western Africa,2011.0,312583.5228,EN_EWT_GENV,E-waste generated (tonnes)
Western Africa,2012.0,351991.4503,EN_EWT_GENV,E-waste generated (tonnes)
Western Africa,2013.0,392615.1737,EN_EWT_GENV,E-waste generated (tonnes)
Western Africa,2014.0,432489.0148,EN_EWT_GENV,E-waste generated (tonnes)
Western Africa,2015.0,473046.8521,EN_EWT_GENV,E-waste generated (tonnes)
Western Africa,2016.0,514702.4171,EN_EWT_GENV,E-waste generated (tonnes)
Western Africa,2017.0,557291.5839,EN_EWT_GENV,E-waste generated (tonnes)
Western Africa,2018.0,598841.8445,EN_EWT_GENV,E-waste generated (tonnes)
Western Africa,2019.0,639251.113,EN_EWT_GENV,E-waste generated (tonnes)
Western Africa,2020.0,678001.6816,EN_EWT_GENV,E-waste generated (tonnes)
Western Africa,2021.0,714970.0055,EN_EWT_GENV,E-waste generated (tonnes)
Western Africa,2022.0,752059.2348,EN_EWT_GENV,E-waste generated (tonnes)
Western Africa,2023.0,790231.8556,EN_EWT_GENV,E-waste generated (tonnes)
Western Africa,2024.0,829958.2386,EN_EWT_GENV,E-waste generated (tonnes)
Western Africa,2025.0,871268.4971,EN_EWT_GENV,E-waste generated (tonnes)
Western Asia,2010.0,1498426.723,EN_EWT_GENV,E-waste generated (tonnes)
Western Asia,2011.0,1621915.405,EN_EWT_GENV,E-waste generated (tonnes)
Western Asia,2012.0,1750256.034,EN_EWT_GENV,E-waste generated (tonnes)
Western Asia,2013.0,1880593.366,EN_EWT_GENV,E-waste generated (tonnes)
Western Asia,2014.0,2009405.208,EN_EWT_GENV,E-waste generated (tonnes)
Western Asia,2015.0,2132723.217,EN_EWT_GENV,E-waste generated (tonnes)
Western Asia,2016.0,2255590.604,EN_EWT_GENV,E-waste generated (tonnes)
Western Asia,2017.0,2379143.805,EN_EWT_GENV,E-waste generated (tonnes)
Western Asia,2018.0,2499320.526,EN_EWT_GENV,E-waste generated (tonnes)
Western Asia,2019.0,2619464.676,EN_EWT_GENV,E-waste generated (tonnes)
Western Asia,2020.0,2732956.523,EN_EWT_GENV,E-waste generated (tonnes)
Western Asia,2021.0,2843871.615,EN_EWT_GENV,E-waste generated (tonnes)
Western Asia,2022.0,2956668.216,EN_EWT_GENV,E-waste generated (tonnes)
Western Asia,2023.0,3071321.993,EN_EWT_GENV,E-waste generated (tonnes)
Western Asia,2024.0,3187239.503,EN_EWT_GENV,E-waste generated (tonnes)
Western Asia,2025.0,3304325.311,EN_EWT_GENV,E-waste generated (tonnes)
Western Europe,2010.0,3388477.272,EN_EWT_GENV,E-waste generated (tonnes)
Western Europe,2011.0,3506444.817,EN_EWT_GENV,E-waste generated (tonnes)
Western Europe,2012.0,3613383.772,EN_EWT_GENV,E-waste generated (tonnes)
Western Europe,2013.0,3708011.953,EN_EWT_GENV,E-waste generated (tonnes)
Western Europe,2014.0,3791409.952,EN_EWT_GENV,E-waste generated (tonnes)
Western Europe,2015.0,3867094.919,EN_EWT_GENV,E-waste generated (tonnes)
Western Europe,2016.0,3936099.691,EN_EWT_GENV,E-waste generated (tonnes)
Western Europe,2017.0,3999449.876,EN_EWT_GENV,E-waste generated (tonnes)
Western Europe,2018.0,4057126.233,EN_EWT_GENV,E-waste generated (tonnes)
Western Europe,2019.0,4111453.412,EN_EWT_GENV,E-waste generated (tonnes)
Western Europe,2020.0,4159561.513,EN_EWT_GENV,E-waste generated (tonnes)
Western Europe,2021.0,4203466.151,EN_EWT_GENV,E-waste generated (tonnes)
Western Europe,2022.0,4243028.373,EN_EWT_GENV,E-waste generated (tonnes)
Western Europe,2023.0,4279477.78,EN_EWT_GENV,E-waste generated (tonnes)
Western Europe,2024.0,4313896.599,EN_EWT_GENV,E-waste generated (tonnes)
Western Europe,2025.0,4346756.598,EN_EWT_GENV,E-waste generated (tonnes)
World,2010.0,34157206.83,EN_EWT_GENV,E-waste generated (tonnes)
World,2011.0,36685173.88,EN_EWT_GENV,E-waste generated (tonnes)
World,2012.0,39228398.89,EN_EWT_GENV,E-waste generated (tonnes)
World,2013.0,41708056.94,EN_EWT_GENV,E-waste generated (tonnes)
World,2014.0,44052078.62,EN_EWT_GENV,E-waste generated (tonnes)
World,2015.0,46314401.98,EN_EWT_GENV,E-waste generated (tonnes)
World,2016.0,48570084.46,EN_EWT_GENV,E-waste generated (tonnes)
World,2017.0,50826785.96,EN_EWT_GENV,E-waste generated (tonnes)
World,2018.0,53136283.05,EN_EWT_GENV,E-waste generated (tonnes)
World,2019.0,55459345.21,EN_EWT_GENV,E-waste generated (tonnes)
World,2020.0,57638637.54,EN_EWT_GENV,E-waste generated (tonnes)
World,2021.0,59753819.45,EN_EWT_GENV,E-waste generated (tonnes)
World,2022.0,61908365.36,EN_EWT_GENV,E-waste generated (tonnes)
World,2023.0,64170843.24,EN_EWT_GENV,E-waste generated (tonnes)
World,2024.0,66542334.88,EN_EWT_GENV,E-waste generated (tonnes)
World,2025.0,69011429.46,EN_EWT_GENV,E-waste generated (tonnes)
Zimbabwe,2017.0,4000,EN_EWT_GENV,E-waste generated (tonnes)
Africa,2010.0,1.52928,EN_EWT_GENPCAP,E-waste generated per capita (kg)
Africa,2011.0,1.64421,EN_EWT_GENPCAP,E-waste generated per capita (kg)
Africa,2012.0,1.7531,EN_EWT_GENPCAP,E-waste generated per capita (kg)
Africa,2013.0,1.85266,EN_EWT_GENPCAP,E-waste generated per capita (kg)
Africa,2014.0,1.9432,EN_EWT_GENPCAP,E-waste generated per capita (kg)
Africa,2015.0,2.02592,EN_EWT_GENPCAP,E-waste generated per capita (kg)
Africa,2016.0,2.10446,EN_EWT_GENPCAP,E-waste generated per capita (kg)
Africa,2017.0,2.18051,EN_EWT_GENPCAP,E-waste generated per capita (kg)
Africa,2018.0,2.25146,EN_EWT_GENPCAP,E-waste generated per capita (kg)
Africa,2019.0,2.31554,EN_EWT_GENPCAP,E-waste generated per capita (kg)
Africa,2020.0,2.36673,EN_EWT_GENPCAP,E-waste generated per capita (kg)
Africa,2021.0,2.41091,EN_EWT_GENPCAP,E-waste generated per capita (kg)
Africa,2022.0,2.45424,EN_EWT_GENPCAP,E-waste generated per capita (kg)
Africa,2023.0,2.49987,EN_EWT_GENPCAP,E-waste generated per capita (kg)
Africa,2024.0,2.5483,EN_EWT_GENPCAP,E-waste generated per capita (kg)
Africa,2025.0,2.59923,EN_EWT_GENPCAP,E-waste generated per capita (kg)
Americas,2010.0,9.70606,EN_EWT_GENPCAP,E-waste generated per capita (kg)
Americas,2011.0,10.22573,EN_EWT_GENPCAP,E-waste generated per capita (kg)
Americas,2012.0,10.73562,EN_EWT_GENPCAP,E-waste generated per capita (kg)
Americas,2013.0,11.21494,EN_EWT_GENPCAP,E-waste generated per capita (kg)
Americas,2014.0,11.64365,EN_EWT_GENPCAP,E-waste generated per capita (kg)
Americas,2015.0,12.03359,EN_EWT_GENPCAP,E-waste generated per capita (kg)
Americas,2016.0,12.3905,EN_EWT_GENPCAP,E-waste generated per capita (kg)
Americas,2017.0,12.69936,EN_EWT_GENPCAP,E-waste generated per capita (kg)
Americas,2018.0,12.98037,EN_EWT_GENPCAP,E-waste generated per capita (kg)
Americas,2019.0,13.24106,EN_EWT_GENPCAP,E-waste generated per capita (kg)
Americas,2020.0,13.48027,EN_EWT_GENPCAP,E-waste generated per capita (kg)
Americas,2021.0,13.72267,EN_EWT_GENPCAP,E-waste generated per capita (kg)
Americas,2022.0,13.94148,EN_EWT_GENPCAP,E-waste generated per capita (kg)
Americas,2023.0,14.13431,EN_EWT_GENPCAP,E-waste generated per capita (kg)
Americas,2024.0,14.32647,EN_EWT_GENPCAP,E-waste generated per capita (kg)
Americas,2025.0,14.52664,EN_EWT_GENPCAP,E-waste generated per capita (kg)
Asia,2010.0,3.12729,EN_EWT_GENPCAP,E-waste generated per capita (kg)
Asia,2011.0,3.40188,EN_EWT_GENPCAP,E-waste generated per capita (kg)
Asia,2012.0,3.67946,EN_EWT_GENPCAP,E-waste generated per capita (kg)
Asia,2013.0,3.94977,EN_EWT_GENPCAP,E-waste generated per capita (kg)
Asia,2014.0,4.20219,EN_EWT_GENPCAP,E-waste generated per capita (kg)
Asia,2015.0,4.44679,EN_EWT_GENPCAP,E-waste generated per capita (kg)
Asia,2016.0,4.69653,EN_EWT_GENPCAP,E-waste generated per capita (kg)
Asia,2017.0,4.95589,EN_EWT_GENPCAP,E-waste generated per capita (kg)
Asia,2018.0,5.23277,EN_EWT_GENPCAP,E-waste generated per capita (kg)
Asia,2019.0,5.51966,EN_EWT_GENPCAP,E-waste generated per capita (kg)
Asia,2020.0,5.79352,EN_EWT_GENPCAP,E-waste generated per capita (kg)
Asia,2021.0,6.06612,EN_EWT_GENPCAP,E-waste generated per capita (kg)
Asia,2022.0,6.34988,EN_EWT_GENPCAP,E-waste generated per capita (kg)
Asia,2023.0,6.64959,EN_EWT_GENPCAP,E-waste generated per capita (kg)
Asia,2024.0,6.96843,EN_EWT_GENPCAP,E-waste generated per capita (kg)
Asia,2025.0,7.30266,EN_EWT_GENPCAP,E-waste generated per capita (kg)
Australia,2000.0,4.51946,EN_EWT_GENPCAP,E-waste generated per capita (kg)
Australia,2005.0,8.42511,EN_EWT_GENPCAP,E-waste generated per capita (kg)
Australia,2010.0,13.4893,EN_EWT_GENPCAP,E-waste generated per capita (kg)
Australia,2011.0,14.62896,EN_EWT_GENPCAP,E-waste generated per capita (kg)
Australia,2012.0,15.67652,EN_EWT_GENPCAP,E-waste generated per capita (kg)
Australia,2013.0,16.62569,EN_EWT_GENPCAP,E-waste generated per capita (kg)
Australia,2014.0,17.50061,EN_EWT_GENPCAP,E-waste generated per capita (kg)
Australia,2015.0,18.26658,EN_EWT_GENPCAP,E-waste generated per capita (kg)
Australia,2016.0,18.90841,EN_EWT_GENPCAP,E-waste generated per capita (kg)
Australia,2017.0,19.41511,EN_EWT_GENPCAP,E-waste generated per capita (kg)
Australia,2018.0,19.85172,EN_EWT_GENPCAP,E-waste generated per capita (kg)
Australia,2019.0,20.14973,EN_EWT_GENPCAP,E-waste generated per capita (kg)
Australia,2020.0,20.46414,EN_EWT_GENPCAP,E-waste generated per capita (kg)
Australia,2021.0,20.93306,EN_EWT_GENPCAP,E-waste generated per capita (kg)
Australia,2022.0,21.00044,EN_EWT_GENPCAP,E-waste generated per capita (kg)
Australia and New Zealand,2010.0,16.62842,EN_EWT_GENPCAP,E-waste generated per capita (kg)
Australia and New Zealand,2011.0,17.40672,EN_EWT_GENPCAP,E-waste generated per capita (kg)
Australia and New Zealand,2012.0,18.14999,EN_EWT_GENPCAP,E-waste generated per capita (kg)
Australia and New Zealand,2013.0,18.84138,EN_EWT_GENPCAP,E-waste generated per capita (kg)
Australia and New Zealand,2014.0,19.48147,EN_EWT_GENPCAP,E-waste generated per capita (kg)
Australia and New Zealand,2015.0,20.05068,EN_EWT_GENPCAP,E-waste generated per capita (kg)
Australia and New Zealand,2016.0,20.4834,EN_EWT_GENPCAP,E-waste generated per capita (kg)
Australia and New Zealand,2017.0,20.80426,EN_EWT_GENPCAP,E-waste generated per capita (kg)
Australia and New Zealand,2018.0,21.04711,EN_EWT_GENPCAP,E-waste generated per capita (kg)
Australia and New Zealand,2019.0,21.23719,EN_EWT_GENPCAP,E-waste generated per capita (kg)
Australia and New Zealand,2020.0,21.45379,EN_EWT_GENPCAP,E-waste generated per capita (kg)
Australia and New Zealand,2021.0,21.67349,EN_EWT_GENPCAP,E-waste generated per capita (kg)
Australia and New Zealand,2022.0,21.82167,EN_EWT_GENPCAP,E-waste generated per capita (kg)
Australia and New Zealand,2023.0,21.91659,EN_EWT_GENPCAP,E-waste generated per capita (kg)
Australia and New Zealand,2024.0,21.98807,EN_EWT_GENPCAP,E-waste generated per capita (kg)
Australia and New Zealand,2025.0,22.06049,EN_EWT_GENPCAP,E-waste generated per capita (kg)
Bangladesh,2019.0,1.03323,EN_EWT_GENPCAP,E-waste generated per capita (kg)
Bangladesh,2020.0,0.99274,EN_EWT_GENPCAP,E-waste generated per capita (kg)
Bangladesh,2021.0,1.02484,EN_EWT_GENPCAP,E-waste generated per capita (kg)
Belarus,2022.0,8.86154,EN_EWT_GENPCAP,E-waste generated per capita (kg)
Belarus,2023.0,9.04858,EN_EWT_GENPCAP,E-waste generated per capita (kg)
Bhutan,2019.0,1.34672,EN_EWT_GENPCAP,E-waste generated per capita (kg)
Bosnia and Herzegovina,2019.0,8.08,EN_EWT_GENPCAP,E-waste generated per capita (kg)
Bosnia and Herzegovina,2020.0,8.32,EN_EWT_GENPCAP,E-waste generated per capita (kg)
Bosnia and Herzegovina,2021.0,8.57,EN_EWT_GENPCAP,E-waste generated per capita (kg)
Bosnia and Herzegovina,2022.0,8.81,EN_EWT_GENPCAP,E-waste generated per capita (kg)
Bosnia and Herzegovina,2023.0,9.16,EN_EWT_GENPCAP,E-waste generated per capita (kg)
Canada,2000.0,9.98184,EN_EWT_GENPCAP,E-waste generated per capita (kg)
Canada,2005.0,12.79597,EN_EWT_GENPCAP,E-waste generated per capita (kg)
Canada,2010.0,15.96241,EN_EWT_GENPCAP,E-waste generated per capita (kg)
Canada,2011.0,16.65612,EN_EWT_GENPCAP,E-waste generated per capita (kg)
Canada,2012.0,17.30818,EN_EWT_GENPCAP,E-waste generated per capita (kg)
Canada,2013.0,17.90271,EN_EWT_GENPCAP,E-waste generated per capita (kg)
Canada,2014.0,18.437,EN_EWT_GENPCAP,E-waste generated per capita (kg)
Canada,2015.0,18.92339,EN_EWT_GENPCAP,E-waste generated per capita (kg)
Canada,2016.0,19.28302,EN_EWT_GENPCAP,E-waste generated per capita (kg)
Canada,2017.0,19.50979,EN_EWT_GENPCAP,E-waste generated per capita (kg)
Canada,2018.0,19.63789,EN_EWT_GENPCAP,E-waste generated per capita (kg)
Canada,2019.0,19.70627,EN_EWT_GENPCAP,E-waste generated per capita (kg)
Canada,2020.0,19.79469,EN_EWT_GENPCAP,E-waste generated per capita (kg)
Canada,2021.0,19.9707,EN_EWT_GENPCAP,E-waste generated per capita (kg)
Canada,2022.0,19.89293,EN_EWT_GENPCAP,E-waste generated per capita (kg)
Canada,2023.0,19.93989,EN_EWT_GENPCAP,E-waste generated per capita (kg)
Caribbean,2010.0,3.5719,EN_EWT_GENPCAP,E-waste generated per capita (kg)
Caribbean,2011.0,3.78489,EN_EWT_GENPCAP,E-waste generated per capita (kg)
Caribbean,2012.0,3.98765,EN_EWT_GENPCAP,E-waste generated per capita (kg)
Caribbean,2013.0,4.17603,EN_EWT_GENPCAP,E-waste generated per capita (kg)
Caribbean,2014.0,4.34869,EN_EWT_GENPCAP,E-waste generated per capita (kg)
Caribbean,2015.0,4.51089,EN_EWT_GENPCAP,E-waste generated per capita (kg)
Caribbean,2016.0,4.66589,EN_EWT_GENPCAP,E-waste generated per capita (kg)
Caribbean,2017.0,4.81946,EN_EWT_GENPCAP,E-waste generated per capita (kg)
Caribbean,2018.0,4.96868,EN_EWT_GENPCAP,E-waste generated per capita (kg)
Caribbean,2019.0,5.1076,EN_EWT_GENPCAP,E-waste generated per capita (kg)
Caribbean,2020.0,5.2328,EN_EWT_GENPCAP,E-waste generated per capita (kg)
Caribbean,2021.0,5.34923,EN_EWT_GENPCAP,E-waste generated per capita (kg)
Caribbean,2022.0,5.47475,EN_EWT_GENPCAP,E-waste generated per capita (kg)
Caribbean,2023.0,5.60371,EN_EWT_GENPCAP,E-waste generated per capita (kg)
Caribbean,2024.0,5.7396,EN_EWT_GENPCAP,E-waste generated per capita (kg)
Caribbean,2025.0,5.88401,EN_EWT_GENPCAP,E-waste generated per capita (kg)
Central America,2010.0,5.99609,EN_EWT_GENPCAP,E-waste generated per capita (kg)
Central America,2011.0,6.35152,EN_EWT_GENPCAP,E-waste generated per capita (kg)
Central America,2012.0,6.71854,EN_EWT_GENPCAP,E-waste generated per capita (kg)
Central America,2013.0,7.06918,EN_EWT_GENPCAP,E-waste generated per capita (kg)
Central America,2014.0,7.41123,EN_EWT_GENPCAP,E-waste generated per capita (kg)
Central America,2015.0,7.76013,EN_EWT_GENPCAP,E-waste generated per capita (kg)
Central America,2016.0,8.1179,EN_EWT_GENPCAP,E-waste generated per capita (kg)
Central America,2017.0,8.48131,EN_EWT_GENPCAP,E-waste generated per capita (kg)
Central America,2018.0,8.84984,EN_EWT_GENPCAP,E-waste generated per capita (kg)
Central America,2019.0,9.19344,EN_EWT_GENPCAP,E-waste generated per capita (kg)
Central America,2020.0,9.49952,EN_EWT_GENPCAP,E-waste generated per capita (kg)
Central America,2021.0,9.79771,EN_EWT_GENPCAP,E-waste generated per capita (kg)
Central America,2022.0,10.06887,EN_EWT_GENPCAP,E-waste generated per capita (kg)
Central America,2023.0,10.31955,EN_EWT_GENPCAP,E-waste generated per capita (kg)
Central America,2024.0,10.56159,EN_EWT_GENPCAP,E-waste generated per capita (kg)
Central America,2025.0,10.79892,EN_EWT_GENPCAP,E-waste generated per capita (kg)
Central and Southern Asia,2010.0,1.12678,EN_EWT_GENPCAP,E-waste generated per capita (kg)
Central and Southern Asia,2011.0,1.23803,EN_EWT_GENPCAP,E-waste generated per capita (kg)
Central and Southern Asia,2012.0,1.35264,EN_EWT_GENPCAP,E-waste generated per capita (kg)
Central and Southern Asia,2013.0,1.46855,EN_EWT_GENPCAP,E-waste generated per capita (kg)
Central and Southern Asia,2014.0,1.59156,EN_EWT_GENPCAP,E-waste generated per capita (kg)
Central and Southern Asia,2015.0,1.72862,EN_EWT_GENPCAP,E-waste generated per capita (kg)
Central and Southern Asia,2016.0,1.88623,EN_EWT_GENPCAP,E-waste generated per capita (kg)
Central and Southern Asia,2017.0,2.06044,EN_EWT_GENPCAP,E-waste generated per capita (kg)
Central and Southern Asia,2018.0,2.25156,EN_EWT_GENPCAP,E-waste generated per capita (kg)
Central and Southern Asia,2019.0,2.4579,EN_EWT_GENPCAP,E-waste generated per capita (kg)
Central and Southern Asia,2020.0,2.66657,EN_EWT_GENPCAP,E-waste generated per capita (kg)
Central and Southern Asia,2021.0,2.8796,EN_EWT_GENPCAP,E-waste generated per capita (kg)
Central and Southern Asia,2022.0,3.10993,EN_EWT_GENPCAP,E-waste generated per capita (kg)
Central and Southern Asia,2023.0,3.34949,EN_EWT_GENPCAP,E-waste generated per capita (kg)
Central and Southern Asia,2024.0,3.59491,EN_EWT_GENPCAP,E-waste generated per capita (kg)
Central and Southern Asia,2025.0,3.84256,EN_EWT_GENPCAP,E-waste generated per capita (kg)
Central Asia,2010.0,2.51692,EN_EWT_GENPCAP,E-waste generated per capita (kg)
Central Asia,2011.0,2.74034,EN_EWT_GENPCAP,E-waste generated per capita (kg)
Central Asia,2012.0,2.97101,EN_EWT_GENPCAP,E-waste generated per capita (kg)
Central Asia,2013.0,3.19814,EN_EWT_GENPCAP,E-waste generated per capita (kg)
Central Asia,2014.0,3.41388,EN_EWT_GENPCAP,E-waste generated per capita (kg)
Central Asia,2015.0,3.61107,EN_EWT_GENPCAP,E-waste generated per capita (kg)
Central Asia,2016.0,3.81113,EN_EWT_GENPCAP,E-waste generated per capita (kg)
Central Asia,2017.0,4.02378,EN_EWT_GENPCAP,E-waste generated per capita (kg)
Central Asia,2018.0,4.22812,EN_EWT_GENPCAP,E-waste generated per capita (kg)
Central Asia,2019.0,4.42587,EN_EWT_GENPCAP,E-waste generated per capita (kg)
Central Asia,2020.0,4.61782,EN_EWT_GENPCAP,E-waste generated per capita (kg)
Central Asia,2021.0,4.81054,EN_EWT_GENPCAP,E-waste generated per capita (kg)
Central Asia,2022.0,4.99274,EN_EWT_GENPCAP,E-waste generated per capita (kg)
Central Asia,2023.0,5.1938,EN_EWT_GENPCAP,E-waste generated per capita (kg)
Central Asia,2024.0,5.41483,EN_EWT_GENPCAP,E-waste generated per capita (kg)
Central Asia,2025.0,5.65257,EN_EWT_GENPCAP,E-waste generated per capita (kg)
Colombia,2000.0,2.50332,EN_EWT_GENPCAP,E-waste generated per capita (kg)
Colombia,2005.0,3.15777,EN_EWT_GENPCAP,E-waste generated per capita (kg)
Colombia,2010.0,4.47441,EN_EWT_GENPCAP,E-waste generated per capita (kg)
Colombia,2011.0,4.79223,EN_EWT_GENPCAP,E-waste generated per capita (kg)
Colombia,2012.0,5.11649,EN_EWT_GENPCAP,E-waste generated per capita (kg)
Colombia,2013.0,5.43855,EN_EWT_GENPCAP,E-waste generated per capita (kg)
Colombia,2014.0,5.75546,EN_EWT_GENPCAP,E-waste generated per capita (kg)
Colombia,2015.0,6.04095,EN_EWT_GENPCAP,E-waste generated per capita (kg)
Colombia,2016.0,6.30812,EN_EWT_GENPCAP,E-waste generated per capita (kg)
Colombia,2017.0,6.55431,EN_EWT_GENPCAP,E-waste generated per capita (kg)
Colombia,2018.0,6.76876,EN_EWT_GENPCAP,E-waste generated per capita (kg)
Colombia,2019.0,6.93077,EN_EWT_GENPCAP,E-waste generated per capita (kg)
Colombia,2020.0,7.09853,EN_EWT_GENPCAP,E-waste generated per capita (kg)
Colombia,2021.0,4.06809,EN_EWT_GENPCAP,E-waste generated per capita (kg)
Colombia,2022.0,7.50193,EN_EWT_GENPCAP,E-waste generated per capita (kg)
Costa Rica,2010.0,9.79892,EN_EWT_GENPCAP,E-waste generated per capita (kg)
Costa Rica,2011.0,10.58144,EN_EWT_GENPCAP,E-waste generated per capita (kg)
Costa Rica,2012.0,11.21108,EN_EWT_GENPCAP,E-waste generated per capita (kg)
Costa Rica,2013.0,11.66352,EN_EWT_GENPCAP,E-waste generated per capita (kg)
Costa Rica,2014.0,12.09318,EN_EWT_GENPCAP,E-waste generated per capita (kg)
Costa Rica,2015.0,12.52529,EN_EWT_GENPCAP,E-waste generated per capita (kg)
Costa Rica,2016.0,12.95646,EN_EWT_GENPCAP,E-waste generated per capita (kg)
Costa Rica,2017.0,12.77309,EN_EWT_GENPCAP,E-waste generated per capita (kg)
Costa Rica,2018.0,12.98415,EN_EWT_GENPCAP,E-waste generated per capita (kg)
Costa Rica,2019.0,13.2283,EN_EWT_GENPCAP,E-waste generated per capita (kg)
Costa Rica,2020.0,13.37243,EN_EWT_GENPCAP,E-waste generated per capita (kg)
Costa Rica,2021.0,13.49418,EN_EWT_GENPCAP,E-waste generated per capita (kg)
Costa Rica,2022.0,12.70195,EN_EWT_GENPCAP,E-waste generated per capita (kg)
Costa Rica,2023.0,15.39269,EN_EWT_GENPCAP,E-waste generated per capita (kg)
Cyprus,2019.0,16.26,EN_EWT_GENPCAP,E-waste generated per capita (kg)
Cyprus,2020.0,16.31,EN_EWT_GENPCAP,E-waste generated per capita (kg)
Cyprus,2021.0,16.43,EN_EWT_GENPCAP,E-waste generated per capita (kg)
Cyprus,2022.0,16,EN_EWT_GENPCAP,E-waste generated per capita (kg)
Cyprus,2023.0,15.55,EN_EWT_GENPCAP,E-waste generated per capita (kg)
Denmark,2021.0,23.99,EN_EWT_GENPCAP,E-waste generated per capita (kg)
Denmark,2022.0,24.36,EN_EWT_GENPCAP,E-waste generated per capita (kg)
Denmark,2023.0,25.26,EN_EWT_GENPCAP,E-waste generated per capita (kg)
Eastern Africa,2010.0,0.44694,EN_EWT_GENPCAP,E-waste generated per capita (kg)
Eastern Africa,2011.0,0.48822,EN_EWT_GENPCAP,E-waste generated per capita (kg)
Eastern Africa,2012.0,0.52886,EN_EWT_GENPCAP,E-waste generated per capita (kg)
Eastern Africa,2013.0,0.56846,EN_EWT_GENPCAP,E-waste generated per capita (kg)
Eastern Africa,2014.0,0.60881,EN_EWT_GENPCAP,E-waste generated per capita (kg)
Eastern Africa,2015.0,0.64767,EN_EWT_GENPCAP,E-waste generated per capita (kg)
Eastern Africa,2016.0,0.68755,EN_EWT_GENPCAP,E-waste generated per capita (kg)
Eastern Africa,2017.0,0.72724,EN_EWT_GENPCAP,E-waste generated per capita (kg)
Eastern Africa,2018.0,0.76631,EN_EWT_GENPCAP,E-waste generated per capita (kg)
Eastern Africa,2019.0,0.80349,EN_EWT_GENPCAP,E-waste generated per capita (kg)
Eastern Africa,2020.0,0.83772,EN_EWT_GENPCAP,E-waste generated per capita (kg)
Eastern Africa,2021.0,0.87107,EN_EWT_GENPCAP,E-waste generated per capita (kg)
Eastern Africa,2022.0,0.90572,EN_EWT_GENPCAP,E-waste generated per capita (kg)
Eastern Africa,2023.0,0.94215,EN_EWT_GENPCAP,E-waste generated per capita (kg)
Eastern Africa,2024.0,0.97937,EN_EWT_GENPCAP,E-waste generated per capita (kg)
Eastern Africa,2025.0,1.01703,EN_EWT_GENPCAP,E-waste generated per capita (kg)
Eastern and South-Eastern Asia,2010.0,4.43525,EN_EWT_GENPCAP,E-waste generated per capita (kg)
Eastern and South-Eastern Asia,2011.0,4.8423,EN_EWT_GENPCAP,E-waste generated per capita (kg)
Eastern and South-Eastern Asia,2012.0,5.25268,EN_EWT_GENPCAP,E-waste generated per capita (kg)
Eastern and South-Eastern Asia,2013.0,5.64896,EN_EWT_GENPCAP,E-waste generated per capita (kg)
Eastern and South-Eastern Asia,2014.0,6.00821,EN_EWT_GENPCAP,E-waste generated per capita (kg)
Eastern and South-Eastern Asia,2015.0,6.34536,EN_EWT_GENPCAP,E-waste generated per capita (kg)
Eastern and South-Eastern Asia,2016.0,6.67643,EN_EWT_GENPCAP,E-waste generated per capita (kg)
Eastern and South-Eastern Asia,2017.0,7.01151,EN_EWT_GENPCAP,E-waste generated per capita (kg)
Eastern and South-Eastern Asia,2018.0,7.3705,EN_EWT_GENPCAP,E-waste generated per capita (kg)
Eastern and South-Eastern Asia,2019.0,7.7409,EN_EWT_GENPCAP,E-waste generated per capita (kg)
Eastern and South-Eastern Asia,2020.0,8.08996,EN_EWT_GENPCAP,E-waste generated per capita (kg)
Eastern and South-Eastern Asia,2021.0,8.43631,EN_EWT_GENPCAP,E-waste generated per capita (kg)
Eastern and South-Eastern Asia,2022.0,8.79579,EN_EWT_GENPCAP,E-waste generated per capita (kg)
Eastern and South-Eastern Asia,2023.0,9.18517,EN_EWT_GENPCAP,E-waste generated per capita (kg)
Eastern and South-Eastern Asia,2024.0,9.60913,EN_EWT_GENPCAP,E-waste generated per capita (kg)
Eastern and South-Eastern Asia,2025.0,10.06395,EN_EWT_GENPCAP,E-waste generated per capita (kg)
Eastern Asia,2010.0,4.83409,EN_EWT_GENPCAP,E-waste generated per capita (kg)
Eastern Asia,2011.0,5.29525,EN_EWT_GENPCAP,E-waste generated per capita (kg)
Eastern Asia,2012.0,5.76199,EN_EWT_GENPCAP,E-waste generated per capita (kg)
Eastern Asia,2013.0,6.21416,EN_EWT_GENPCAP,E-waste generated per capita (kg)
Eastern Asia,2014.0,6.6246,EN_EWT_GENPCAP,E-waste generated per capita (kg)
Eastern Asia,2015.0,7.00781,EN_EWT_GENPCAP,E-waste generated per capita (kg)
Eastern Asia,2016.0,7.38263,EN_EWT_GENPCAP,E-waste generated per capita (kg)
Eastern Asia,2017.0,7.75867,EN_EWT_GENPCAP,E-waste generated per capita (kg)
Eastern Asia,2018.0,8.16225,EN_EWT_GENPCAP,E-waste generated per capita (kg)
Eastern Asia,2019.0,8.5836,EN_EWT_GENPCAP,E-waste generated per capita (kg)
Eastern Asia,2020.0,8.98387,EN_EWT_GENPCAP,E-waste generated per capita (kg)
Eastern Asia,2021.0,9.38138,EN_EWT_GENPCAP,E-waste generated per capita (kg)
Eastern Asia,2022.0,9.79499,EN_EWT_GENPCAP,E-waste generated per capita (kg)
Eastern Asia,2023.0,10.24898,EN_EWT_GENPCAP,E-waste generated per capita (kg)
Eastern Asia,2024.0,10.74871,EN_EWT_GENPCAP,E-waste generated per capita (kg)
Eastern Asia,2025.0,11.28928,EN_EWT_GENPCAP,E-waste generated per capita (kg)
Eastern Europe,2010.0,7.37278,EN_EWT_GENPCAP,E-waste generated per capita (kg)
Eastern Europe,2011.0,7.88152,EN_EWT_GENPCAP,E-waste generated per capita (kg)
Eastern Europe,2012.0,8.39377,EN_EWT_GENPCAP,E-waste generated per capita (kg)
Eastern Europe,2013.0,8.88779,EN_EWT_GENPCAP,E-waste generated per capita (kg)
Eastern Europe,2014.0,9.35652,EN_EWT_GENPCAP,E-waste generated per capita (kg)
Eastern Europe,2015.0,9.77902,EN_EWT_GENPCAP,E-waste generated per capita (kg)
Eastern Europe,2016.0,10.17916,EN_EWT_GENPCAP,E-waste generated per capita (kg)
Eastern Europe,2017.0,10.56976,EN_EWT_GENPCAP,E-waste generated per capita (kg)
Eastern Europe,2018.0,10.99929,EN_EWT_GENPCAP,E-waste generated per capita (kg)
Eastern Europe,2019.0,11.42364,EN_EWT_GENPCAP,E-waste generated per capita (kg)
Eastern Europe,2020.0,11.83487,EN_EWT_GENPCAP,E-waste generated per capita (kg)
Eastern Europe,2021.0,12.2507,EN_EWT_GENPCAP,E-waste generated per capita (kg)
Eastern Europe,2022.0,12.72276,EN_EWT_GENPCAP,E-waste generated per capita (kg)
Eastern Europe,2023.0,13.24242,EN_EWT_GENPCAP,E-waste generated per capita (kg)
Eastern Europe,2024.0,13.68548,EN_EWT_GENPCAP,E-waste generated per capita (kg)
Eastern Europe,2025.0,14.09429,EN_EWT_GENPCAP,E-waste generated per capita (kg)
Ecuador,2005.0,0.53018,EN_EWT_GENPCAP,E-waste generated per capita (kg)
Ecuador,2006.0,0.76487,EN_EWT_GENPCAP,E-waste generated per capita (kg)
Ecuador,2007.0,1.0093,EN_EWT_GENPCAP,E-waste generated per capita (kg)
Ecuador,2008.0,1.4714,EN_EWT_GENPCAP,E-waste generated per capita (kg)
Ecuador,2009.0,2.01606,EN_EWT_GENPCAP,E-waste generated per capita (kg)
Ecuador,2010.0,1.88304,EN_EWT_GENPCAP,E-waste generated per capita (kg)
Ecuador,2011.0,1.75412,EN_EWT_GENPCAP,E-waste generated per capita (kg)
Ecuador,2012.0,2.56464,EN_EWT_GENPCAP,E-waste generated per capita (kg)
Ecuador,2013.0,3.57174,EN_EWT_GENPCAP,E-waste generated per capita (kg)
Ecuador,2014.0,4.55251,EN_EWT_GENPCAP,E-waste generated per capita (kg)
Ecuador,2015.0,4.70324,EN_EWT_GENPCAP,E-waste generated per capita (kg)
Estonia,2021.0,12.98,EN_EWT_GENPCAP,E-waste generated per capita (kg)
Estonia,2022.0,13.26,EN_EWT_GENPCAP,E-waste generated per capita (kg)
Estonia,2023.0,13.51,EN_EWT_GENPCAP,E-waste generated per capita (kg)
Europe,2010.0,13.19315,EN_EWT_GENPCAP,E-waste generated per capita (kg)
Europe,2011.0,13.72943,EN_EWT_GENPCAP,E-waste generated per capita (kg)
Europe,2012.0,14.22799,EN_EWT_GENPCAP,E-waste generated per capita (kg)
Europe,2013.0,14.68202,EN_EWT_GENPCAP,E-waste generated per capita (kg)
Europe,2014.0,15.08903,EN_EWT_GENPCAP,E-waste generated per capita (kg)
Europe,2015.0,15.44902,EN_EWT_GENPCAP,E-waste generated per capita (kg)
Europe,2016.0,15.77897,EN_EWT_GENPCAP,E-waste generated per capita (kg)
Europe,2017.0,16.09208,EN_EWT_GENPCAP,E-waste generated per capita (kg)
Europe,2018.0,16.40232,EN_EWT_GENPCAP,E-waste generated per capita (kg)
Europe,2019.0,16.69508,EN_EWT_GENPCAP,E-waste generated per capita (kg)
Europe,2020.0,16.96744,EN_EWT_GENPCAP,E-waste generated per capita (kg)
Europe,2021.0,17.23781,EN_EWT_GENPCAP,E-waste generated per capita (kg)
Europe,2022.0,17.50549,EN_EWT_GENPCAP,E-waste generated per capita (kg)
Europe,2023.0,17.77764,EN_EWT_GENPCAP,E-waste generated per capita (kg)
Europe,2024.0,18.02841,EN_EWT_GENPCAP,E-waste generated per capita (kg)
Europe,2025.0,18.27487,EN_EWT_GENPCAP,E-waste generated per capita (kg)
Europe and Northern America,2010.0,14.24352,EN_EWT_GENPCAP,E-waste generated per capita (kg)
Europe and Northern America,2011.0,14.84619,EN_EWT_GENPCAP,E-waste generated per capita (kg)
Europe and Northern America,2012.0,15.40927,EN_EWT_GENPCAP,E-waste generated per capita (kg)
Europe and Northern America,2013.0,15.92028,EN_EWT_GENPCAP,E-waste generated per capita (kg)
Europe and Northern America,2014.0,16.36341,EN_EWT_GENPCAP,E-waste generated per capita (kg)
Europe and Northern America,2015.0,16.7441,EN_EWT_GENPCAP,E-waste generated per capita (kg)
Europe and Northern America,2016.0,17.08168,EN_EWT_GENPCAP,E-waste generated per capita (kg)
Europe and Northern America,2017.0,17.37084,EN_EWT_GENPCAP,E-waste generated per capita (kg)
Europe and Northern America,2018.0,17.63889,EN_EWT_GENPCAP,E-waste generated per capita (kg)
Europe and Northern America,2019.0,17.89337,EN_EWT_GENPCAP,E-waste generated per capita (kg)
Europe and Northern America,2020.0,18.14549,EN_EWT_GENPCAP,E-waste generated per capita (kg)
Europe and Northern America,2021.0,18.40956,EN_EWT_GENPCAP,E-waste generated per capita (kg)
Europe and Northern America,2022.0,18.66055,EN_EWT_GENPCAP,E-waste generated per capita (kg)
Europe and Northern America,2023.0,18.90138,EN_EWT_GENPCAP,E-waste generated per capita (kg)
Europe and Northern America,2024.0,19.13297,EN_EWT_GENPCAP,E-waste generated per capita (kg)
Europe and Northern America,2025.0,19.37254,EN_EWT_GENPCAP,E-waste generated per capita (kg)
Finland,2021.0,20.97,EN_EWT_GENPCAP,E-waste generated per capita (kg)
Finland,2022.0,21.02,EN_EWT_GENPCAP,E-waste generated per capita (kg)
Finland,2023.0,21.67,EN_EWT_GENPCAP,E-waste generated per capita (kg)
Georgia,2021.0,7.65484,EN_EWT_GENPCAP,E-waste generated per capita (kg)
Honduras,2009.0,0.41515,EN_EWT_GENPCAP,E-waste generated per capita (kg)
Honduras,2010.0,0.43032,EN_EWT_GENPCAP,E-waste generated per capita (kg)
Honduras,2011.0,0.40981,EN_EWT_GENPCAP,E-waste generated per capita (kg)
Honduras,2012.0,0.37865,EN_EWT_GENPCAP,E-waste generated per capita (kg)
Honduras,2013.0,0.34873,EN_EWT_GENPCAP,E-waste generated per capita (kg)
Honduras,2014.0,0.35308,EN_EWT_GENPCAP,E-waste generated per capita (kg)
Honduras,2015.0,0.35725,EN_EWT_GENPCAP,E-waste generated per capita (kg)
Honduras,2016.0,0.3081,EN_EWT_GENPCAP,E-waste generated per capita (kg)
Honduras,2017.0,0.31289,EN_EWT_GENPCAP,E-waste generated per capita (kg)
Honduras,2018.0,0.29697,EN_EWT_GENPCAP,E-waste generated per capita (kg)
Honduras,2019.0,0.27153,EN_EWT_GENPCAP,E-waste generated per capita (kg)
Honduras,2020.0,0.44666,EN_EWT_GENPCAP,E-waste generated per capita (kg)
Honduras,2021.0,0.64918,EN_EWT_GENPCAP,E-waste generated per capita (kg)
Honduras,2022.0,0.54473,EN_EWT_GENPCAP,E-waste generated per capita (kg)
Honduras,2023.0,0.60029,EN_EWT_GENPCAP,E-waste generated per capita (kg)
Hungary,2019.0,10.57,EN_EWT_GENPCAP,E-waste generated per capita (kg)
Hungary,2020.0,11.05,EN_EWT_GENPCAP,E-waste generated per capita (kg)
Hungary,2021.0,14.14,EN_EWT_GENPCAP,E-waste generated per capita (kg)
Hungary,2022.0,14.47,EN_EWT_GENPCAP,E-waste generated per capita (kg)
Hungary,2023.0,15.88,EN_EWT_GENPCAP,E-waste generated per capita (kg)
Iceland,2020.0,14.08,EN_EWT_GENPCAP,E-waste generated per capita (kg)
Iran (Islamic Republic of),2018.0,6.51432,EN_EWT_GENPCAP,E-waste generated per capita (kg)
Iran (Islamic Republic of),2019.0,6.37553,EN_EWT_GENPCAP,E-waste generated per capita (kg)
Iran (Islamic Republic of),2020.0,6.3723,EN_EWT_GENPCAP,E-waste generated per capita (kg)
Iran (Islamic Republic of),2021.0,6.41,EN_EWT_GENPCAP,E-waste generated per capita (kg)
Iran (Islamic Republic of),2022.0,6.18827,EN_EWT_GENPCAP,E-waste generated per capita (kg)
Iran (Islamic Republic of),2023.0,6.18042,EN_EWT_GENPCAP,E-waste generated per capita (kg)
Israel,2000.0,6.96909,EN_EWT_GENPCAP,E-waste generated per capita (kg)
Israel,2005.0,8.87285,EN_EWT_GENPCAP,E-waste generated per capita (kg)
Israel,2010.0,10.86631,EN_EWT_GENPCAP,E-waste generated per capita (kg)
Israel,2011.0,11.39865,EN_EWT_GENPCAP,E-waste generated per capita (kg)
Israel,2012.0,11.96002,EN_EWT_GENPCAP,E-waste generated per capita (kg)
Israel,2013.0,12.51077,EN_EWT_GENPCAP,E-waste generated per capita (kg)
Israel,2014.0,13.01294,EN_EWT_GENPCAP,E-waste generated per capita (kg)
Israel,2015.0,13.41862,EN_EWT_GENPCAP,E-waste generated per capita (kg)
Israel,2016.0,13.77836,EN_EWT_GENPCAP,E-waste generated per capita (kg)
Israel,2017.0,14.09919,EN_EWT_GENPCAP,E-waste generated per capita (kg)
Israel,2018.0,14.35252,EN_EWT_GENPCAP,E-waste generated per capita (kg)
Israel,2019.0,14.62664,EN_EWT_GENPCAP,E-waste generated per capita (kg)
Israel,2020.0,14.92765,EN_EWT_GENPCAP,E-waste generated per capita (kg)
Israel,2021.0,15.23785,EN_EWT_GENPCAP,E-waste generated per capita (kg)
Israel,2022.0,17.35827,EN_EWT_GENPCAP,E-waste generated per capita (kg)
Israel,2023.0,15.63598,EN_EWT_GENPCAP,E-waste generated per capita (kg)
Japan,2010.0,17.84599,EN_EWT_GENPCAP,E-waste generated per capita (kg)
Japan,2011.0,18.31798,EN_EWT_GENPCAP,E-waste generated per capita (kg)
Japan,2012.0,18.8083,EN_EWT_GENPCAP,E-waste generated per capita (kg)
Japan,2013.0,19.25897,EN_EWT_GENPCAP,E-waste generated per capita (kg)
Japan,2014.0,19.63586,EN_EWT_GENPCAP,E-waste generated per capita (kg)
Japan,2015.0,19.92266,EN_EWT_GENPCAP,E-waste generated per capita (kg)
Japan,2016.0,20.08789,EN_EWT_GENPCAP,E-waste generated per capita (kg)
Japan,2017.0,20.17121,EN_EWT_GENPCAP,E-waste generated per capita (kg)
Japan,2018.0,20.23021,EN_EWT_GENPCAP,E-waste generated per capita (kg)
Japan,2019.0,20.29914,EN_EWT_GENPCAP,E-waste generated per capita (kg)
Japan,2020.0,20.4042,EN_EWT_GENPCAP,E-waste generated per capita (kg)
Japan,2021.0,20.54943,EN_EWT_GENPCAP,E-waste generated per capita (kg)
Japan,2022.0,21.11379,EN_EWT_GENPCAP,E-waste generated per capita (kg)
Jordan,2000.0,1.46651,EN_EWT_GENPCAP,E-waste generated per capita (kg)
Jordan,2001.0,1.48084,EN_EWT_GENPCAP,E-waste generated per capita (kg)
Jordan,2002.0,1.59507,EN_EWT_GENPCAP,E-waste generated per capita (kg)
Jordan,2003.0,1.64286,EN_EWT_GENPCAP,E-waste generated per capita (kg)
Jordan,2004.0,1.70586,EN_EWT_GENPCAP,E-waste generated per capita (kg)
Jordan,2005.0,1.82434,EN_EWT_GENPCAP,E-waste generated per capita (kg)
Jordan,2006.0,1.90529,EN_EWT_GENPCAP,E-waste generated per capita (kg)
Jordan,2007.0,2.04637,EN_EWT_GENPCAP,E-waste generated per capita (kg)
Jordan,2008.0,2.29332,EN_EWT_GENPCAP,E-waste generated per capita (kg)
Jordan,2009.0,2.52781,EN_EWT_GENPCAP,E-waste generated per capita (kg)
Jordan,2010.0,2.74166,EN_EWT_GENPCAP,E-waste generated per capita (kg)
Jordan,2011.0,2.95224,EN_EWT_GENPCAP,E-waste generated per capita (kg)
Jordan,2012.0,3.17854,EN_EWT_GENPCAP,E-waste generated per capita (kg)
Jordan,2013.0,3.27673,EN_EWT_GENPCAP,E-waste generated per capita (kg)
Jordan,2014.0,3.20347,EN_EWT_GENPCAP,E-waste generated per capita (kg)
Jordan,2015.0,3.19024,EN_EWT_GENPCAP,E-waste generated per capita (kg)
Jordan,2016.0,3.32618,EN_EWT_GENPCAP,E-waste generated per capita (kg)
Jordan,2017.0,3.55317,EN_EWT_GENPCAP,E-waste generated per capita (kg)
Kazakhstan,2016.0,7.51487,EN_EWT_GENPCAP,E-waste generated per capita (kg)
Kazakhstan,2017.0,8.79266,EN_EWT_GENPCAP,E-waste generated per capita (kg)
Kazakhstan,2018.0,10.37885,EN_EWT_GENPCAP,E-waste generated per capita (kg)
Kazakhstan,2019.0,11.53593,EN_EWT_GENPCAP,E-waste generated per capita (kg)
Kenya,2017.0,0.06541,EN_EWT_GENPCAP,E-waste generated per capita (kg)
Landlocked developing countries (LLDCs),2010.0,1.00715,EN_EWT_GENPCAP,E-waste generated per capita (kg)
Landlocked developing countries (LLDCs),2011.0,1.09959,EN_EWT_GENPCAP,E-waste generated per capita (kg)
Landlocked developing countries (LLDCs),2012.0,1.19344,EN_EWT_GENPCAP,E-waste generated per capita (kg)
Landlocked developing countries (LLDCs),2013.0,1.28609,EN_EWT_GENPCAP,E-waste generated per capita (kg)
Landlocked developing countries (LLDCs),2014.0,1.37678,EN_EWT_GENPCAP,E-waste generated per capita (kg)
Landlocked developing countries (LLDCs),2015.0,1.46283,EN_EWT_GENPCAP,E-waste generated per capita (kg)
Landlocked developing countries (LLDCs),2016.0,1.54894,EN_EWT_GENPCAP,E-waste generated per capita (kg)
Landlocked developing countries (LLDCs),2017.0,1.63668,EN_EWT_GENPCAP,E-waste generated per capita (kg)
Landlocked developing countries (LLDCs),2018.0,1.71995,EN_EWT_GENPCAP,E-waste generated per capita (kg)
Landlocked developing countries (LLDCs),2019.0,1.79682,EN_EWT_GENPCAP,E-waste generated per capita (kg)
Landlocked developing countries (LLDCs),2020.0,1.86242,EN_EWT_GENPCAP,E-waste generated per capita (kg)
Landlocked developing countries (LLDCs),2021.0,1.92966,EN_EWT_GENPCAP,E-waste generated per capita (kg)
Landlocked developing countries (LLDCs),2022.0,1.9988,EN_EWT_GENPCAP,E-waste generated per capita (kg)
Landlocked developing countries (LLDCs),2023.0,2.07026,EN_EWT_GENPCAP,E-waste generated per capita (kg)
Landlocked developing countries (LLDCs),2024.0,2.1428,EN_EWT_GENPCAP,E-waste generated per capita (kg)
Landlocked developing countries (LLDCs),2025.0,2.21841,EN_EWT_GENPCAP,E-waste generated per capita (kg)
Latin America and the Caribbean,2010.0,5.72836,EN_EWT_GENPCAP,E-waste generated per capita (kg)
Latin America and the Caribbean,2011.0,6.13118,EN_EWT_GENPCAP,E-waste generated per capita (kg)
Latin America and the Caribbean,2012.0,6.54568,EN_EWT_GENPCAP,E-waste generated per capita (kg)
Latin America and the Caribbean,2013.0,6.95226,EN_EWT_GENPCAP,E-waste generated per capita (kg)
Latin America and the Caribbean,2014.0,7.34374,EN_EWT_GENPCAP,E-waste generated per capita (kg)
Latin America and the Caribbean,2015.0,7.72734,EN_EWT_GENPCAP,E-waste generated per capita (kg)
Latin America and the Caribbean,2016.0,8.09734,EN_EWT_GENPCAP,E-waste generated per capita (kg)
Latin America and the Caribbean,2017.0,8.45568,EN_EWT_GENPCAP,E-waste generated per capita (kg)
Latin America and the Caribbean,2018.0,8.80331,EN_EWT_GENPCAP,E-waste generated per capita (kg)
Latin America and the Caribbean,2019.0,9.12083,EN_EWT_GENPCAP,E-waste generated per capita (kg)
Latin America and the Caribbean,2020.0,9.39017,EN_EWT_GENPCAP,E-waste generated per capita (kg)
Latin America and the Caribbean,2021.0,9.64509,EN_EWT_GENPCAP,E-waste generated per capita (kg)
Latin America and the Caribbean,2022.0,9.87908,EN_EWT_GENPCAP,E-waste generated per capita (kg)
Latin America and the Caribbean,2023.0,10.09237,EN_EWT_GENPCAP,E-waste generated per capita (kg)
Latin America and the Caribbean,2024.0,10.29475,EN_EWT_GENPCAP,E-waste generated per capita (kg)
Latin America and the Caribbean,2025.0,10.4915,EN_EWT_GENPCAP,E-waste generated per capita (kg)
Least Developed Countries (LDCs),2010.0,0.60629,EN_EWT_GENPCAP,E-waste generated per capita (kg)
Least Developed Countries (LDCs),2011.0,0.66394,EN_EWT_GENPCAP,E-waste generated per capita (kg)
Least Developed Countries (LDCs),2012.0,0.71991,EN_EWT_GENPCAP,E-waste generated per capita (kg)
Least Developed Countries (LDCs),2013.0,0.77382,EN_EWT_GENPCAP,E-waste generated per capita (kg)
Least Developed Countries (LDCs),2014.0,0.8279,EN_EWT_GENPCAP,E-waste generated per capita (kg)
Least Developed Countries (LDCs),2015.0,0.87982,EN_EWT_GENPCAP,E-waste generated per capita (kg)
Least Developed Countries (LDCs),2016.0,0.93268,EN_EWT_GENPCAP,E-waste generated per capita (kg)
Least Developed Countries (LDCs),2017.0,0.98639,EN_EWT_GENPCAP,E-waste generated per capita (kg)
Least Developed Countries (LDCs),2018.0,1.04022,EN_EWT_GENPCAP,E-waste generated per capita (kg)
Least Developed Countries (LDCs),2019.0,1.09321,EN_EWT_GENPCAP,E-waste generated per capita (kg)
Least Developed Countries (LDCs),2020.0,1.14308,EN_EWT_GENPCAP,E-waste generated per capita (kg)
Least Developed Countries (LDCs),2021.0,1.1917,EN_EWT_GENPCAP,E-waste generated per capita (kg)
Least Developed Countries (LDCs),2022.0,1.2418,EN_EWT_GENPCAP,E-waste generated per capita (kg)
Least Developed Countries (LDCs),2023.0,1.29477,EN_EWT_GENPCAP,E-waste generated per capita (kg)
Least Developed Countries (LDCs),2024.0,1.34877,EN_EWT_GENPCAP,E-waste generated per capita (kg)
Least Developed Countries (LDCs),2025.0,1.40261,EN_EWT_GENPCAP,E-waste generated per capita (kg)
Lesotho,2012.0,50.77779,EN_EWT_GENPCAP,E-waste generated per capita (kg)
Lesotho,2014.0,57.68984,EN_EWT_GENPCAP,E-waste generated per capita (kg)
Lesotho,2015.0,47.51472,EN_EWT_GENPCAP,E-waste generated per capita (kg)
Luxembourg,2019.0,14.17,EN_EWT_GENPCAP,E-waste generated per capita (kg)
Luxembourg,2020.0,14.23,EN_EWT_GENPCAP,E-waste generated per capita (kg)
Luxembourg,2021.0,14.03,EN_EWT_GENPCAP,E-waste generated per capita (kg)
Luxembourg,2022.0,14.21,EN_EWT_GENPCAP,E-waste generated per capita (kg)
Luxembourg,2023.0,14.39,EN_EWT_GENPCAP,E-waste generated per capita (kg)
Malaysia,2006.0,1.52472,EN_EWT_GENPCAP,E-waste generated per capita (kg)
Malaysia,2007.0,1.95271,EN_EWT_GENPCAP,E-waste generated per capita (kg)
Malaysia,2008.0,3.72905,EN_EWT_GENPCAP,E-waste generated per capita (kg)
Malaysia,2009.0,4.7659,EN_EWT_GENPCAP,E-waste generated per capita (kg)
Malaysia,2010.0,5.70007,EN_EWT_GENPCAP,E-waste generated per capita (kg)
Malaysia,2011.0,5.23695,EN_EWT_GENPCAP,E-waste generated per capita (kg)
Malaysia,2012.0,2.63899,EN_EWT_GENPCAP,E-waste generated per capita (kg)
Malaysia,2013.0,1.7558,EN_EWT_GENPCAP,E-waste generated per capita (kg)
Malaysia,2014.0,1.86017,EN_EWT_GENPCAP,E-waste generated per capita (kg)
Malaysia,2015.0,1.53557,EN_EWT_GENPCAP,E-waste generated per capita (kg)
Malaysia,2016.0,1.53477,EN_EWT_GENPCAP,E-waste generated per capita (kg)
Malaysia,2017.0,0.88393,EN_EWT_GENPCAP,E-waste generated per capita (kg)
Malaysia,2018.0,0.54715,EN_EWT_GENPCAP,E-waste generated per capita (kg)
Malaysia,2019.0,2.69004,EN_EWT_GENPCAP,E-waste generated per capita (kg)
Malaysia,2020.0,2.77398,EN_EWT_GENPCAP,E-waste generated per capita (kg)
Malaysia,2021.0,2.4981,EN_EWT_GENPCAP,E-waste generated per capita (kg)
Melanesia,2010.0,1.02652,EN_EWT_GENPCAP,E-waste generated per capita (kg)
Melanesia,2011.0,1.08316,EN_EWT_GENPCAP,E-waste generated per capita (kg)
Melanesia,2012.0,1.14058,EN_EWT_GENPCAP,E-waste generated per capita (kg)
Melanesia,2013.0,1.19428,EN_EWT_GENPCAP,E-waste generated per capita (kg)
Melanesia,2014.0,1.25354,EN_EWT_GENPCAP,E-waste generated per capita (kg)
Melanesia,2015.0,1.31329,EN_EWT_GENPCAP,E-waste generated per capita (kg)
Melanesia,2016.0,1.37546,EN_EWT_GENPCAP,E-waste generated per capita (kg)
Melanesia,2017.0,1.43541,EN_EWT_GENPCAP,E-waste generated per capita (kg)
Melanesia,2018.0,1.49638,EN_EWT_GENPCAP,E-waste generated per capita (kg)
Melanesia,2019.0,1.55951,EN_EWT_GENPCAP,E-waste generated per capita (kg)
Melanesia,2020.0,1.61585,EN_EWT_GENPCAP,E-waste generated per capita (kg)
Melanesia,2021.0,1.66198,EN_EWT_GENPCAP,E-waste generated per capita (kg)
Melanesia,2022.0,1.70261,EN_EWT_GENPCAP,E-waste generated per capita (kg)
Melanesia,2023.0,1.74002,EN_EWT_GENPCAP,E-waste generated per capita (kg)
Melanesia,2024.0,1.77567,EN_EWT_GENPCAP,E-waste generated per capita (kg)
Melanesia,2025.0,1.81001,EN_EWT_GENPCAP,E-waste generated per capita (kg)
Micronesia,2010.0,0.81981,EN_EWT_GENPCAP,E-waste generated per capita (kg)
Micronesia,2011.0,0.88265,EN_EWT_GENPCAP,E-waste generated per capita (kg)
Micronesia,2012.0,0.9497,EN_EWT_GENPCAP,E-waste generated per capita (kg)
Micronesia,2013.0,1.01683,EN_EWT_GENPCAP,E-waste generated per capita (kg)
Micronesia,2014.0,1.08055,EN_EWT_GENPCAP,E-waste generated per capita (kg)
Micronesia,2015.0,1.14434,EN_EWT_GENPCAP,E-waste generated per capita (kg)
Micronesia,2016.0,1.20881,EN_EWT_GENPCAP,E-waste generated per capita (kg)
Micronesia,2017.0,1.27328,EN_EWT_GENPCAP,E-waste generated per capita (kg)
Micronesia,2018.0,1.33976,EN_EWT_GENPCAP,E-waste generated per capita (kg)
Micronesia,2019.0,1.40746,EN_EWT_GENPCAP,E-waste generated per capita (kg)
Micronesia,2020.0,1.46316,EN_EWT_GENPCAP,E-waste generated per capita (kg)
Micronesia,2021.0,1.51029,EN_EWT_GENPCAP,E-waste generated per capita (kg)
Micronesia,2022.0,1.55864,EN_EWT_GENPCAP,E-waste generated per capita (kg)
Micronesia,2023.0,1.60247,EN_EWT_GENPCAP,E-waste generated per capita (kg)
Micronesia,2024.0,1.64282,EN_EWT_GENPCAP,E-waste generated per capita (kg)
Micronesia,2025.0,1.67989,EN_EWT_GENPCAP,E-waste generated per capita (kg)
Middle Africa,2010.0,0.9628,EN_EWT_GENPCAP,E-waste generated per capita (kg)
Middle Africa,2011.0,1.0594,EN_EWT_GENPCAP,E-waste generated per capita (kg)
Middle Africa,2012.0,1.15403,EN_EWT_GENPCAP,E-waste generated per capita (kg)
Middle Africa,2013.0,1.24421,EN_EWT_GENPCAP,E-waste generated per capita (kg)
Middle Africa,2014.0,1.32758,EN_EWT_GENPCAP,E-waste generated per capita (kg)
Middle Africa,2015.0,1.39689,EN_EWT_GENPCAP,E-waste generated per capita (kg)
Middle Africa,2016.0,1.44987,EN_EWT_GENPCAP,E-waste generated per capita (kg)
Middle Africa,2017.0,1.49174,EN_EWT_GENPCAP,E-waste generated per capita (kg)
Middle Africa,2018.0,1.5209,EN_EWT_GENPCAP,E-waste generated per capita (kg)
Middle Africa,2019.0,1.53869,EN_EWT_GENPCAP,E-waste generated per capita (kg)
Middle Africa,2020.0,1.54351,EN_EWT_GENPCAP,E-waste generated per capita (kg)
Middle Africa,2021.0,1.54264,EN_EWT_GENPCAP,E-waste generated per capita (kg)
Middle Africa,2022.0,1.53726,EN_EWT_GENPCAP,E-waste generated per capita (kg)
Middle Africa,2023.0,1.52803,EN_EWT_GENPCAP,E-waste generated per capita (kg)
Middle Africa,2024.0,1.518,EN_EWT_GENPCAP,E-waste generated per capita (kg)
Middle Africa,2025.0,1.5117,EN_EWT_GENPCAP,E-waste generated per capita (kg)
Mongolia,2020.0,17.17487,EN_EWT_GENPCAP,E-waste generated per capita (kg)
Mongolia,2021.0,12.51526,EN_EWT_GENPCAP,E-waste generated per capita (kg)
Mongolia,2022.0,25.93252,EN_EWT_GENPCAP,E-waste generated per capita (kg)
Mongolia,2023.0,11.49286,EN_EWT_GENPCAP,E-waste generated per capita (kg)
Netherlands (Kingdom of the),2022.0,21.08,EN_EWT_GENPCAP,E-waste generated per capita (kg)
Netherlands (Kingdom of the),2023.0,21.22,EN_EWT_GENPCAP,E-waste generated per capita (kg)
Niger,2012.0,0.4892,EN_EWT_GENPCAP,E-waste generated per capita (kg)
Niger,2013.0,0.48729,EN_EWT_GENPCAP,E-waste generated per capita (kg)
Niger,2014.0,0.48573,EN_EWT_GENPCAP,E-waste generated per capita (kg)
Niger,2015.0,0.48417,EN_EWT_GENPCAP,E-waste generated per capita (kg)
Niger,2016.0,0.4823,EN_EWT_GENPCAP,E-waste generated per capita (kg)
Niger,2017.0,0.4814,EN_EWT_GENPCAP,E-waste generated per capita (kg)
Niger,2018.0,0.47943,EN_EWT_GENPCAP,E-waste generated per capita (kg)
Niger,2019.0,0.47745,EN_EWT_GENPCAP,E-waste generated per capita (kg)
Northern Africa,2010.0,3.6162,EN_EWT_GENPCAP,E-waste generated per capita (kg)
Northern Africa,2011.0,3.86603,EN_EWT_GENPCAP,E-waste generated per capita (kg)
Northern Africa,2012.0,4.09178,EN_EWT_GENPCAP,E-waste generated per capita (kg)
Northern Africa,2013.0,4.28536,EN_EWT_GENPCAP,E-waste generated per capita (kg)
Northern Africa,2014.0,4.45793,EN_EWT_GENPCAP,E-waste generated per capita (kg)
Northern Africa,2015.0,4.6174,EN_EWT_GENPCAP,E-waste generated per capita (kg)
Northern Africa,2016.0,4.77035,EN_EWT_GENPCAP,E-waste generated per capita (kg)
Northern Africa,2017.0,4.92198,EN_EWT_GENPCAP,E-waste generated per capita (kg)
Northern Africa,2018.0,5.07733,EN_EWT_GENPCAP,E-waste generated per capita (kg)
Northern Africa,2019.0,5.23232,EN_EWT_GENPCAP,E-waste generated per capita (kg)
Northern Africa,2020.0,5.36467,EN_EWT_GENPCAP,E-waste generated per capita (kg)
Northern Africa,2021.0,5.48616,EN_EWT_GENPCAP,E-waste generated per capita (kg)
Northern Africa,2022.0,5.60534,EN_EWT_GENPCAP,E-waste generated per capita (kg)
Northern Africa,2023.0,5.7439,EN_EWT_GENPCAP,E-waste generated per capita (kg)
Northern Africa,2024.0,5.89949,EN_EWT_GENPCAP,E-waste generated per capita (kg)
Northern Africa,2025.0,6.0539,EN_EWT_GENPCAP,E-waste generated per capita (kg)
Northern Africa and Western Asia,2010.0,5.0691,EN_EWT_GENPCAP,E-waste generated per capita (kg)
Northern Africa and Western Asia,2011.0,5.38383,EN_EWT_GENPCAP,E-waste generated per capita (kg)
Northern Africa and Western Asia,2012.0,5.68519,EN_EWT_GENPCAP,E-waste generated per capita (kg)
Northern Africa and Western Asia,2013.0,5.9655,EN_EWT_GENPCAP,E-waste generated per capita (kg)
Northern Africa and Western Asia,2014.0,6.21952,EN_EWT_GENPCAP,E-waste generated per capita (kg)
Northern Africa and Western Asia,2015.0,6.44542,EN_EWT_GENPCAP,E-waste generated per capita (kg)
Northern Africa and Western Asia,2016.0,6.66947,EN_EWT_GENPCAP,E-waste generated per capita (kg)
Northern Africa and Western Asia,2017.0,6.90317,EN_EWT_GENPCAP,E-waste generated per capita (kg)
Northern Africa and Western Asia,2018.0,7.13342,EN_EWT_GENPCAP,E-waste generated per capita (kg)
Northern Africa and Western Asia,2019.0,7.3559,EN_EWT_GENPCAP,E-waste generated per capita (kg)
Northern Africa and Western Asia,2020.0,7.55203,EN_EWT_GENPCAP,E-waste generated per capita (kg)
Northern Africa and Western Asia,2021.0,7.73481,EN_EWT_GENPCAP,E-waste generated per capita (kg)
Northern Africa and Western Asia,2022.0,7.89553,EN_EWT_GENPCAP,E-waste generated per capita (kg)
Northern Africa and Western Asia,2023.0,8.05894,EN_EWT_GENPCAP,E-waste generated per capita (kg)
Northern Africa and Western Asia,2024.0,8.24217,EN_EWT_GENPCAP,E-waste generated per capita (kg)
Northern Africa and Western Asia,2025.0,8.42708,EN_EWT_GENPCAP,E-waste generated per capita (kg)
Northern America,2010.0,16.4883,EN_EWT_GENPCAP,E-waste generated per capita (kg)
Northern America,2011.0,17.21351,EN_EWT_GENPCAP,E-waste generated per capita (kg)
Northern America,2012.0,17.893,EN_EWT_GENPCAP,E-waste generated per capita (kg)
Northern America,2013.0,18.5027,EN_EWT_GENPCAP,E-waste generated per capita (kg)
Northern America,2014.0,19.00054,EN_EWT_GENPCAP,E-waste generated per capita (kg)
Northern America,2015.0,19.40507,EN_EWT_GENPCAP,E-waste generated per capita (kg)
Northern America,2016.0,19.73941,EN_EWT_GENPCAP,E-waste generated per capita (kg)
Northern America,2017.0,19.96007,EN_EWT_GENPCAP,E-waste generated per capita (kg)
Northern America,2018.0,20.124,EN_EWT_GENPCAP,E-waste generated per capita (kg)
Northern America,2019.0,20.2839,EN_EWT_GENPCAP,E-waste generated per capita (kg)
Northern America,2020.0,20.48304,EN_EWT_GENPCAP,E-waste generated per capita (kg)
Northern America,2021.0,20.72565,EN_EWT_GENPCAP,E-waste generated per capita (kg)
Northern America,2022.0,20.92814,EN_EWT_GENPCAP,E-waste generated per capita (kg)
Northern America,2023.0,21.08959,EN_EWT_GENPCAP,E-waste generated per capita (kg)
Northern America,2024.0,21.26898,EN_EWT_GENPCAP,E-waste generated per capita (kg)
Northern America,2025.0,21.48103,EN_EWT_GENPCAP,E-waste generated per capita (kg)
Northern Europe,2010.0,18.26353,EN_EWT_GENPCAP,E-waste generated per capita (kg)
Northern Europe,2011.0,18.84776,EN_EWT_GENPCAP,E-waste generated per capita (kg)
Northern Europe,2012.0,19.38542,EN_EWT_GENPCAP,E-waste generated per capita (kg)
Northern Europe,2013.0,19.88662,EN_EWT_GENPCAP,E-waste generated per capita (kg)
Northern Europe,2014.0,20.35319,EN_EWT_GENPCAP,E-waste generated per capita (kg)
Northern Europe,2015.0,20.81642,EN_EWT_GENPCAP,E-waste generated per capita (kg)
Northern Europe,2016.0,21.25789,EN_EWT_GENPCAP,E-waste generated per capita (kg)
Northern Europe,2017.0,21.682,EN_EWT_GENPCAP,E-waste generated per capita (kg)
Northern Europe,2018.0,22.06853,EN_EWT_GENPCAP,E-waste generated per capita (kg)
Northern Europe,2019.0,22.40307,EN_EWT_GENPCAP,E-waste generated per capita (kg)
Northern Europe,2020.0,22.66139,EN_EWT_GENPCAP,E-waste generated per capita (kg)
Northern Europe,2021.0,22.82616,EN_EWT_GENPCAP,E-waste generated per capita (kg)
Northern Europe,2022.0,22.85914,EN_EWT_GENPCAP,E-waste generated per capita (kg)
Northern Europe,2023.0,22.84504,EN_EWT_GENPCAP,E-waste generated per capita (kg)
Northern Europe,2024.0,22.84142,EN_EWT_GENPCAP,E-waste generated per capita (kg)
Northern Europe,2025.0,22.8425,EN_EWT_GENPCAP,E-waste generated per capita (kg)
Oceania,2010.0,12.1211,EN_EWT_GENPCAP,E-waste generated per capita (kg)
Oceania,2011.0,12.65687,EN_EWT_GENPCAP,E-waste generated per capita (kg)
Oceania,2012.0,13.17113,EN_EWT_GENPCAP,E-waste generated per capita (kg)
Oceania,2013.0,13.64973,EN_EWT_GENPCAP,E-waste generated per capita (kg)
Oceania,2014.0,14.09332,EN_EWT_GENPCAP,E-waste generated per capita (kg)
Oceania,2015.0,14.48966,EN_EWT_GENPCAP,E-waste generated per capita (kg)
Oceania,2016.0,14.79689,EN_EWT_GENPCAP,E-waste generated per capita (kg)
Oceania,2017.0,15.02793,EN_EWT_GENPCAP,E-waste generated per capita (kg)
Oceania,2018.0,15.20264,EN_EWT_GENPCAP,E-waste generated per capita (kg)
Oceania,2019.0,15.34021,EN_EWT_GENPCAP,E-waste generated per capita (kg)
Oceania,2020.0,15.48108,EN_EWT_GENPCAP,E-waste generated per capita (kg)
Oceania,2021.0,15.61046,EN_EWT_GENPCAP,E-waste generated per capita (kg)
Oceania,2022.0,15.69322,EN_EWT_GENPCAP,E-waste generated per capita (kg)
Oceania,2023.0,15.74148,EN_EWT_GENPCAP,E-waste generated per capita (kg)
Oceania,2024.0,15.77485,EN_EWT_GENPCAP,E-waste generated per capita (kg)
Oceania,2025.0,15.80855,EN_EWT_GENPCAP,E-waste generated per capita (kg)
Oceania (exc. Australia and New Zealand),2010.0,1.02939,EN_EWT_GENPCAP,E-waste generated per capita (kg)
Oceania (exc. Australia and New Zealand),2011.0,1.08624,EN_EWT_GENPCAP,E-waste generated per capita (kg)
Oceania (exc. Australia and New Zealand),2012.0,1.14324,EN_EWT_GENPCAP,E-waste generated per capita (kg)
Oceania (exc. Australia and New Zealand),2013.0,1.19617,EN_EWT_GENPCAP,E-waste generated per capita (kg)
Oceania (exc. Australia and New Zealand),2014.0,1.25358,EN_EWT_GENPCAP,E-waste generated per capita (kg)
Oceania (exc. Australia and New Zealand),2015.0,1.31132,EN_EWT_GENPCAP,E-waste generated per capita (kg)
Oceania (exc. Australia and New Zealand),2016.0,1.37139,EN_EWT_GENPCAP,E-waste generated per capita (kg)
Oceania (exc. Australia and New Zealand),2017.0,1.42979,EN_EWT_GENPCAP,E-waste generated per capita (kg)
Oceania (exc. Australia and New Zealand),2018.0,1.48951,EN_EWT_GENPCAP,E-waste generated per capita (kg)
Oceania (exc. Australia and New Zealand),2019.0,1.55165,EN_EWT_GENPCAP,E-waste generated per capita (kg)
Oceania (exc. Australia and New Zealand),2020.0,1.60716,EN_EWT_GENPCAP,E-waste generated per capita (kg)
Oceania (exc. Australia and New Zealand),2021.0,1.65305,EN_EWT_GENPCAP,E-waste generated per capita (kg)
Oceania (exc. Australia and New Zealand),2022.0,1.6941,EN_EWT_GENPCAP,E-waste generated per capita (kg)
Oceania (exc. Australia and New Zealand),2023.0,1.73159,EN_EWT_GENPCAP,E-waste generated per capita (kg)
Oceania (exc. Australia and New Zealand),2024.0,1.76719,EN_EWT_GENPCAP,E-waste generated per capita (kg)
Oceania (exc. Australia and New Zealand),2025.0,1.80143,EN_EWT_GENPCAP,E-waste generated per capita (kg)
Oman,2023.0,30.11683,EN_EWT_GENPCAP,E-waste generated per capita (kg)
Oman,2024.0,40.2607,EN_EWT_GENPCAP,E-waste generated per capita (kg)
Poland,2021.0,13.69,EN_EWT_GENPCAP,E-waste generated per capita (kg)
Poland,2022.0,14.53,EN_EWT_GENPCAP,E-waste generated per capita (kg)
Poland,2023.0,14.55,EN_EWT_GENPCAP,E-waste generated per capita (kg)
Polynesia,2010.0,1.23205,EN_EWT_GENPCAP,E-waste generated per capita (kg)
Polynesia,2011.0,1.28809,EN_EWT_GENPCAP,E-waste generated per capita (kg)
Polynesia,2012.0,1.33151,EN_EWT_GENPCAP,E-waste generated per capita (kg)
Polynesia,2013.0,1.36225,EN_EWT_GENPCAP,E-waste generated per capita (kg)
Polynesia,2014.0,1.38629,EN_EWT_GENPCAP,E-waste generated per capita (kg)
Polynesia,2015.0,1.40702,EN_EWT_GENPCAP,E-waste generated per capita (kg)
Polynesia,2016.0,1.42871,EN_EWT_GENPCAP,E-waste generated per capita (kg)
Polynesia,2017.0,1.45522,EN_EWT_GENPCAP,E-waste generated per capita (kg)
Polynesia,2018.0,1.48659,EN_EWT_GENPCAP,E-waste generated per capita (kg)
Polynesia,2019.0,1.52509,EN_EWT_GENPCAP,E-waste generated per capita (kg)
Polynesia,2020.0,1.56346,EN_EWT_GENPCAP,E-waste generated per capita (kg)
Polynesia,2021.0,1.60184,EN_EWT_GENPCAP,E-waste generated per capita (kg)
Polynesia,2022.0,1.64249,EN_EWT_GENPCAP,E-waste generated per capita (kg)
Polynesia,2023.0,1.67443,EN_EWT_GENPCAP,E-waste generated per capita (kg)
Polynesia,2024.0,1.70303,EN_EWT_GENPCAP,E-waste generated per capita (kg)
Polynesia,2025.0,1.73083,EN_EWT_GENPCAP,E-waste generated per capita (kg)
Republic of Korea,2000.0,5.34206,EN_EWT_GENPCAP,E-waste generated per capita (kg)
Republic of Korea,2005.0,7.3206,EN_EWT_GENPCAP,E-waste generated per capita (kg)
Republic of Korea,2010.0,10.14406,EN_EWT_GENPCAP,E-waste generated per capita (kg)
Republic of Korea,2011.0,10.84815,EN_EWT_GENPCAP,E-waste generated per capita (kg)
Republic of Korea,2012.0,11.61099,EN_EWT_GENPCAP,E-waste generated per capita (kg)
Republic of Korea,2013.0,12.37009,EN_EWT_GENPCAP,E-waste generated per capita (kg)
Republic of Korea,2014.0,13.08835,EN_EWT_GENPCAP,E-waste generated per capita (kg)
Republic of Korea,2015.0,13.78674,EN_EWT_GENPCAP,E-waste generated per capita (kg)
Republic of Korea,2016.0,14.44947,EN_EWT_GENPCAP,E-waste generated per capita (kg)
Republic of Korea,2017.0,15.11198,EN_EWT_GENPCAP,E-waste generated per capita (kg)
Republic of Korea,2018.0,15.71269,EN_EWT_GENPCAP,E-waste generated per capita (kg)
Republic of Korea,2019.0,16.27495,EN_EWT_GENPCAP,E-waste generated per capita (kg)
Republic of Korea,2020.0,16.83996,EN_EWT_GENPCAP,E-waste generated per capita (kg)
Republic of Korea,2021.0,17.44115,EN_EWT_GENPCAP,E-waste generated per capita (kg)
Republic of Korea,2022.0,18.01189,EN_EWT_GENPCAP,E-waste generated per capita (kg)
Republic of Korea,2023.0,18.50458,EN_EWT_GENPCAP,E-waste generated per capita (kg)
Republic of Moldova,2021.0,0.06383,EN_EWT_GENPCAP,E-waste generated per capita (kg)
Saudi Arabia,2018.0,16.72972,EN_EWT_GENPCAP,E-waste generated per capita (kg)
Senegal,2005.0,41.29778,EN_EWT_GENPCAP,E-waste generated per capita (kg)
Senegal,2006.0,35.99972,EN_EWT_GENPCAP,E-waste generated per capita (kg)
Senegal,2007.0,56.92274,EN_EWT_GENPCAP,E-waste generated per capita (kg)
Senegal,2008.0,72.37139,EN_EWT_GENPCAP,E-waste generated per capita (kg)
Senegal,2009.0,94.4284,EN_EWT_GENPCAP,E-waste generated per capita (kg)
Senegal,2010.0,121.95884,EN_EWT_GENPCAP,E-waste generated per capita (kg)
Senegal,2011.0,155.95459,EN_EWT_GENPCAP,E-waste generated per capita (kg)
Senegal,2012.0,94.58698,EN_EWT_GENPCAP,E-waste generated per capita (kg)
Senegal,2013.0,109.76709,EN_EWT_GENPCAP,E-waste generated per capita (kg)
Senegal,2014.0,127.26027,EN_EWT_GENPCAP,E-waste generated per capita (kg)
Senegal,2015.0,147.80725,EN_EWT_GENPCAP,E-waste generated per capita (kg)
Senegal,2016.0,205.12794,EN_EWT_GENPCAP,E-waste generated per capita (kg)
Senegal,2017.0,284.97577,EN_EWT_GENPCAP,E-waste generated per capita (kg)
Small island developing States (SIDS),2010.0,4.07137,EN_EWT_GENPCAP,E-waste generated per capita (kg)
Small island developing States (SIDS),2011.0,4.29728,EN_EWT_GENPCAP,E-waste generated per capita (kg)
Small island developing States (SIDS),2012.0,4.51297,EN_EWT_GENPCAP,E-waste generated per capita (kg)
Small island developing States (SIDS),2013.0,4.71885,EN_EWT_GENPCAP,E-waste generated per capita (kg)
Small island developing States (SIDS),2014.0,4.90882,EN_EWT_GENPCAP,E-waste generated per capita (kg)
Small island developing States (SIDS),2015.0,5.08625,EN_EWT_GENPCAP,E-waste generated per capita (kg)
Small island developing States (SIDS),2016.0,5.25384,EN_EWT_GENPCAP,E-waste generated per capita (kg)
Small island developing States (SIDS),2017.0,5.41716,EN_EWT_GENPCAP,E-waste generated per capita (kg)
Small island developing States (SIDS),2018.0,5.56895,EN_EWT_GENPCAP,E-waste generated per capita (kg)
Small island developing States (SIDS),2019.0,5.70729,EN_EWT_GENPCAP,E-waste generated per capita (kg)
Small island developing States (SIDS),2020.0,5.83665,EN_EWT_GENPCAP,E-waste generated per capita (kg)
Small island developing States (SIDS),2021.0,5.95577,EN_EWT_GENPCAP,E-waste generated per capita (kg)
Small island developing States (SIDS),2022.0,6.05828,EN_EWT_GENPCAP,E-waste generated per capita (kg)
Small island developing States (SIDS),2023.0,6.15829,EN_EWT_GENPCAP,E-waste generated per capita (kg)
Small island developing States (SIDS),2024.0,6.27136,EN_EWT_GENPCAP,E-waste generated per capita (kg)
Small island developing States (SIDS),2025.0,6.39125,EN_EWT_GENPCAP,E-waste generated per capita (kg)
South Africa,2018.0,1248.6409,EN_EWT_GENPCAP,E-waste generated per capita (kg)
South Africa,2019.0,2549.92899,EN_EWT_GENPCAP,E-waste generated per capita (kg)
South Africa,2020.0,1107.26727,EN_EWT_GENPCAP,E-waste generated per capita (kg)
South Africa,2021.0,89.18029,EN_EWT_GENPCAP,E-waste generated per capita (kg)
South Africa,2022.0,1047.09145,EN_EWT_GENPCAP,E-waste generated per capita (kg)
South Africa,2023.0,1.70853,EN_EWT_GENPCAP,E-waste generated per capita (kg)
South America,2010.0,5.84946,EN_EWT_GENPCAP,E-waste generated per capita (kg)
South America,2011.0,6.29003,EN_EWT_GENPCAP,E-waste generated per capita (kg)
South America,2012.0,6.74493,EN_EWT_GENPCAP,E-waste generated per capita (kg)
South America,2013.0,7.19602,EN_EWT_GENPCAP,E-waste generated per capita (kg)
South America,2014.0,7.62937,EN_EWT_GENPCAP,E-waste generated per capita (kg)
South America,2015.0,8.04899,EN_EWT_GENPCAP,E-waste generated per capita (kg)
South America,2016.0,8.445,EN_EWT_GENPCAP,E-waste generated per capita (kg)
South America,2017.0,8.82059,EN_EWT_GENPCAP,E-waste generated per capita (kg)
South America,2018.0,9.17869,EN_EWT_GENPCAP,E-waste generated per capita (kg)
South America,2019.0,9.50309,EN_EWT_GENPCAP,E-waste generated per capita (kg)
South America,2020.0,9.77127,EN_EWT_GENPCAP,E-waste generated per capita (kg)
South America,2021.0,10.02182,EN_EWT_GENPCAP,E-waste generated per capita (kg)
South America,2022.0,10.2505,EN_EWT_GENPCAP,E-waste generated per capita (kg)
South America,2023.0,10.45577,EN_EWT_GENPCAP,E-waste generated per capita (kg)
South America,2024.0,10.64716,EN_EWT_GENPCAP,E-waste generated per capita (kg)
South America,2025.0,10.83087,EN_EWT_GENPCAP,E-waste generated per capita (kg)
South-Eastern Asia,2010.0,3.3868,EN_EWT_GENPCAP,E-waste generated per capita (kg)
South-Eastern Asia,2011.0,3.66009,EN_EWT_GENPCAP,E-waste generated per capita (kg)
South-Eastern Asia,2012.0,3.93244,EN_EWT_GENPCAP,E-waste generated per capita (kg)
South-Eastern Asia,2013.0,4.19323,EN_EWT_GENPCAP,E-waste generated per capita (kg)
South-Eastern Asia,2014.0,4.4303,EN_EWT_GENPCAP,E-waste generated per capita (kg)
South-Eastern Asia,2015.0,4.65983,EN_EWT_GENPCAP,E-waste generated per capita (kg)
South-Eastern Asia,2016.0,4.89015,EN_EWT_GENPCAP,E-waste generated per capita (kg)
South-Eastern Asia,2017.0,5.1317,EN_EWT_GENPCAP,E-waste generated per capita (kg)
South-Eastern Asia,2018.0,5.3899,EN_EWT_GENPCAP,E-waste generated per capita (kg)
South-Eastern Asia,2019.0,5.64663,EN_EWT_GENPCAP,E-waste generated per capita (kg)
South-Eastern Asia,2020.0,5.88426,EN_EWT_GENPCAP,E-waste generated per capita (kg)
South-Eastern Asia,2021.0,6.12178,EN_EWT_GENPCAP,E-waste generated per capita (kg)
South-Eastern Asia,2022.0,6.36927,EN_EWT_GENPCAP,E-waste generated per capita (kg)
South-Eastern Asia,2023.0,6.62627,EN_EWT_GENPCAP,E-waste generated per capita (kg)
South-Eastern Asia,2024.0,6.8942,EN_EWT_GENPCAP,E-waste generated per capita (kg)
South-Eastern Asia,2025.0,7.17198,EN_EWT_GENPCAP,E-waste generated per capita (kg)
Southern Africa,2010.0,5.32157,EN_EWT_GENPCAP,E-waste generated per capita (kg)
Southern Africa,2011.0,5.70229,EN_EWT_GENPCAP,E-waste generated per capita (kg)
Southern Africa,2012.0,6.06712,EN_EWT_GENPCAP,E-waste generated per capita (kg)
Southern Africa,2013.0,6.38854,EN_EWT_GENPCAP,E-waste generated per capita (kg)
Southern Africa,2014.0,6.66696,EN_EWT_GENPCAP,E-waste generated per capita (kg)
Southern Africa,2015.0,6.89123,EN_EWT_GENPCAP,E-waste generated per capita (kg)
Southern Africa,2016.0,7.15927,EN_EWT_GENPCAP,E-waste generated per capita (kg)
Southern Africa,2017.0,7.43568,EN_EWT_GENPCAP,E-waste generated per capita (kg)
Southern Africa,2018.0,7.63505,EN_EWT_GENPCAP,E-waste generated per capita (kg)
Southern Africa,2019.0,7.80546,EN_EWT_GENPCAP,E-waste generated per capita (kg)
Southern Africa,2020.0,7.91839,EN_EWT_GENPCAP,E-waste generated per capita (kg)
Southern Africa,2021.0,8.00694,EN_EWT_GENPCAP,E-waste generated per capita (kg)
Southern Africa,2022.0,8.11071,EN_EWT_GENPCAP,E-waste generated per capita (kg)
Southern Africa,2023.0,8.23324,EN_EWT_GENPCAP,E-waste generated per capita (kg)
Southern Africa,2024.0,8.36836,EN_EWT_GENPCAP,E-waste generated per capita (kg)
Southern Africa,2025.0,8.51631,EN_EWT_GENPCAP,E-waste generated per capita (kg)
Southern Asia,2010.0,1.076,EN_EWT_GENPCAP,E-waste generated per capita (kg)
Southern Asia,2011.0,1.18305,EN_EWT_GENPCAP,E-waste generated per capita (kg)
Southern Asia,2012.0,1.29326,EN_EWT_GENPCAP,E-waste generated per capita (kg)
Southern Asia,2013.0,1.40486,EN_EWT_GENPCAP,E-waste generated per capita (kg)
Southern Asia,2014.0,1.52412,EN_EWT_GENPCAP,E-waste generated per capita (kg)
Southern Asia,2015.0,1.65853,EN_EWT_GENPCAP,E-waste generated per capita (kg)
Southern Asia,2016.0,1.81411,EN_EWT_GENPCAP,E-waste generated per capita (kg)
Southern Asia,2017.0,1.98641,EN_EWT_GENPCAP,E-waste generated per capita (kg)
Southern Asia,2018.0,2.17654,EN_EWT_GENPCAP,E-waste generated per capita (kg)
Southern Asia,2019.0,2.38266,EN_EWT_GENPCAP,E-waste generated per capita (kg)
Southern Asia,2020.0,2.59138,EN_EWT_GENPCAP,E-waste generated per capita (kg)
Southern Asia,2021.0,2.80455,EN_EWT_GENPCAP,E-waste generated per capita (kg)
Southern Asia,2022.0,3.03606,EN_EWT_GENPCAP,E-waste generated per capita (kg)
Southern Asia,2023.0,3.27654,EN_EWT_GENPCAP,E-waste generated per capita (kg)
Southern Asia,2024.0,3.52241,EN_EWT_GENPCAP,E-waste generated per capita (kg)
Southern Asia,2025.0,3.76999,EN_EWT_GENPCAP,E-waste generated per capita (kg)
Southern Europe,2010.0,15.22773,EN_EWT_GENPCAP,E-waste generated per capita (kg)
Southern Europe,2011.0,15.70469,EN_EWT_GENPCAP,E-waste generated per capita (kg)
Southern Europe,2012.0,16.10813,EN_EWT_GENPCAP,E-waste generated per capita (kg)
Southern Europe,2013.0,16.45225,EN_EWT_GENPCAP,E-waste generated per capita (kg)
Southern Europe,2014.0,16.73557,EN_EWT_GENPCAP,E-waste generated per capita (kg)
Southern Europe,2015.0,16.96961,EN_EWT_GENPCAP,E-waste generated per capita (kg)
Southern Europe,2016.0,17.15871,EN_EWT_GENPCAP,E-waste generated per capita (kg)
Southern Europe,2017.0,17.29625,EN_EWT_GENPCAP,E-waste generated per capita (kg)
Southern Europe,2018.0,17.39625,EN_EWT_GENPCAP,E-waste generated per capita (kg)
Southern Europe,2019.0,17.46613,EN_EWT_GENPCAP,E-waste generated per capita (kg)
Southern Europe,2020.0,17.5305,EN_EWT_GENPCAP,E-waste generated per capita (kg)
Southern Europe,2021.0,17.647,EN_EWT_GENPCAP,E-waste generated per capita (kg)
Southern Europe,2022.0,17.7624,EN_EWT_GENPCAP,E-waste generated per capita (kg)
Southern Europe,2023.0,17.88524,EN_EWT_GENPCAP,E-waste generated per capita (kg)
Southern Europe,2024.0,18.04565,EN_EWT_GENPCAP,E-waste generated per capita (kg)
Southern Europe,2025.0,18.21669,EN_EWT_GENPCAP,E-waste generated per capita (kg)
Spain,2021.0,14.25,EN_EWT_GENPCAP,E-waste generated per capita (kg)
Spain,2022.0,14.14,EN_EWT_GENPCAP,E-waste generated per capita (kg)
Spain,2023.0,16.64,EN_EWT_GENPCAP,E-waste generated per capita (kg)
State of Palestine,2016.0,129.70729,EN_EWT_GENPCAP,E-waste generated per capita (kg)
State of Palestine,2019.0,4.03407,EN_EWT_GENPCAP,E-waste generated per capita (kg)
Sub-Saharan Africa,2010.0,1.01817,EN_EWT_GENPCAP,E-waste generated per capita (kg)
Sub-Saharan Africa,2011.0,1.10546,EN_EWT_GENPCAP,E-waste generated per capita (kg)
Sub-Saharan Africa,2012.0,1.19108,EN_EWT_GENPCAP,E-waste generated per capita (kg)
Sub-Saharan Africa,2013.0,1.27221,EN_EWT_GENPCAP,E-waste generated per capita (kg)
Sub-Saharan Africa,2014.0,1.34691,EN_EWT_GENPCAP,E-waste generated per capita (kg)
Sub-Saharan Africa,2015.0,1.41527,EN_EWT_GENPCAP,E-waste generated per capita (kg)
Sub-Saharan Africa,2016.0,1.48007,EN_EWT_GENPCAP,E-waste generated per capita (kg)
Sub-Saharan Africa,2017.0,1.54168,EN_EWT_GENPCAP,E-waste generated per capita (kg)
Sub-Saharan Africa,2018.0,1.59687,EN_EWT_GENPCAP,E-waste generated per capita (kg)
Sub-Saharan Africa,2019.0,1.64499,EN_EWT_GENPCAP,E-waste generated per capita (kg)
Sub-Saharan Africa,2020.0,1.68345,EN_EWT_GENPCAP,E-waste generated per capita (kg)
Sub-Saharan Africa,2021.0,1.71633,EN_EWT_GENPCAP,E-waste generated per capita (kg)
Sub-Saharan Africa,2022.0,1.74862,EN_EWT_GENPCAP,E-waste generated per capita (kg)
Sub-Saharan Africa,2023.0,1.78123,EN_EWT_GENPCAP,E-waste generated per capita (kg)
Sub-Saharan Africa,2024.0,1.81462,EN_EWT_GENPCAP,E-waste generated per capita (kg)
Sub-Saharan Africa,2025.0,1.84973,EN_EWT_GENPCAP,E-waste generated per capita (kg)
Suriname,2000.0,1303.83934,EN_EWT_GENPCAP,E-waste generated per capita (kg)
Suriname,2001.0,1695.07811,EN_EWT_GENPCAP,E-waste generated per capita (kg)
Suriname,2002.0,1970.58673,EN_EWT_GENPCAP,E-waste generated per capita (kg)
Suriname,2003.0,2226.29251,EN_EWT_GENPCAP,E-waste generated per capita (kg)
Suriname,2004.0,2445.88424,EN_EWT_GENPCAP,E-waste generated per capita (kg)
Suriname,2005.0,2596.27899,EN_EWT_GENPCAP,E-waste generated per capita (kg)
Suriname,2006.0,2731.71404,EN_EWT_GENPCAP,E-waste generated per capita (kg)
Suriname,2007.0,2861.68971,EN_EWT_GENPCAP,E-waste generated per capita (kg)
Suriname,2008.0,3083.95707,EN_EWT_GENPCAP,E-waste generated per capita (kg)
Suriname,2009.0,3428.32732,EN_EWT_GENPCAP,E-waste generated per capita (kg)
Suriname,2010.0,3773.93599,EN_EWT_GENPCAP,E-waste generated per capita (kg)
Suriname,2011.0,4161.5779,EN_EWT_GENPCAP,E-waste generated per capita (kg)
Suriname,2012.0,4421.67686,EN_EWT_GENPCAP,E-waste generated per capita (kg)
Suriname,2013.0,4682.89411,EN_EWT_GENPCAP,E-waste generated per capita (kg)
Suriname,2014.0,5005.32849,EN_EWT_GENPCAP,E-waste generated per capita (kg)
Suriname,2015.0,5387.90191,EN_EWT_GENPCAP,E-waste generated per capita (kg)
Suriname,2016.0,5775.33588,EN_EWT_GENPCAP,E-waste generated per capita (kg)
Suriname,2017.0,5812.88758,EN_EWT_GENPCAP,E-waste generated per capita (kg)
Suriname,2018.0,5824.4435,EN_EWT_GENPCAP,E-waste generated per capita (kg)
Suriname,2019.0,5839.37641,EN_EWT_GENPCAP,E-waste generated per capita (kg)
Suriname,2020.0,5816.13479,EN_EWT_GENPCAP,E-waste generated per capita (kg)
Suriname,2021.0,5797.19989,EN_EWT_GENPCAP,E-waste generated per capita (kg)
Thailand,2012.0,1.88922,EN_EWT_GENPCAP,E-waste generated per capita (kg)
Thailand,2013.0,5.27367,EN_EWT_GENPCAP,E-waste generated per capita (kg)
Thailand,2014.0,5.36627,EN_EWT_GENPCAP,E-waste generated per capita (kg)
Thailand,2015.0,5.44692,EN_EWT_GENPCAP,E-waste generated per capita (kg)
Thailand,2016.0,5.54715,EN_EWT_GENPCAP,E-waste generated per capita (kg)
Thailand,2017.0,5.64051,EN_EWT_GENPCAP,E-waste generated per capita (kg)
Thailand,2018.0,5.80937,EN_EWT_GENPCAP,E-waste generated per capita (kg)
Thailand,2019.0,5.89089,EN_EWT_GENPCAP,E-waste generated per capita (kg)
Thailand,2020.0,5.97573,EN_EWT_GENPCAP,E-waste generated per capita (kg)
Thailand,2021.0,6.06728,EN_EWT_GENPCAP,E-waste generated per capita (kg)
Thailand,2022.0,6.12599,EN_EWT_GENPCAP,E-waste generated per capita (kg)
Thailand,2023.0,6.16785,EN_EWT_GENPCAP,E-waste generated per capita (kg)
Uganda,2000.0,118.26851,EN_EWT_GENPCAP,E-waste generated per capita (kg)
Uganda,2001.0,122.45232,EN_EWT_GENPCAP,E-waste generated per capita (kg)
Uganda,2002.0,127.79971,EN_EWT_GENPCAP,E-waste generated per capita (kg)
Uganda,2003.0,134.49476,EN_EWT_GENPCAP,E-waste generated per capita (kg)
Uganda,2004.0,139.86026,EN_EWT_GENPCAP,E-waste generated per capita (kg)
Uganda,2005.0,150.85194,EN_EWT_GENPCAP,E-waste generated per capita (kg)
Uganda,2006.0,162.09025,EN_EWT_GENPCAP,E-waste generated per capita (kg)
Uganda,2007.0,191.57156,EN_EWT_GENPCAP,E-waste generated per capita (kg)
Uganda,2008.0,226.87794,EN_EWT_GENPCAP,E-waste generated per capita (kg)
Uganda,2009.0,244.93221,EN_EWT_GENPCAP,E-waste generated per capita (kg)
Uganda,2010.0,270.70068,EN_EWT_GENPCAP,E-waste generated per capita (kg)
Uganda,2011.0,301.59618,EN_EWT_GENPCAP,E-waste generated per capita (kg)
Uganda,2012.0,334.56126,EN_EWT_GENPCAP,E-waste generated per capita (kg)
Uganda,2013.0,368.65485,EN_EWT_GENPCAP,E-waste generated per capita (kg)
Uganda,2014.0,415.3678,EN_EWT_GENPCAP,E-waste generated per capita (kg)
Uganda,2015.0,438.91758,EN_EWT_GENPCAP,E-waste generated per capita (kg)
Uganda,2016.0,454.54037,EN_EWT_GENPCAP,E-waste generated per capita (kg)
Uganda,2017.0,461.62891,EN_EWT_GENPCAP,E-waste generated per capita (kg)
Ukraine,2010.0,0.27768,EN_EWT_GENPCAP,E-waste generated per capita (kg)
Ukraine,2011.0,0.12957,EN_EWT_GENPCAP,E-waste generated per capita (kg)
Ukraine,2012.0,0.12768,EN_EWT_GENPCAP,E-waste generated per capita (kg)
Ukraine,2013.0,0.17777,EN_EWT_GENPCAP,E-waste generated per capita (kg)
Ukraine,2014.0,0.13921,EN_EWT_GENPCAP,E-waste generated per capita (kg)
Ukraine,2015.0,0.15726,EN_EWT_GENPCAP,E-waste generated per capita (kg)
Ukraine,2016.0,0.08769,EN_EWT_GENPCAP,E-waste generated per capita (kg)
Ukraine,2017.0,0.09024,EN_EWT_GENPCAP,E-waste generated per capita (kg)
Ukraine,2018.0,0.08405,EN_EWT_GENPCAP,E-waste generated per capita (kg)
Ukraine,2019.0,0.10009,EN_EWT_GENPCAP,E-waste generated per capita (kg)
United Republic of Tanzania,2000.0,41.12943,EN_EWT_GENPCAP,E-waste generated per capita (kg)
United Republic of Tanzania,2001.0,71.69096,EN_EWT_GENPCAP,E-waste generated per capita (kg)
United Republic of Tanzania,2002.0,107.42692,EN_EWT_GENPCAP,E-waste generated per capita (kg)
United Republic of Tanzania,2003.0,146.80415,EN_EWT_GENPCAP,E-waste generated per capita (kg)
United Republic of Tanzania,2004.0,187.13097,EN_EWT_GENPCAP,E-waste generated per capita (kg)
United Republic of Tanzania,2005.0,225.15656,EN_EWT_GENPCAP,E-waste generated per capita (kg)
United Republic of Tanzania,2006.0,263.23183,EN_EWT_GENPCAP,E-waste generated per capita (kg)
United Republic of Tanzania,2007.0,302.50139,EN_EWT_GENPCAP,E-waste generated per capita (kg)
United Republic of Tanzania,2008.0,345.53318,EN_EWT_GENPCAP,E-waste generated per capita (kg)
United Republic of Tanzania,2009.0,392.6802,EN_EWT_GENPCAP,E-waste generated per capita (kg)
United Republic of Tanzania,2010.0,437.22433,EN_EWT_GENPCAP,E-waste generated per capita (kg)
United Republic of Tanzania,2011.0,479.40042,EN_EWT_GENPCAP,E-waste generated per capita (kg)
United Republic of Tanzania,2012.0,518.50729,EN_EWT_GENPCAP,E-waste generated per capita (kg)
United Republic of Tanzania,2013.0,551.02673,EN_EWT_GENPCAP,E-waste generated per capita (kg)
United Republic of Tanzania,2014.0,578.46327,EN_EWT_GENPCAP,E-waste generated per capita (kg)
United Republic of Tanzania,2015.0,603.01654,EN_EWT_GENPCAP,E-waste generated per capita (kg)
United Republic of Tanzania,2016.0,626.5828,EN_EWT_GENPCAP,E-waste generated per capita (kg)
United Republic of Tanzania,2017.0,642.46618,EN_EWT_GENPCAP,E-waste generated per capita (kg)
United States of America,2000.0,21.15546,EN_EWT_GENPCAP,E-waste generated per capita (kg)
United States of America,2005.0,22.77811,EN_EWT_GENPCAP,E-waste generated per capita (kg)
United States of America,2010.0,26.30693,EN_EWT_GENPCAP,E-waste generated per capita (kg)
United States of America,2015.0,28.31249,EN_EWT_GENPCAP,E-waste generated per capita (kg)
United States of America,2017.0,28.23773,EN_EWT_GENPCAP,E-waste generated per capita (kg)
United States of America,2018.0,28.06171,EN_EWT_GENPCAP,E-waste generated per capita (kg)
Uzbekistan,2016.0,0.04155,EN_EWT_GENPCAP,E-waste generated per capita (kg)
Uzbekistan,2019.0,3.45824,EN_EWT_GENPCAP,E-waste generated per capita (kg)
Uzbekistan,2020.0,0.71458,EN_EWT_GENPCAP,E-waste generated per capita (kg)
Uzbekistan,2021.0,9.61981,EN_EWT_GENPCAP,E-waste generated per capita (kg)
Western Africa,2010.0,0.85684,EN_EWT_GENPCAP,E-waste generated per capita (kg)
Western Africa,2011.0,0.94834,EN_EWT_GENPCAP,E-waste generated per capita (kg)
Western Africa,2012.0,1.03877,EN_EWT_GENPCAP,E-waste generated per capita (kg)
Western Africa,2013.0,1.12761,EN_EWT_GENPCAP,E-waste generated per capita (kg)
Western Africa,2014.0,1.20884,EN_EWT_GENPCAP,E-waste generated per capita (kg)
Western Africa,2015.0,1.2872,EN_EWT_GENPCAP,E-waste generated per capita (kg)
Western Africa,2016.0,1.364,EN_EWT_GENPCAP,E-waste generated per capita (kg)
Western Africa,2017.0,1.43901,EN_EWT_GENPCAP,E-waste generated per capita (kg)
Western Africa,2018.0,1.50824,EN_EWT_GENPCAP,E-waste generated per capita (kg)
Western Africa,2019.0,1.57188,EN_EWT_GENPCAP,E-waste generated per capita (kg)
Western Africa,2020.0,1.62855,EN_EWT_GENPCAP,E-waste generated per capita (kg)
Western Africa,2021.0,1.67817,EN_EWT_GENPCAP,E-waste generated per capita (kg)
Western Africa,2022.0,1.72516,EN_EWT_GENPCAP,E-waste generated per capita (kg)
Western Africa,2023.0,1.77164,EN_EWT_GENPCAP,E-waste generated per capita (kg)
Western Africa,2024.0,1.81908,EN_EWT_GENPCAP,E-waste generated per capita (kg)
Western Africa,2025.0,1.86754,EN_EWT_GENPCAP,E-waste generated per capita (kg)
Western Asia,2010.0,6.37245,EN_EWT_GENPCAP,E-waste generated per capita (kg)
Western Asia,2011.0,6.73754,EN_EWT_GENPCAP,E-waste generated per capita (kg)
Western Asia,2012.0,7.09865,EN_EWT_GENPCAP,E-waste generated per capita (kg)
Western Asia,2013.0,7.45159,EN_EWT_GENPCAP,E-waste generated per capita (kg)
Western Asia,2014.0,7.77271,EN_EWT_GENPCAP,E-waste generated per capita (kg)
Western Asia,2015.0,8.05101,EN_EWT_GENPCAP,E-waste generated per capita (kg)
Western Asia,2016.0,8.33596,EN_EWT_GENPCAP,E-waste generated per capita (kg)
Western Asia,2017.0,8.64943,EN_EWT_GENPCAP,E-waste generated per capita (kg)
Western Asia,2018.0,8.95624,EN_EWT_GENPCAP,E-waste generated per capita (kg)
Western Asia,2019.0,9.24423,EN_EWT_GENPCAP,E-waste generated per capita (kg)
Western Asia,2020.0,9.50099,EN_EWT_GENPCAP,E-waste generated per capita (kg)
Western Asia,2021.0,9.74112,EN_EWT_GENPCAP,E-waste generated per capita (kg)
Western Asia,2022.0,9.93208,EN_EWT_GENPCAP,E-waste generated per capita (kg)
Western Asia,2023.0,10.10418,EN_EWT_GENPCAP,E-waste generated per capita (kg)
Western Asia,2024.0,10.30299,EN_EWT_GENPCAP,E-waste generated per capita (kg)
Western Asia,2025.0,10.51338,EN_EWT_GENPCAP,E-waste generated per capita (kg)
Western Europe,2010.0,17.95471,EN_EWT_GENPCAP,E-waste generated per capita (kg)
Western Europe,2011.0,18.51561,EN_EWT_GENPCAP,E-waste generated per capita (kg)
Western Europe,2012.0,19.01478,EN_EWT_GENPCAP,E-waste generated per capita (kg)
Western Europe,2013.0,19.43963,EN_EWT_GENPCAP,E-waste generated per capita (kg)
Western Europe,2014.0,19.78026,EN_EWT_GENPCAP,E-waste generated per capita (kg)
Western Europe,2015.0,20.04213,EN_EWT_GENPCAP,E-waste generated per capita (kg)
Western Europe,2016.0,20.27291,EN_EWT_GENPCAP,E-waste generated per capita (kg)
Western Europe,2017.0,20.50945,EN_EWT_GENPCAP,E-waste generated per capita (kg)
Western Europe,2018.0,20.72285,EN_EWT_GENPCAP,E-waste generated per capita (kg)
Western Europe,2019.0,20.92642,EN_EWT_GENPCAP,E-waste generated per capita (kg)
Western Europe,2020.0,21.11665,EN_EWT_GENPCAP,E-waste generated per capita (kg)
Western Europe,2021.0,21.28618,EN_EWT_GENPCAP,E-waste generated per capita (kg)
Western Europe,2022.0,21.37564,EN_EWT_GENPCAP,E-waste generated per capita (kg)
Western Europe,2023.0,21.44703,EN_EWT_GENPCAP,E-waste generated per capita (kg)
Western Europe,2024.0,21.58431,EN_EWT_GENPCAP,E-waste generated per capita (kg)
Western Europe,2025.0,21.76957,EN_EWT_GENPCAP,E-waste generated per capita (kg)
World,2010.0,4.8645,EN_EWT_GENPCAP,E-waste generated per capita (kg)
World,2011.0,5.15899,EN_EWT_GENPCAP,E-waste generated per capita (kg)
World,2012.0,5.44748,EN_EWT_GENPCAP,E-waste generated per capita (kg)
World,2013.0,5.71986,EN_EWT_GENPCAP,E-waste generated per capita (kg)
World,2014.0,5.96781,EN_EWT_GENPCAP,E-waste generated per capita (kg)
World,2015.0,6.19965,EN_EWT_GENPCAP,E-waste generated per capita (kg)
World,2016.0,6.42584,EN_EWT_GENPCAP,E-waste generated per capita (kg)
World,2017.0,6.64783,EN_EWT_GENPCAP,E-waste generated per capita (kg)
World,2018.0,6.87412,EN_EWT_GENPCAP,E-waste generated per capita (kg)
World,2019.0,7.09989,EN_EWT_GENPCAP,E-waste generated per capita (kg)
World,2020.0,7.30805,EN_EWT_GENPCAP,E-waste generated per capita (kg)
World,2021.0,7.512,EN_EWT_GENPCAP,E-waste generated per capita (kg)
World,2022.0,7.71789,EN_EWT_GENPCAP,E-waste generated per capita (kg)
World,2023.0,7.93042,EN_EWT_GENPCAP,E-waste generated per capita (kg)
World,2024.0,8.15273,EN_EWT_GENPCAP,E-waste generated per capita (kg)
World,2025.0,8.38371,EN_EWT_GENPCAP,E-waste generated per capita (kg)
Zimbabwe,2017.0,0.27004,EN_EWT_GENPCAP,E-waste generated per capita (kg)
Africa,2010.0,1855.24866,EN_EWT_COLLV,E-waste collected (tonnes)
Africa,2011.0,2000,EN_EWT_COLLV,E-waste collected (tonnes)
Africa,2012.0,79.33206,EN_EWT_COLLV,E-waste collected (tonnes)
Africa,2013.0,84.59815,EN_EWT_COLLV,E-waste collected (tonnes)
Africa,2014.0,89.85781,EN_EWT_COLLV,E-waste collected (tonnes)
Africa,2015.0,98.1117,EN_EWT_COLLV,E-waste collected (tonnes)
Africa,2016.0,120.72598,EN_EWT_COLLV,E-waste collected (tonnes)
Africa,2017.0,116.36854,EN_EWT_COLLV,E-waste collected (tonnes)
Africa,2018.0,1089.58265,EN_EWT_COLLV,E-waste collected (tonnes)
Africa,2019.0,1742.18681,EN_EWT_COLLV,E-waste collected (tonnes)
Africa,2020.0,2063.41929,EN_EWT_COLLV,E-waste collected (tonnes)
Africa,2021.0,2235.47888,EN_EWT_COLLV,E-waste collected (tonnes)
Africa,2022.0,2419.62977,EN_EWT_COLLV,E-waste collected (tonnes)
Americas,2010.0,3148800,EN_EWT_COLLV,E-waste collected (tonnes)
Americas,2011.0,3355917.015,EN_EWT_COLLV,E-waste collected (tonnes)
Americas,2012.0,3564535.677,EN_EWT_COLLV,E-waste collected (tonnes)
Americas,2013.0,3816737.096,EN_EWT_COLLV,E-waste collected (tonnes)
Americas,2014.0,3021612.556,EN_EWT_COLLV,E-waste collected (tonnes)
Americas,2015.0,4161390.94,EN_EWT_COLLV,E-waste collected (tonnes)
Americas,2016.0,4073243.279,EN_EWT_COLLV,E-waste collected (tonnes)
Americas,2017.0,4086724.213,EN_EWT_COLLV,E-waste collected (tonnes)
Americas,2018.0,4146771.964,EN_EWT_COLLV,E-waste collected (tonnes)
Americas,2019.0,4119204.524,EN_EWT_COLLV,E-waste collected (tonnes)
Americas,2020.0,4190768.871,EN_EWT_COLLV,E-waste collected (tonnes)
Americas,2021.0,4261986.477,EN_EWT_COLLV,E-waste collected (tonnes)
Americas,2022.0,4327340.648,EN_EWT_COLLV,E-waste collected (tonnes)
Andorra,2018.0,388.6,EN_EWT_COLLV,E-waste collected (tonnes)
Andorra,2019.0,358,EN_EWT_COLLV,E-waste collected (tonnes)
Andorra,2020.0,381.9,EN_EWT_COLLV,E-waste collected (tonnes)
Andorra,2021.0,371.7,EN_EWT_COLLV,E-waste collected (tonnes)
Andorra,2022.0,389.3,EN_EWT_COLLV,E-waste collected (tonnes)
Andorra,2023.0,374.6,EN_EWT_COLLV,E-waste collected (tonnes)
Antigua and Barbuda,2020.0,2140,EN_EWT_COLLV,E-waste collected (tonnes)
Antigua and Barbuda,2021.0,2120,EN_EWT_COLLV,E-waste collected (tonnes)
Asia,2010.0,1029609,EN_EWT_COLLV,E-waste collected (tonnes)
Asia,2011.0,937343,EN_EWT_COLLV,E-waste collected (tonnes)
Asia,2012.0,743132,EN_EWT_COLLV,E-waste collected (tonnes)
Asia,2013.0,2150701,EN_EWT_COLLV,E-waste collected (tonnes)
Asia,2014.0,2102610.303,EN_EWT_COLLV,E-waste collected (tonnes)
Asia,2015.0,2321282.189,EN_EWT_COLLV,E-waste collected (tonnes)
Asia,2016.0,2531045.358,EN_EWT_COLLV,E-waste collected (tonnes)
Asia,2017.0,2684978.586,EN_EWT_COLLV,E-waste collected (tonnes)
Asia,2018.0,2882630.301,EN_EWT_COLLV,E-waste collected (tonnes)
Asia,2019.0,3078540.187,EN_EWT_COLLV,E-waste collected (tonnes)
Asia,2020.0,3303694.287,EN_EWT_COLLV,E-waste collected (tonnes)
Asia,2021.0,3451218.207,EN_EWT_COLLV,E-waste collected (tonnes)
Asia,2022.0,3568097.41,EN_EWT_COLLV,E-waste collected (tonnes)
Australia,2019.0,277429.3746,EN_EWT_COLLV,E-waste collected (tonnes)
Australia and New Zealand,2012.0,41000,EN_EWT_COLLV,E-waste collected (tonnes)
Australia and New Zealand,2013.0,40884.24678,EN_EWT_COLLV,E-waste collected (tonnes)
Australia and New Zealand,2014.0,43000,EN_EWT_COLLV,E-waste collected (tonnes)
Australia and New Zealand,2015.0,52151.09177,EN_EWT_COLLV,E-waste collected (tonnes)
Australia and New Zealand,2016.0,54233.575,EN_EWT_COLLV,E-waste collected (tonnes)
Australia and New Zealand,2017.0,56068.31632,EN_EWT_COLLV,E-waste collected (tonnes)
Australia and New Zealand,2018.0,57650,EN_EWT_COLLV,E-waste collected (tonnes)
Australia and New Zealand,2019.0,277429.3746,EN_EWT_COLLV,E-waste collected (tonnes)
Australia and New Zealand,2020.0,282672.4406,EN_EWT_COLLV,E-waste collected (tonnes)
Australia and New Zealand,2021.0,288131.9948,EN_EWT_COLLV,E-waste collected (tonnes)
Australia and New Zealand,2022.0,292362.342,EN_EWT_COLLV,E-waste collected (tonnes)
Austria,2005.0,19296,EN_EWT_COLLV,E-waste collected (tonnes)
Austria,2006.0,62629,EN_EWT_COLLV,E-waste collected (tonnes)
Austria,2007.0,64525,EN_EWT_COLLV,E-waste collected (tonnes)
Austria,2008.0,74754,EN_EWT_COLLV,E-waste collected (tonnes)
Austria,2009.0,75562,EN_EWT_COLLV,E-waste collected (tonnes)
Austria,2010.0,74256,EN_EWT_COLLV,E-waste collected (tonnes)
Austria,2011.0,75464,EN_EWT_COLLV,E-waste collected (tonnes)
Austria,2012.0,77402,EN_EWT_COLLV,E-waste collected (tonnes)
Austria,2013.0,76835,EN_EWT_COLLV,E-waste collected (tonnes)
Austria,2014.0,77726,EN_EWT_COLLV,E-waste collected (tonnes)
Austria,2015.0,80246,EN_EWT_COLLV,E-waste collected (tonnes)
Austria,2016.0,84776,EN_EWT_COLLV,E-waste collected (tonnes)
Austria,2017.0,116475,EN_EWT_COLLV,E-waste collected (tonnes)
Austria,2018.0,116414,EN_EWT_COLLV,E-waste collected (tonnes)
Austria,2019.0,133048,EN_EWT_COLLV,E-waste collected (tonnes)
Austria,2020.0,139966,EN_EWT_COLLV,E-waste collected (tonnes)
Austria,2021.0,138460,EN_EWT_COLLV,E-waste collected (tonnes)
Austria,2022.0,136852,EN_EWT_COLLV,E-waste collected (tonnes)
Austria,2023.0,144941,EN_EWT_COLLV,E-waste collected (tonnes)
Bangladesh,2019.0,160950,EN_EWT_COLLV,E-waste collected (tonnes)
Bangladesh,2020.0,158629.1,EN_EWT_COLLV,E-waste collected (tonnes)
Bangladesh,2021.0,165906.6,EN_EWT_COLLV,E-waste collected (tonnes)
Barbados,2012.0,9090,EN_EWT_COLLV,E-waste collected (tonnes)
Barbados,2013.0,108990,EN_EWT_COLLV,E-waste collected (tonnes)
Barbados,2014.0,111600,EN_EWT_COLLV,E-waste collected (tonnes)
Barbados,2015.0,59100,EN_EWT_COLLV,E-waste collected (tonnes)
Barbados,2016.0,20700,EN_EWT_COLLV,E-waste collected (tonnes)
Barbados,2017.0,35630,EN_EWT_COLLV,E-waste collected (tonnes)
Barbados,2018.0,87040,EN_EWT_COLLV,E-waste collected (tonnes)
Barbados,2019.0,66170,EN_EWT_COLLV,E-waste collected (tonnes)
Barbados,2020.0,29080,EN_EWT_COLLV,E-waste collected (tonnes)
Barbados,2021.0,18780,EN_EWT_COLLV,E-waste collected (tonnes)
Belarus,2020.0,29100,EN_EWT_COLLV,E-waste collected (tonnes)
Belarus,2021.0,23900,EN_EWT_COLLV,E-waste collected (tonnes)
Belarus,2022.0,21800,EN_EWT_COLLV,E-waste collected (tonnes)
Belarus,2023.0,23100,EN_EWT_COLLV,E-waste collected (tonnes)
Belgium,2005.0,68150,EN_EWT_COLLV,E-waste collected (tonnes)
Belgium,2006.0,76187,EN_EWT_COLLV,E-waste collected (tonnes)
Belgium,2007.0,81829,EN_EWT_COLLV,E-waste collected (tonnes)
Belgium,2008.0,89109,EN_EWT_COLLV,E-waste collected (tonnes)
Belgium,2009.0,102977,EN_EWT_COLLV,E-waste collected (tonnes)
Belgium,2010.0,105556,EN_EWT_COLLV,E-waste collected (tonnes)
Belgium,2011.0,114981,EN_EWT_COLLV,E-waste collected (tonnes)
Belgium,2012.0,116458,EN_EWT_COLLV,E-waste collected (tonnes)
Belgium,2013.0,120365,EN_EWT_COLLV,E-waste collected (tonnes)
Belgium,2014.0,116345,EN_EWT_COLLV,E-waste collected (tonnes)
Belgium,2015.0,118545,EN_EWT_COLLV,E-waste collected (tonnes)
Belgium,2016.0,127680,EN_EWT_COLLV,E-waste collected (tonnes)
Belgium,2017.0,124011,EN_EWT_COLLV,E-waste collected (tonnes)
Belgium,2018.0,138218,EN_EWT_COLLV,E-waste collected (tonnes)
Belgium,2019.0,150419,EN_EWT_COLLV,E-waste collected (tonnes)
Belgium,2020.0,159696,EN_EWT_COLLV,E-waste collected (tonnes)
Belgium,2021.0,169460,EN_EWT_COLLV,E-waste collected (tonnes)
Belgium,2022.0,164637,EN_EWT_COLLV,E-waste collected (tonnes)
Belgium,2023.0,169151,EN_EWT_COLLV,E-waste collected (tonnes)
Bhutan,2017.0,912,EN_EWT_COLLV,E-waste collected (tonnes)
Bulgaria,2007.0,22166,EN_EWT_COLLV,E-waste collected (tonnes)
Bulgaria,2008.0,40374,EN_EWT_COLLV,E-waste collected (tonnes)
Bulgaria,2009.0,33423,EN_EWT_COLLV,E-waste collected (tonnes)
Bulgaria,2010.0,45056,EN_EWT_COLLV,E-waste collected (tonnes)
Bulgaria,2011.0,40442,EN_EWT_COLLV,E-waste collected (tonnes)
Bulgaria,2012.0,38431,EN_EWT_COLLV,E-waste collected (tonnes)
Bulgaria,2013.0,35162,EN_EWT_COLLV,E-waste collected (tonnes)
Bulgaria,2014.0,42310,EN_EWT_COLLV,E-waste collected (tonnes)
Bulgaria,2015.0,61987,EN_EWT_COLLV,E-waste collected (tonnes)
Bulgaria,2016.0,61481,EN_EWT_COLLV,E-waste collected (tonnes)
Bulgaria,2017.0,54493,EN_EWT_COLLV,E-waste collected (tonnes)
Bulgaria,2018.0,52616,EN_EWT_COLLV,E-waste collected (tonnes)
Bulgaria,2019.0,61778,EN_EWT_COLLV,E-waste collected (tonnes)
Bulgaria,2020.0,75573,EN_EWT_COLLV,E-waste collected (tonnes)
Bulgaria,2021.0,93239,EN_EWT_COLLV,E-waste collected (tonnes)
Bulgaria,2022.0,101054,EN_EWT_COLLV,E-waste collected (tonnes)
Bulgaria,2023.0,115657,EN_EWT_COLLV,E-waste collected (tonnes)
Canada,2010.0,384010,EN_EWT_COLLV,E-waste collected (tonnes)
Canada,2012.0,404378,EN_EWT_COLLV,E-waste collected (tonnes)
Canada,2014.0,431905,EN_EWT_COLLV,E-waste collected (tonnes)
Canada,2016.0,432265,EN_EWT_COLLV,E-waste collected (tonnes)
Canada,2018.0,168729,EN_EWT_COLLV,E-waste collected (tonnes)
Canada,2020.0,158295,EN_EWT_COLLV,E-waste collected (tonnes)
Canada,2022.0,159382,EN_EWT_COLLV,E-waste collected (tonnes)
Caribbean,2015.0,30,EN_EWT_COLLV,E-waste collected (tonnes)
Caribbean,2016.0,85.0079,EN_EWT_COLLV,E-waste collected (tonnes)
Caribbean,2017.0,85.9537,EN_EWT_COLLV,E-waste collected (tonnes)
Caribbean,2018.0,88.37735,EN_EWT_COLLV,E-waste collected (tonnes)
Caribbean,2019.0,90.79081,EN_EWT_COLLV,E-waste collected (tonnes)
Caribbean,2020.0,93.0187,EN_EWT_COLLV,E-waste collected (tonnes)
Caribbean,2021.0,95.19634,EN_EWT_COLLV,E-waste collected (tonnes)
Caribbean,2022.0,97.52533,EN_EWT_COLLV,E-waste collected (tonnes)
Central America,2010.0,30700,EN_EWT_COLLV,E-waste collected (tonnes)
Central America,2011.0,31900,EN_EWT_COLLV,E-waste collected (tonnes)
Central America,2012.0,33760,EN_EWT_COLLV,E-waste collected (tonnes)
Central America,2013.0,34845.67537,EN_EWT_COLLV,E-waste collected (tonnes)
Central America,2014.0,36361.46243,EN_EWT_COLLV,E-waste collected (tonnes)
Central America,2015.0,38373.1517,EN_EWT_COLLV,E-waste collected (tonnes)
Central America,2016.0,40562.47016,EN_EWT_COLLV,E-waste collected (tonnes)
Central America,2017.0,42853.14248,EN_EWT_COLLV,E-waste collected (tonnes)
Central America,2018.0,45211.94875,EN_EWT_COLLV,E-waste collected (tonnes)
Central America,2019.0,52692.30316,EN_EWT_COLLV,E-waste collected (tonnes)
Central America,2020.0,54692.46121,EN_EWT_COLLV,E-waste collected (tonnes)
Central America,2021.0,58275.14962,EN_EWT_COLLV,E-waste collected (tonnes)
Central America,2022.0,60287.55926,EN_EWT_COLLV,E-waste collected (tonnes)
Central and Southern Asia,2015.0,160,EN_EWT_COLLV,E-waste collected (tonnes)
Central and Southern Asia,2016.0,30700.37192,EN_EWT_COLLV,E-waste collected (tonnes)
Central and Southern Asia,2017.0,44526.75877,EN_EWT_COLLV,E-waste collected (tonnes)
Central and Southern Asia,2018.0,49511.7851,EN_EWT_COLLV,E-waste collected (tonnes)
Central and Southern Asia,2019.0,54961.02791,EN_EWT_COLLV,E-waste collected (tonnes)
Central and Southern Asia,2020.0,60629.0338,EN_EWT_COLLV,E-waste collected (tonnes)
Central and Southern Asia,2021.0,66477.14092,EN_EWT_COLLV,E-waste collected (tonnes)
Central and Southern Asia,2022.0,72827.16013,EN_EWT_COLLV,E-waste collected (tonnes)
Central Asia,2015.0,160,EN_EWT_COLLV,E-waste collected (tonnes)
Central Asia,2016.0,1080.48545,EN_EWT_COLLV,E-waste collected (tonnes)
Central Asia,2017.0,10533.35593,EN_EWT_COLLV,E-waste collected (tonnes)
Central Asia,2018.0,10995.16711,EN_EWT_COLLV,E-waste collected (tonnes)
Central Asia,2019.0,11436.17264,EN_EWT_COLLV,E-waste collected (tonnes)
Central Asia,2020.0,11886.44502,EN_EWT_COLLV,E-waste collected (tonnes)
Central Asia,2021.0,12350.40304,EN_EWT_COLLV,E-waste collected (tonnes)
Central Asia,2022.0,12757.75071,EN_EWT_COLLV,E-waste collected (tonnes)
"China, Hong Kong Special Administrative Region",2014.0,70000,EN_EWT_COLLV,E-waste collected (tonnes)
"China, Hong Kong Special Administrative Region",2015.0,75000,EN_EWT_COLLV,E-waste collected (tonnes)
"China, Hong Kong Special Administrative Region",2016.0,75000,EN_EWT_COLLV,E-waste collected (tonnes)
"China, Hong Kong Special Administrative Region",2017.0,76000,EN_EWT_COLLV,E-waste collected (tonnes)
"China, Hong Kong Special Administrative Region",2018.0,66000,EN_EWT_COLLV,E-waste collected (tonnes)
"China, Hong Kong Special Administrative Region",2019.0,69000,EN_EWT_COLLV,E-waste collected (tonnes)
"China, Hong Kong Special Administrative Region",2020.0,58000,EN_EWT_COLLV,E-waste collected (tonnes)
"China, Hong Kong Special Administrative Region",2021.0,59000,EN_EWT_COLLV,E-waste collected (tonnes)
"China, Hong Kong Special Administrative Region",2022.0,64000,EN_EWT_COLLV,E-waste collected (tonnes)
"China, Hong Kong Special Administrative Region",2023.0,67000,EN_EWT_COLLV,E-waste collected (tonnes)
"China, Macao Special Administrative Region",2017.0,20,EN_EWT_COLLV,E-waste collected (tonnes)
"China, Macao Special Administrative Region",2018.0,120,EN_EWT_COLLV,E-waste collected (tonnes)
"China, Macao Special Administrative Region",2019.0,80,EN_EWT_COLLV,E-waste collected (tonnes)
"China, Macao Special Administrative Region",2020.0,1440,EN_EWT_COLLV,E-waste collected (tonnes)
"China, Macao Special Administrative Region",2021.0,1960,EN_EWT_COLLV,E-waste collected (tonnes)
"China, Macao Special Administrative Region",2022.0,1760,EN_EWT_COLLV,E-waste collected (tonnes)
"China, Macao Special Administrative Region",2023.0,2370,EN_EWT_COLLV,E-waste collected (tonnes)
Colombia,2021.0,4710,EN_EWT_COLLV,E-waste collected (tonnes)
Costa Rica,2019.0,5100,EN_EWT_COLLV,E-waste collected (tonnes)
Costa Rica,2020.0,5066.05782,EN_EWT_COLLV,E-waste collected (tonnes)
Costa Rica,2021.0,5687,EN_EWT_COLLV,E-waste collected (tonnes)
Costa Rica,2022.0,5611.45743,EN_EWT_COLLV,E-waste collected (tonnes)
Costa Rica,2023.0,6930,EN_EWT_COLLV,E-waste collected (tonnes)
Croatia,2011.0,17518,EN_EWT_COLLV,E-waste collected (tonnes)
Croatia,2012.0,16187,EN_EWT_COLLV,E-waste collected (tonnes)
Croatia,2013.0,15025,EN_EWT_COLLV,E-waste collected (tonnes)
Croatia,2014.0,15488,EN_EWT_COLLV,E-waste collected (tonnes)
Croatia,2015.0,23758,EN_EWT_COLLV,E-waste collected (tonnes)
Croatia,2016.0,38815,EN_EWT_COLLV,E-waste collected (tonnes)
Croatia,2017.0,36434,EN_EWT_COLLV,E-waste collected (tonnes)
Croatia,2018.0,41523,EN_EWT_COLLV,E-waste collected (tonnes)
Croatia,2019.0,40292,EN_EWT_COLLV,E-waste collected (tonnes)
Croatia,2020.0,40791,EN_EWT_COLLV,E-waste collected (tonnes)
Croatia,2021.0,35478,EN_EWT_COLLV,E-waste collected (tonnes)
Croatia,2022.0,31395,EN_EWT_COLLV,E-waste collected (tonnes)
Croatia,2023.0,32042,EN_EWT_COLLV,E-waste collected (tonnes)
Cuba,2014.0,261.6,EN_EWT_COLLV,E-waste collected (tonnes)
Cuba,2015.0,655.8,EN_EWT_COLLV,E-waste collected (tonnes)
Cuba,2016.0,824.6,EN_EWT_COLLV,E-waste collected (tonnes)
Cuba,2017.0,679.5,EN_EWT_COLLV,E-waste collected (tonnes)
Cuba,2018.0,641.2,EN_EWT_COLLV,E-waste collected (tonnes)
Cuba,2019.0,490.7,EN_EWT_COLLV,E-waste collected (tonnes)
Cuba,2020.0,401.1,EN_EWT_COLLV,E-waste collected (tonnes)
Cuba,2021.0,241.8,EN_EWT_COLLV,E-waste collected (tonnes)
Cyprus,2005.0,3487,EN_EWT_COLLV,E-waste collected (tonnes)
Cyprus,2006.0,4510,EN_EWT_COLLV,E-waste collected (tonnes)
Cyprus,2007.0,2513,EN_EWT_COLLV,E-waste collected (tonnes)
Cyprus,2008.0,2397,EN_EWT_COLLV,E-waste collected (tonnes)
Cyprus,2009.0,2297,EN_EWT_COLLV,E-waste collected (tonnes)
Cyprus,2010.0,2609,EN_EWT_COLLV,E-waste collected (tonnes)
Cyprus,2011.0,2725,EN_EWT_COLLV,E-waste collected (tonnes)
Cyprus,2012.0,2514,EN_EWT_COLLV,E-waste collected (tonnes)
Cyprus,2013.0,2283,EN_EWT_COLLV,E-waste collected (tonnes)
Cyprus,2014.0,2292,EN_EWT_COLLV,E-waste collected (tonnes)
Cyprus,2015.0,2963,EN_EWT_COLLV,E-waste collected (tonnes)
Cyprus,2016.0,2692,EN_EWT_COLLV,E-waste collected (tonnes)
Cyprus,2017.0,4696,EN_EWT_COLLV,E-waste collected (tonnes)
Cyprus,2018.0,3318,EN_EWT_COLLV,E-waste collected (tonnes)
Cyprus,2019.0,4300,EN_EWT_COLLV,E-waste collected (tonnes)
Cyprus,2020.0,5100,EN_EWT_COLLV,E-waste collected (tonnes)
Cyprus,2021.0,3562,EN_EWT_COLLV,E-waste collected (tonnes)
Cyprus,2022.0,4088,EN_EWT_COLLV,E-waste collected (tonnes)
Cyprus,2023.0,3627,EN_EWT_COLLV,E-waste collected (tonnes)
Czechia,2007.0,33396,EN_EWT_COLLV,E-waste collected (tonnes)
Czechia,2008.0,45290,EN_EWT_COLLV,E-waste collected (tonnes)
Czechia,2009.0,58206,EN_EWT_COLLV,E-waste collected (tonnes)
Czechia,2010.0,52989,EN_EWT_COLLV,E-waste collected (tonnes)
Czechia,2011.0,55438,EN_EWT_COLLV,E-waste collected (tonnes)
Czechia,2012.0,53685,EN_EWT_COLLV,E-waste collected (tonnes)
Czechia,2013.0,54215,EN_EWT_COLLV,E-waste collected (tonnes)
Czechia,2014.0,58585,EN_EWT_COLLV,E-waste collected (tonnes)
Czechia,2015.0,74288,EN_EWT_COLLV,E-waste collected (tonnes)
Czechia,2016.0,107081,EN_EWT_COLLV,E-waste collected (tonnes)
Czechia,2017.0,106656,EN_EWT_COLLV,E-waste collected (tonnes)
Czechia,2018.0,93083,EN_EWT_COLLV,E-waste collected (tonnes)
Czechia,2019.0,101319,EN_EWT_COLLV,E-waste collected (tonnes)
Czechia,2020.0,118316,EN_EWT_COLLV,E-waste collected (tonnes)
Czechia,2021.0,133421,EN_EWT_COLLV,E-waste collected (tonnes)
Czechia,2022.0,152073,EN_EWT_COLLV,E-waste collected (tonnes)
Czechia,2023.0,182417,EN_EWT_COLLV,E-waste collected (tonnes)
Denmark,2006.0,60245,EN_EWT_COLLV,E-waste collected (tonnes)
Denmark,2007.0,98308,EN_EWT_COLLV,E-waste collected (tonnes)
Denmark,2008.0,77627,EN_EWT_COLLV,E-waste collected (tonnes)
Denmark,2009.0,84399,EN_EWT_COLLV,E-waste collected (tonnes)
Denmark,2010.0,82931,EN_EWT_COLLV,E-waste collected (tonnes)
Denmark,2011.0,84319,EN_EWT_COLLV,E-waste collected (tonnes)
Denmark,2012.0,76200,EN_EWT_COLLV,E-waste collected (tonnes)
Denmark,2013.0,72080,EN_EWT_COLLV,E-waste collected (tonnes)
Denmark,2014.0,71557,EN_EWT_COLLV,E-waste collected (tonnes)
Denmark,2015.0,72482,EN_EWT_COLLV,E-waste collected (tonnes)
Denmark,2016.0,71209,EN_EWT_COLLV,E-waste collected (tonnes)
Denmark,2017.0,69770,EN_EWT_COLLV,E-waste collected (tonnes)
Denmark,2018.0,71198,EN_EWT_COLLV,E-waste collected (tonnes)
Denmark,2019.0,73035,EN_EWT_COLLV,E-waste collected (tonnes)
Denmark,2020.0,78894,EN_EWT_COLLV,E-waste collected (tonnes)
Denmark,2021.0,76732,EN_EWT_COLLV,E-waste collected (tonnes)
Denmark,2022.0,70712,EN_EWT_COLLV,E-waste collected (tonnes)
Denmark,2023.0,89243,EN_EWT_COLLV,E-waste collected (tonnes)
Eastern Africa,2010.0,1855.24866,EN_EWT_COLLV,E-waste collected (tonnes)
Eastern Africa,2011.0,2000,EN_EWT_COLLV,E-waste collected (tonnes)
Eastern Africa,2012.0,79.33206,EN_EWT_COLLV,E-waste collected (tonnes)
Eastern Africa,2013.0,84.59815,EN_EWT_COLLV,E-waste collected (tonnes)
Eastern Africa,2014.0,89.85781,EN_EWT_COLLV,E-waste collected (tonnes)
Eastern Africa,2015.0,94.9117,EN_EWT_COLLV,E-waste collected (tonnes)
Eastern Africa,2016.0,99.88198,EN_EWT_COLLV,E-waste collected (tonnes)
Eastern Africa,2017.0,104.87754,EN_EWT_COLLV,E-waste collected (tonnes)
Eastern Africa,2018.0,989.95565,EN_EWT_COLLV,E-waste collected (tonnes)
Eastern Africa,2019.0,1660.13456,EN_EWT_COLLV,E-waste collected (tonnes)
Eastern Africa,2020.0,1975.78898,EN_EWT_COLLV,E-waste collected (tonnes)
Eastern Africa,2021.0,2142.42691,EN_EWT_COLLV,E-waste collected (tonnes)
Eastern Africa,2022.0,2321.08315,EN_EWT_COLLV,E-waste collected (tonnes)
Eastern and South-Eastern Asia,2010.0,1027000,EN_EWT_COLLV,E-waste collected (tonnes)
Eastern and South-Eastern Asia,2011.0,934618,EN_EWT_COLLV,E-waste collected (tonnes)
Eastern and South-Eastern Asia,2012.0,740618,EN_EWT_COLLV,E-waste collected (tonnes)
Eastern and South-Eastern Asia,2013.0,2148418,EN_EWT_COLLV,E-waste collected (tonnes)
Eastern and South-Eastern Asia,2014.0,2087069.411,EN_EWT_COLLV,E-waste collected (tonnes)
Eastern and South-Eastern Asia,2015.0,2171300.996,EN_EWT_COLLV,E-waste collected (tonnes)
Eastern and South-Eastern Asia,2016.0,2334140.855,EN_EWT_COLLV,E-waste collected (tonnes)
Eastern and South-Eastern Asia,2017.0,2455352.752,EN_EWT_COLLV,E-waste collected (tonnes)
Eastern and South-Eastern Asia,2018.0,2632001.232,EN_EWT_COLLV,E-waste collected (tonnes)
Eastern and South-Eastern Asia,2019.0,2794876.392,EN_EWT_COLLV,E-waste collected (tonnes)
Eastern and South-Eastern Asia,2020.0,2991193.975,EN_EWT_COLLV,E-waste collected (tonnes)
Eastern and South-Eastern Asia,2021.0,3105202.257,EN_EWT_COLLV,E-waste collected (tonnes)
Eastern and South-Eastern Asia,2022.0,3225206.718,EN_EWT_COLLV,E-waste collected (tonnes)
Eastern Asia,2010.0,1027000,EN_EWT_COLLV,E-waste collected (tonnes)
Eastern Asia,2011.0,934618,EN_EWT_COLLV,E-waste collected (tonnes)
Eastern Asia,2012.0,740618,EN_EWT_COLLV,E-waste collected (tonnes)
Eastern Asia,2013.0,2148418,EN_EWT_COLLV,E-waste collected (tonnes)
Eastern Asia,2014.0,2087069.411,EN_EWT_COLLV,E-waste collected (tonnes)
Eastern Asia,2015.0,2171300.996,EN_EWT_COLLV,E-waste collected (tonnes)
Eastern Asia,2016.0,2334140.855,EN_EWT_COLLV,E-waste collected (tonnes)
Eastern Asia,2017.0,2455352.752,EN_EWT_COLLV,E-waste collected (tonnes)
Eastern Asia,2018.0,2632001.232,EN_EWT_COLLV,E-waste collected (tonnes)
Eastern Asia,2019.0,2794876.392,EN_EWT_COLLV,E-waste collected (tonnes)
Eastern Asia,2020.0,2991193.975,EN_EWT_COLLV,E-waste collected (tonnes)
Eastern Asia,2021.0,3105202.257,EN_EWT_COLLV,E-waste collected (tonnes)
Eastern Asia,2022.0,3225206.718,EN_EWT_COLLV,E-waste collected (tonnes)
Eastern Europe,2010.0,354875,EN_EWT_COLLV,E-waste collected (tonnes)
Eastern Europe,2011.0,360973,EN_EWT_COLLV,E-waste collected (tonnes)
Eastern Europe,2012.0,388927,EN_EWT_COLLV,E-waste collected (tonnes)
Eastern Europe,2013.0,408432,EN_EWT_COLLV,E-waste collected (tonnes)
Eastern Europe,2014.0,503081,EN_EWT_COLLV,E-waste collected (tonnes)
Eastern Europe,2015.0,587173.4582,EN_EWT_COLLV,E-waste collected (tonnes)
Eastern Europe,2016.0,683590.0256,EN_EWT_COLLV,E-waste collected (tonnes)
Eastern Europe,2017.0,706586.8217,EN_EWT_COLLV,E-waste collected (tonnes)
Eastern Europe,2018.0,716157.1557,EN_EWT_COLLV,E-waste collected (tonnes)
Eastern Europe,2019.0,958098.8824,EN_EWT_COLLV,E-waste collected (tonnes)
Eastern Europe,2020.0,993225.1644,EN_EWT_COLLV,E-waste collected (tonnes)
Eastern Europe,2021.0,977181.1176,EN_EWT_COLLV,E-waste collected (tonnes)
Eastern Europe,2022.0,1004624.392,EN_EWT_COLLV,E-waste collected (tonnes)
Ecuador,2013.0,308280,EN_EWT_COLLV,E-waste collected (tonnes)
Ecuador,2014.0,279452,EN_EWT_COLLV,E-waste collected (tonnes)
Ecuador,2015.0,226252,EN_EWT_COLLV,E-waste collected (tonnes)
Ecuador,2016.0,41356,EN_EWT_COLLV,E-waste collected (tonnes)
Ecuador,2017.0,49649,EN_EWT_COLLV,E-waste collected (tonnes)
Estonia,2006.0,5855,EN_EWT_COLLV,E-waste collected (tonnes)
Estonia,2007.0,6200,EN_EWT_COLLV,E-waste collected (tonnes)
Estonia,2008.0,6163,EN_EWT_COLLV,E-waste collected (tonnes)
Estonia,2009.0,4810,EN_EWT_COLLV,E-waste collected (tonnes)
Estonia,2010.0,5630,EN_EWT_COLLV,E-waste collected (tonnes)
Estonia,2011.0,6615,EN_EWT_COLLV,E-waste collected (tonnes)
Estonia,2012.0,5465,EN_EWT_COLLV,E-waste collected (tonnes)
Estonia,2013.0,4658,EN_EWT_COLLV,E-waste collected (tonnes)
Estonia,2014.0,6057,EN_EWT_COLLV,E-waste collected (tonnes)
Estonia,2015.0,7434,EN_EWT_COLLV,E-waste collected (tonnes)
Estonia,2016.0,8891,EN_EWT_COLLV,E-waste collected (tonnes)
Estonia,2017.0,9172,EN_EWT_COLLV,E-waste collected (tonnes)
Estonia,2018.0,10007,EN_EWT_COLLV,E-waste collected (tonnes)
Estonia,2019.0,11030,EN_EWT_COLLV,E-waste collected (tonnes)
Estonia,2020.0,11999,EN_EWT_COLLV,E-waste collected (tonnes)
Estonia,2021.0,11980,EN_EWT_COLLV,E-waste collected (tonnes)
Estonia,2022.0,10241,EN_EWT_COLLV,E-waste collected (tonnes)
Estonia,2023.0,12498,EN_EWT_COLLV,E-waste collected (tonnes)
Europe,2010.0,3780333.442,EN_EWT_COLLV,E-waste collected (tonnes)
Europe,2011.0,3813973.548,EN_EWT_COLLV,E-waste collected (tonnes)
Europe,2012.0,3730309.864,EN_EWT_COLLV,E-waste collected (tonnes)
Europe,2013.0,3800173.415,EN_EWT_COLLV,E-waste collected (tonnes)
Europe,2014.0,3842946.727,EN_EWT_COLLV,E-waste collected (tonnes)
Europe,2015.0,4277348.556,EN_EWT_COLLV,E-waste collected (tonnes)
Europe,2016.0,4976869.218,EN_EWT_COLLV,E-waste collected (tonnes)
Europe,2017.0,5046425.468,EN_EWT_COLLV,E-waste collected (tonnes)
Europe,2018.0,5222134.073,EN_EWT_COLLV,E-waste collected (tonnes)
Europe,2019.0,5428163.458,EN_EWT_COLLV,E-waste collected (tonnes)
Europe,2020.0,5510460.723,EN_EWT_COLLV,E-waste collected (tonnes)
Europe,2021.0,5526680.297,EN_EWT_COLLV,E-waste collected (tonnes)
Europe,2022.0,5592940.007,EN_EWT_COLLV,E-waste collected (tonnes)
Europe and Northern America,2010.0,6898433.442,EN_EWT_COLLV,E-waste collected (tonnes)
Europe and Northern America,2011.0,7137990.563,EN_EWT_COLLV,E-waste collected (tonnes)
Europe and Northern America,2012.0,7247709.864,EN_EWT_COLLV,E-waste collected (tonnes)
Europe and Northern America,2013.0,7518346.632,EN_EWT_COLLV,E-waste collected (tonnes)
Europe and Northern America,2014.0,6763346.727,EN_EWT_COLLV,E-waste collected (tonnes)
Europe and Northern America,2015.0,8322736.604,EN_EWT_COLLV,E-waste collected (tonnes)
Europe and Northern America,2016.0,8934269.218,EN_EWT_COLLV,E-waste collected (tonnes)
Europe and Northern America,2017.0,9004571.608,EN_EWT_COLLV,E-waste collected (tonnes)
Europe and Northern America,2018.0,9228434.073,EN_EWT_COLLV,E-waste collected (tonnes)
Europe and Northern America,2019.0,9389148.352,EN_EWT_COLLV,E-waste collected (tonnes)
Europe and Northern America,2020.0,9538727.238,EN_EWT_COLLV,E-waste collected (tonnes)
Europe and Northern America,2021.0,9617421.392,EN_EWT_COLLV,E-waste collected (tonnes)
Europe and Northern America,2022.0,9743775.138,EN_EWT_COLLV,E-waste collected (tonnes)
Finland,2005.0,16142,EN_EWT_COLLV,E-waste collected (tonnes)
Finland,2006.0,39678,EN_EWT_COLLV,E-waste collected (tonnes)
Finland,2007.0,48634,EN_EWT_COLLV,E-waste collected (tonnes)
Finland,2008.0,54627,EN_EWT_COLLV,E-waste collected (tonnes)
Finland,2009.0,53235,EN_EWT_COLLV,E-waste collected (tonnes)
Finland,2010.0,50867,EN_EWT_COLLV,E-waste collected (tonnes)
Finland,2011.0,52509,EN_EWT_COLLV,E-waste collected (tonnes)
Finland,2012.0,52972,EN_EWT_COLLV,E-waste collected (tonnes)
Finland,2013.0,57919,EN_EWT_COLLV,E-waste collected (tonnes)
Finland,2014.0,66014,EN_EWT_COLLV,E-waste collected (tonnes)
Finland,2015.0,62544,EN_EWT_COLLV,E-waste collected (tonnes)
Finland,2016.0,60216,EN_EWT_COLLV,E-waste collected (tonnes)
Finland,2017.0,65405,EN_EWT_COLLV,E-waste collected (tonnes)
Finland,2018.0,66683,EN_EWT_COLLV,E-waste collected (tonnes)
Finland,2019.0,73295,EN_EWT_COLLV,E-waste collected (tonnes)
Finland,2020.0,86692,EN_EWT_COLLV,E-waste collected (tonnes)
Finland,2021.0,81320,EN_EWT_COLLV,E-waste collected (tonnes)
Finland,2022.0,77483,EN_EWT_COLLV,E-waste collected (tonnes)
Finland,2023.0,73901,EN_EWT_COLLV,E-waste collected (tonnes)
France,2006.0,15160,EN_EWT_COLLV,E-waste collected (tonnes)
France,2007.0,174777,EN_EWT_COLLV,E-waste collected (tonnes)
France,2008.0,300988,EN_EWT_COLLV,E-waste collected (tonnes)
France,2009.0,393273,EN_EWT_COLLV,E-waste collected (tonnes)
France,2010.0,433959,EN_EWT_COLLV,E-waste collected (tonnes)
France,2011.0,470192,EN_EWT_COLLV,E-waste collected (tonnes)
France,2012.0,470556,EN_EWT_COLLV,E-waste collected (tonnes)
France,2013.0,479694,EN_EWT_COLLV,E-waste collected (tonnes)
France,2014.0,522793,EN_EWT_COLLV,E-waste collected (tonnes)
France,2015.0,617401,EN_EWT_COLLV,E-waste collected (tonnes)
France,2016.0,721949,EN_EWT_COLLV,E-waste collected (tonnes)
France,2017.0,742333,EN_EWT_COLLV,E-waste collected (tonnes)
France,2018.0,814385,EN_EWT_COLLV,E-waste collected (tonnes)
France,2019.0,846229,EN_EWT_COLLV,E-waste collected (tonnes)
France,2020.0,835141,EN_EWT_COLLV,E-waste collected (tonnes)
France,2021.0,993987,EN_EWT_COLLV,E-waste collected (tonnes)
France,2022.0,959675,EN_EWT_COLLV,E-waste collected (tonnes)
France,2023.0,1040805,EN_EWT_COLLV,E-waste collected (tonnes)
French Guiana,2008.0,0,EN_EWT_COLLV,E-waste collected (tonnes)
French Guiana,2009.0,157,EN_EWT_COLLV,E-waste collected (tonnes)
French Guiana,2010.0,205,EN_EWT_COLLV,E-waste collected (tonnes)
French Guiana,2011.0,268,EN_EWT_COLLV,E-waste collected (tonnes)
French Guiana,2012.0,310,EN_EWT_COLLV,E-waste collected (tonnes)
French Guiana,2013.0,315,EN_EWT_COLLV,E-waste collected (tonnes)
French Guiana,2014.0,291,EN_EWT_COLLV,E-waste collected (tonnes)
French Guiana,2015.0,338,EN_EWT_COLLV,E-waste collected (tonnes)
French Guiana,2016.0,369,EN_EWT_COLLV,E-waste collected (tonnes)
French Guiana,2017.0,529,EN_EWT_COLLV,E-waste collected (tonnes)
French Guiana,2018.0,645,EN_EWT_COLLV,E-waste collected (tonnes)
French Guiana,2019.0,852,EN_EWT_COLLV,E-waste collected (tonnes)
French Guiana,2020.0,586,EN_EWT_COLLV,E-waste collected (tonnes)
French Guiana,2021.0,791,EN_EWT_COLLV,E-waste collected (tonnes)
French Guiana,2022.0,739,EN_EWT_COLLV,E-waste collected (tonnes)
Germany,2006.0,753900,EN_EWT_COLLV,E-waste collected (tonnes)
Germany,2007.0,586966,EN_EWT_COLLV,E-waste collected (tonnes)
Germany,2008.0,693775,EN_EWT_COLLV,E-waste collected (tonnes)
Germany,2009.0,832236,EN_EWT_COLLV,E-waste collected (tonnes)
Germany,2010.0,777035,EN_EWT_COLLV,E-waste collected (tonnes)
Germany,2011.0,710250,EN_EWT_COLLV,E-waste collected (tonnes)
Germany,2012.0,690711,EN_EWT_COLLV,E-waste collected (tonnes)
Germany,2013.0,727998,EN_EWT_COLLV,E-waste collected (tonnes)
Germany,2014.0,722968,EN_EWT_COLLV,E-waste collected (tonnes)
Germany,2015.0,721870,EN_EWT_COLLV,E-waste collected (tonnes)
Germany,2016.0,782214,EN_EWT_COLLV,E-waste collected (tonnes)
Germany,2017.0,836907,EN_EWT_COLLV,E-waste collected (tonnes)
Germany,2018.0,853125,EN_EWT_COLLV,E-waste collected (tonnes)
Germany,2019.0,947067,EN_EWT_COLLV,E-waste collected (tonnes)
Germany,2020.0,1037019,EN_EWT_COLLV,E-waste collected (tonnes)
Germany,2021.0,1006370,EN_EWT_COLLV,E-waste collected (tonnes)
Germany,2022.0,901058,EN_EWT_COLLV,E-waste collected (tonnes)
Germany,2023.0,906121,EN_EWT_COLLV,E-waste collected (tonnes)
Greece,2005.0,763,EN_EWT_COLLV,E-waste collected (tonnes)
Greece,2006.0,11342,EN_EWT_COLLV,E-waste collected (tonnes)
Greece,2007.0,31406,EN_EWT_COLLV,E-waste collected (tonnes)
Greece,2008.0,47142,EN_EWT_COLLV,E-waste collected (tonnes)
Greece,2009.0,66106,EN_EWT_COLLV,E-waste collected (tonnes)
Greece,2010.0,46527,EN_EWT_COLLV,E-waste collected (tonnes)
Greece,2011.0,42360,EN_EWT_COLLV,E-waste collected (tonnes)
Greece,2012.0,37235,EN_EWT_COLLV,E-waste collected (tonnes)
Greece,2013.0,38268,EN_EWT_COLLV,E-waste collected (tonnes)
Greece,2014.0,45420,EN_EWT_COLLV,E-waste collected (tonnes)
Greece,2015.0,49008,EN_EWT_COLLV,E-waste collected (tonnes)
Greece,2016.0,53715,EN_EWT_COLLV,E-waste collected (tonnes)
Greece,2017.0,55831,EN_EWT_COLLV,E-waste collected (tonnes)
Greece,2018.0,58040,EN_EWT_COLLV,E-waste collected (tonnes)
Greece,2019.0,64730,EN_EWT_COLLV,E-waste collected (tonnes)
Greece,2020.0,60863,EN_EWT_COLLV,E-waste collected (tonnes)
Greece,2021.0,63185,EN_EWT_COLLV,E-waste collected (tonnes)
Greece,2022.0,69915,EN_EWT_COLLV,E-waste collected (tonnes)
Greece,2023.0,84725,EN_EWT_COLLV,E-waste collected (tonnes)
Guadeloupe,2008.0,782,EN_EWT_COLLV,E-waste collected (tonnes)
Guadeloupe,2009.0,1611,EN_EWT_COLLV,E-waste collected (tonnes)
Guadeloupe,2010.0,2586,EN_EWT_COLLV,E-waste collected (tonnes)
Guadeloupe,2011.0,2946,EN_EWT_COLLV,E-waste collected (tonnes)
Guadeloupe,2012.0,2960,EN_EWT_COLLV,E-waste collected (tonnes)
Guadeloupe,2013.0,2988,EN_EWT_COLLV,E-waste collected (tonnes)
Guadeloupe,2014.0,3441,EN_EWT_COLLV,E-waste collected (tonnes)
Guadeloupe,2015.0,3451,EN_EWT_COLLV,E-waste collected (tonnes)
Guadeloupe,2016.0,4060,EN_EWT_COLLV,E-waste collected (tonnes)
Guadeloupe,2017.0,4275,EN_EWT_COLLV,E-waste collected (tonnes)
Guadeloupe,2018.0,4394,EN_EWT_COLLV,E-waste collected (tonnes)
Guadeloupe,2019.0,4909,EN_EWT_COLLV,E-waste collected (tonnes)
Guadeloupe,2020.0,5337,EN_EWT_COLLV,E-waste collected (tonnes)
Guadeloupe,2021.0,5472,EN_EWT_COLLV,E-waste collected (tonnes)
Guadeloupe,2022.0,5367000,EN_EWT_COLLV,E-waste collected (tonnes)
Honduras,2019.0,940,EN_EWT_COLLV,E-waste collected (tonnes)
Honduras,2020.0,170,EN_EWT_COLLV,E-waste collected (tonnes)
Honduras,2021.0,690,EN_EWT_COLLV,E-waste collected (tonnes)
Honduras,2022.0,820,EN_EWT_COLLV,E-waste collected (tonnes)
Honduras,2023.0,990,EN_EWT_COLLV,E-waste collected (tonnes)
Hungary,2005.0,15543,EN_EWT_COLLV,E-waste collected (tonnes)
Hungary,2006.0,24048,EN_EWT_COLLV,E-waste collected (tonnes)
Hungary,2007.0,35621,EN_EWT_COLLV,E-waste collected (tonnes)
Hungary,2008.0,44918,EN_EWT_COLLV,E-waste collected (tonnes)
Hungary,2009.0,46733,EN_EWT_COLLV,E-waste collected (tonnes)
Hungary,2010.0,40521,EN_EWT_COLLV,E-waste collected (tonnes)
Hungary,2011.0,37053,EN_EWT_COLLV,E-waste collected (tonnes)
Hungary,2012.0,44262,EN_EWT_COLLV,E-waste collected (tonnes)
Hungary,2013.0,49778,EN_EWT_COLLV,E-waste collected (tonnes)
Hungary,2014.0,51775,EN_EWT_COLLV,E-waste collected (tonnes)
Hungary,2015.0,52120,EN_EWT_COLLV,E-waste collected (tonnes)
Hungary,2016.0,58615,EN_EWT_COLLV,E-waste collected (tonnes)
Hungary,2017.0,63197,EN_EWT_COLLV,E-waste collected (tonnes)
Hungary,2018.0,69858,EN_EWT_COLLV,E-waste collected (tonnes)
Hungary,2019.0,83403,EN_EWT_COLLV,E-waste collected (tonnes)
Hungary,2020.0,88908,EN_EWT_COLLV,E-waste collected (tonnes)
Hungary,2021.0,84526,EN_EWT_COLLV,E-waste collected (tonnes)
Hungary,2022.0,94140,EN_EWT_COLLV,E-waste collected (tonnes)
Hungary,2023.0,78317,EN_EWT_COLLV,E-waste collected (tonnes)
Iceland,2009.0,1026,EN_EWT_COLLV,E-waste collected (tonnes)
Iceland,2010.0,1589,EN_EWT_COLLV,E-waste collected (tonnes)
Iceland,2011.0,1930,EN_EWT_COLLV,E-waste collected (tonnes)
Iceland,2012.0,2476,EN_EWT_COLLV,E-waste collected (tonnes)
Iceland,2013.0,2469,EN_EWT_COLLV,E-waste collected (tonnes)
Iceland,2014.0,3435,EN_EWT_COLLV,E-waste collected (tonnes)
Iceland,2015.0,3850,EN_EWT_COLLV,E-waste collected (tonnes)
Iceland,2016.0,4389,EN_EWT_COLLV,E-waste collected (tonnes)
Iceland,2017.0,5373,EN_EWT_COLLV,E-waste collected (tonnes)
Iceland,2018.0,4901,EN_EWT_COLLV,E-waste collected (tonnes)
Iceland,2019.0,4974,EN_EWT_COLLV,E-waste collected (tonnes)
Iceland,2020.0,5160,EN_EWT_COLLV,E-waste collected (tonnes)
Iran (Islamic Republic of),2018.0,561000,EN_EWT_COLLV,E-waste collected (tonnes)
Iran (Islamic Republic of),2019.0,555000,EN_EWT_COLLV,E-waste collected (tonnes)
Iran (Islamic Republic of),2020.0,559000,EN_EWT_COLLV,E-waste collected (tonnes)
Iran (Islamic Republic of),2021.0,567000,EN_EWT_COLLV,E-waste collected (tonnes)
Iran (Islamic Republic of),2022.0,554000,EN_EWT_COLLV,E-waste collected (tonnes)
Iran (Islamic Republic of),2023.0,560000,EN_EWT_COLLV,E-waste collected (tonnes)
Ireland,2007.0,51530,EN_EWT_COLLV,E-waste collected (tonnes)
Ireland,2008.0,50120,EN_EWT_COLLV,E-waste collected (tonnes)
Ireland,2009.0,44812,EN_EWT_COLLV,E-waste collected (tonnes)
Ireland,2010.0,44431,EN_EWT_COLLV,E-waste collected (tonnes)
Ireland,2011.0,39628,EN_EWT_COLLV,E-waste collected (tonnes)
Ireland,2012.0,41177,EN_EWT_COLLV,E-waste collected (tonnes)
Ireland,2013.0,42629,EN_EWT_COLLV,E-waste collected (tonnes)
Ireland,2014.0,44911,EN_EWT_COLLV,E-waste collected (tonnes)
Ireland,2015.0,48626,EN_EWT_COLLV,E-waste collected (tonnes)
Ireland,2016.0,51303,EN_EWT_COLLV,E-waste collected (tonnes)
Ireland,2017.0,52312,EN_EWT_COLLV,E-waste collected (tonnes)
Ireland,2018.0,62714,EN_EWT_COLLV,E-waste collected (tonnes)
Ireland,2019.0,62638,EN_EWT_COLLV,E-waste collected (tonnes)
Ireland,2020.0,64856,EN_EWT_COLLV,E-waste collected (tonnes)
Ireland,2021.0,71811,EN_EWT_COLLV,E-waste collected (tonnes)
Ireland,2022.0,66018,EN_EWT_COLLV,E-waste collected (tonnes)
Ireland,2023.0,63946,EN_EWT_COLLV,E-waste collected (tonnes)
Israel,2021.0,90500,EN_EWT_COLLV,E-waste collected (tonnes)
Israel,2022.0,83300,EN_EWT_COLLV,E-waste collected (tonnes)
Israel,2023.0,82440,EN_EWT_COLLV,E-waste collected (tonnes)
Italy,2005.0,60638,EN_EWT_COLLV,E-waste collected (tonnes)
Italy,2006.0,66597,EN_EWT_COLLV,E-waste collected (tonnes)
Italy,2007.0,467542,EN_EWT_COLLV,E-waste collected (tonnes)
Italy,2008.0,448030,EN_EWT_COLLV,E-waste collected (tonnes)
Italy,2009.0,521113,EN_EWT_COLLV,E-waste collected (tonnes)
Italy,2010.0,582482,EN_EWT_COLLV,E-waste collected (tonnes)
Italy,2011.0,544577,EN_EWT_COLLV,E-waste collected (tonnes)
Italy,2012.0,497378,EN_EWT_COLLV,E-waste collected (tonnes)
Italy,2013.0,437090,EN_EWT_COLLV,E-waste collected (tonnes)
Italy,2014.0,314210,EN_EWT_COLLV,E-waste collected (tonnes)
Italy,2015.0,344629,EN_EWT_COLLV,E-waste collected (tonnes)
Italy,2016.0,361322,EN_EWT_COLLV,E-waste collected (tonnes)
Italy,2017.0,381656,EN_EWT_COLLV,E-waste collected (tonnes)
Italy,2018.0,421234,EN_EWT_COLLV,E-waste collected (tonnes)
Italy,2019.0,461969,EN_EWT_COLLV,E-waste collected (tonnes)
Italy,2020.0,477972,EN_EWT_COLLV,E-waste collected (tonnes)
Italy,2021.0,502660,EN_EWT_COLLV,E-waste collected (tonnes)
Italy,2022.0,534394,EN_EWT_COLLV,E-waste collected (tonnes)
Italy,2023.0,509906,EN_EWT_COLLV,E-waste collected (tonnes)
Jamaica,2018.0,17.9,EN_EWT_COLLV,E-waste collected (tonnes)
Jamaica,2019.0,21.7,EN_EWT_COLLV,E-waste collected (tonnes)
Jamaica,2020.0,39.8,EN_EWT_COLLV,E-waste collected (tonnes)
Jamaica,2021.0,19.4,EN_EWT_COLLV,E-waste collected (tonnes)
Jamaica,2022.0,27.4,EN_EWT_COLLV,E-waste collected (tonnes)
Japan,2010.0,894000,EN_EWT_COLLV,E-waste collected (tonnes)
Japan,2011.0,682000,EN_EWT_COLLV,E-waste collected (tonnes)
Japan,2012.0,473000,EN_EWT_COLLV,E-waste collected (tonnes)
Japan,2013.0,517000,EN_EWT_COLLV,E-waste collected (tonnes)
Japan,2014.0,485000,EN_EWT_COLLV,E-waste collected (tonnes)
Japan,2015.0,456000,EN_EWT_COLLV,E-waste collected (tonnes)
Japan,2016.0,467000,EN_EWT_COLLV,E-waste collected (tonnes)
Japan,2017.0,492000,EN_EWT_COLLV,E-waste collected (tonnes)
Japan,2018.0,566000,EN_EWT_COLLV,E-waste collected (tonnes)
Japan,2019.0,603000,EN_EWT_COLLV,E-waste collected (tonnes)
Japan,2020.0,631000,EN_EWT_COLLV,E-waste collected (tonnes)
Japan,2021.0,611000,EN_EWT_COLLV,E-waste collected (tonnes)
Japan,2022.0,604000,EN_EWT_COLLV,E-waste collected (tonnes)
Kazakhstan,2016.0,890,EN_EWT_COLLV,E-waste collected (tonnes)
Kazakhstan,2017.0,10328.7,EN_EWT_COLLV,E-waste collected (tonnes)
Kazakhstan,2018.0,4000,EN_EWT_COLLV,E-waste collected (tonnes)
Kazakhstan,2019.0,1320,EN_EWT_COLLV,E-waste collected (tonnes)
Kazakhstan,2020.0,1090,EN_EWT_COLLV,E-waste collected (tonnes)
Kazakhstan,2021.0,553,EN_EWT_COLLV,E-waste collected (tonnes)
Kazakhstan,2022.0,50,EN_EWT_COLLV,E-waste collected (tonnes)
Kazakhstan,2023.0,115,EN_EWT_COLLV,E-waste collected (tonnes)
Landlocked developing countries (LLDCs),2014.0,10.5,EN_EWT_COLLV,E-waste collected (tonnes)
Landlocked developing countries (LLDCs),2015.0,443.1949,EN_EWT_COLLV,E-waste collected (tonnes)
Landlocked developing countries (LLDCs),2016.0,2408.32679,EN_EWT_COLLV,E-waste collected (tonnes)
Landlocked developing countries (LLDCs),2017.0,11758.2303,EN_EWT_COLLV,E-waste collected (tonnes)
Landlocked developing countries (LLDCs),2018.0,16621.04401,EN_EWT_COLLV,E-waste collected (tonnes)
Landlocked developing countries (LLDCs),2019.0,17887.83143,EN_EWT_COLLV,E-waste collected (tonnes)
Landlocked developing countries (LLDCs),2020.0,20151.13128,EN_EWT_COLLV,E-waste collected (tonnes)
Landlocked developing countries (LLDCs),2021.0,20496.70629,EN_EWT_COLLV,E-waste collected (tonnes)
Landlocked developing countries (LLDCs),2022.0,21358.62344,EN_EWT_COLLV,E-waste collected (tonnes)
Latin America and the Caribbean,2010.0,30700,EN_EWT_COLLV,E-waste collected (tonnes)
Latin America and the Caribbean,2011.0,31900,EN_EWT_COLLV,E-waste collected (tonnes)
Latin America and the Caribbean,2012.0,47135.677,EN_EWT_COLLV,E-waste collected (tonnes)
Latin America and the Caribbean,2013.0,98563.87869,EN_EWT_COLLV,E-waste collected (tonnes)
Latin America and the Caribbean,2014.0,101212.5563,EN_EWT_COLLV,E-waste collected (tonnes)
Latin America and the Caribbean,2015.0,116002.8922,EN_EWT_COLLV,E-waste collected (tonnes)
Latin America and the Caribbean,2016.0,115843.2788,EN_EWT_COLLV,E-waste collected (tonnes)
Latin America and the Caribbean,2017.0,128578.073,EN_EWT_COLLV,E-waste collected (tonnes)
Latin America and the Caribbean,2018.0,140471.9637,EN_EWT_COLLV,E-waste collected (tonnes)
Latin America and the Caribbean,2019.0,158219.6306,EN_EWT_COLLV,E-waste collected (tonnes)
Latin America and the Caribbean,2020.0,162502.3557,EN_EWT_COLLV,E-waste collected (tonnes)
Latin America and the Caribbean,2021.0,171245.3817,EN_EWT_COLLV,E-waste collected (tonnes)
Latin America and the Caribbean,2022.0,176505.5173,EN_EWT_COLLV,E-waste collected (tonnes)
Latvia,2007.0,6508,EN_EWT_COLLV,E-waste collected (tonnes)
Latvia,2008.0,6515,EN_EWT_COLLV,E-waste collected (tonnes)
Latvia,2009.0,4979,EN_EWT_COLLV,E-waste collected (tonnes)
Latvia,2010.0,4287,EN_EWT_COLLV,E-waste collected (tonnes)
Latvia,2011.0,4662,EN_EWT_COLLV,E-waste collected (tonnes)
Latvia,2012.0,4694,EN_EWT_COLLV,E-waste collected (tonnes)
Latvia,2013.0,4827,EN_EWT_COLLV,E-waste collected (tonnes)
Latvia,2014.0,4921,EN_EWT_COLLV,E-waste collected (tonnes)
Latvia,2015.0,4894,EN_EWT_COLLV,E-waste collected (tonnes)
Latvia,2016.0,4842,EN_EWT_COLLV,E-waste collected (tonnes)
Latvia,2017.0,9339,EN_EWT_COLLV,E-waste collected (tonnes)
Latvia,2018.0,10051,EN_EWT_COLLV,E-waste collected (tonnes)
Latvia,2019.0,11241,EN_EWT_COLLV,E-waste collected (tonnes)
Latvia,2020.0,11524,EN_EWT_COLLV,E-waste collected (tonnes)
Latvia,2021.0,16079,EN_EWT_COLLV,E-waste collected (tonnes)
Latvia,2022.0,19932,EN_EWT_COLLV,E-waste collected (tonnes)
Latvia,2023.0,19574,EN_EWT_COLLV,E-waste collected (tonnes)
Least Developed Countries (LDCs),2018.0,880,EN_EWT_COLLV,E-waste collected (tonnes)
Least Developed Countries (LDCs),2019.0,1545.13456,EN_EWT_COLLV,E-waste collected (tonnes)
Least Developed Countries (LDCs),2020.0,1856.02437,EN_EWT_COLLV,E-waste collected (tonnes)
Least Developed Countries (LDCs),2021.0,2018.07618,EN_EWT_COLLV,E-waste collected (tonnes)
Least Developed Countries (LDCs),2022.0,2192.39584,EN_EWT_COLLV,E-waste collected (tonnes)
Liechtenstein,2000.0,98.8,EN_EWT_COLLV,E-waste collected (tonnes)
Liechtenstein,2001.0,109.6,EN_EWT_COLLV,E-waste collected (tonnes)
Liechtenstein,2002.0,94.4,EN_EWT_COLLV,E-waste collected (tonnes)
Liechtenstein,2003.0,88.8,EN_EWT_COLLV,E-waste collected (tonnes)
Liechtenstein,2004.0,134.2,EN_EWT_COLLV,E-waste collected (tonnes)
Liechtenstein,2005.0,153.6,EN_EWT_COLLV,E-waste collected (tonnes)
Liechtenstein,2006.0,194.3,EN_EWT_COLLV,E-waste collected (tonnes)
Liechtenstein,2007.0,153.3,EN_EWT_COLLV,E-waste collected (tonnes)
Liechtenstein,2008.0,147.4,EN_EWT_COLLV,E-waste collected (tonnes)
Liechtenstein,2009.0,174.7,EN_EWT_COLLV,E-waste collected (tonnes)
Liechtenstein,2010.0,142.7,EN_EWT_COLLV,E-waste collected (tonnes)
Liechtenstein,2011.0,195,EN_EWT_COLLV,E-waste collected (tonnes)
Liechtenstein,2012.0,177.3,EN_EWT_COLLV,E-waste collected (tonnes)
Liechtenstein,2013.0,290.3,EN_EWT_COLLV,E-waste collected (tonnes)
Liechtenstein,2014.0,307.9,EN_EWT_COLLV,E-waste collected (tonnes)
Liechtenstein,2015.0,428.4,EN_EWT_COLLV,E-waste collected (tonnes)
Liechtenstein,2016.0,524.8,EN_EWT_COLLV,E-waste collected (tonnes)
Liechtenstein,2017.0,469.7,EN_EWT_COLLV,E-waste collected (tonnes)
Liechtenstein,2018.0,583.7,EN_EWT_COLLV,E-waste collected (tonnes)
Liechtenstein,2019.0,494.5,EN_EWT_COLLV,E-waste collected (tonnes)
Liechtenstein,2020.0,712.6,EN_EWT_COLLV,E-waste collected (tonnes)
Liechtenstein,2021.0,650.3,EN_EWT_COLLV,E-waste collected (tonnes)
Liechtenstein,2022.0,613.2,EN_EWT_COLLV,E-waste collected (tonnes)
Liechtenstein,2023.0,893.2,EN_EWT_COLLV,E-waste collected (tonnes)
Lithuania,2005.0,2680,EN_EWT_COLLV,E-waste collected (tonnes)
Lithuania,2006.0,9303,EN_EWT_COLLV,E-waste collected (tonnes)
Lithuania,2007.0,11671,EN_EWT_COLLV,E-waste collected (tonnes)
Lithuania,2008.0,11786,EN_EWT_COLLV,E-waste collected (tonnes)
Lithuania,2009.0,6975,EN_EWT_COLLV,E-waste collected (tonnes)
Lithuania,2010.0,8928,EN_EWT_COLLV,E-waste collected (tonnes)
Lithuania,2011.0,11835,EN_EWT_COLLV,E-waste collected (tonnes)
Lithuania,2012.0,14259,EN_EWT_COLLV,E-waste collected (tonnes)
Lithuania,2013.0,16154,EN_EWT_COLLV,E-waste collected (tonnes)
Lithuania,2014.0,22186,EN_EWT_COLLV,E-waste collected (tonnes)
Lithuania,2015.0,16260,EN_EWT_COLLV,E-waste collected (tonnes)
Lithuania,2016.0,13026,EN_EWT_COLLV,E-waste collected (tonnes)
Lithuania,2017.0,13294,EN_EWT_COLLV,E-waste collected (tonnes)
Lithuania,2018.0,14221,EN_EWT_COLLV,E-waste collected (tonnes)
Lithuania,2019.0,16090,EN_EWT_COLLV,E-waste collected (tonnes)
Lithuania,2020.0,16515,EN_EWT_COLLV,E-waste collected (tonnes)
Lithuania,2021.0,19733,EN_EWT_COLLV,E-waste collected (tonnes)
Lithuania,2022.0,21618,EN_EWT_COLLV,E-waste collected (tonnes)
Lithuania,2023.0,26322,EN_EWT_COLLV,E-waste collected (tonnes)
Luxembourg,2006.0,3848,EN_EWT_COLLV,E-waste collected (tonnes)
Luxembourg,2007.0,4116,EN_EWT_COLLV,E-waste collected (tonnes)
Luxembourg,2008.0,4243,EN_EWT_COLLV,E-waste collected (tonnes)
Luxembourg,2009.0,4817,EN_EWT_COLLV,E-waste collected (tonnes)
Luxembourg,2010.0,4823,EN_EWT_COLLV,E-waste collected (tonnes)
Luxembourg,2011.0,4985,EN_EWT_COLLV,E-waste collected (tonnes)
Luxembourg,2012.0,5010,EN_EWT_COLLV,E-waste collected (tonnes)
Luxembourg,2013.0,5176,EN_EWT_COLLV,E-waste collected (tonnes)
Luxembourg,2014.0,5518,EN_EWT_COLLV,E-waste collected (tonnes)
Luxembourg,2015.0,5901,EN_EWT_COLLV,E-waste collected (tonnes)
Luxembourg,2016.0,6191,EN_EWT_COLLV,E-waste collected (tonnes)
Luxembourg,2017.0,6065,EN_EWT_COLLV,E-waste collected (tonnes)
Luxembourg,2018.0,6065,EN_EWT_COLLV,E-waste collected (tonnes)
Luxembourg,2019.0,6019,EN_EWT_COLLV,E-waste collected (tonnes)
Luxembourg,2020.0,6371,EN_EWT_COLLV,E-waste collected (tonnes)
Luxembourg,2021.0,6659,EN_EWT_COLLV,E-waste collected (tonnes)
Luxembourg,2022.0,5804,EN_EWT_COLLV,E-waste collected (tonnes)
Luxembourg,2023.0,5873,EN_EWT_COLLV,E-waste collected (tonnes)
Malta,2005.0,149,EN_EWT_COLLV,E-waste collected (tonnes)
Malta,2006.0,264,EN_EWT_COLLV,E-waste collected (tonnes)
Malta,2007.0,217,EN_EWT_COLLV,E-waste collected (tonnes)
Malta,2008.0,172,EN_EWT_COLLV,E-waste collected (tonnes)
Malta,2009.0,1192,EN_EWT_COLLV,E-waste collected (tonnes)
Malta,2010.0,1535,EN_EWT_COLLV,E-waste collected (tonnes)
Malta,2011.0,1564,EN_EWT_COLLV,E-waste collected (tonnes)
Malta,2012.0,1506,EN_EWT_COLLV,E-waste collected (tonnes)
Malta,2013.0,1704,EN_EWT_COLLV,E-waste collected (tonnes)
Malta,2014.0,1673,EN_EWT_COLLV,E-waste collected (tonnes)
Malta,2015.0,1984,EN_EWT_COLLV,E-waste collected (tonnes)
Malta,2016.0,2445,EN_EWT_COLLV,E-waste collected (tonnes)
Malta,2017.0,2953,EN_EWT_COLLV,E-waste collected (tonnes)
Malta,2018.0,3175,EN_EWT_COLLV,E-waste collected (tonnes)
Malta,2019.0,4248,EN_EWT_COLLV,E-waste collected (tonnes)
Malta,2020.0,3552,EN_EWT_COLLV,E-waste collected (tonnes)
Malta,2021.0,2809,EN_EWT_COLLV,E-waste collected (tonnes)
Malta,2022.0,3010,EN_EWT_COLLV,E-waste collected (tonnes)
Malta,2023.0,3176,EN_EWT_COLLV,E-waste collected (tonnes)
Martinique,2008.0,248,EN_EWT_COLLV,E-waste collected (tonnes)
Martinique,2009.0,527,EN_EWT_COLLV,E-waste collected (tonnes)
Martinique,2010.0,793,EN_EWT_COLLV,E-waste collected (tonnes)
Martinique,2011.0,1175,EN_EWT_COLLV,E-waste collected (tonnes)
Martinique,2012.0,1456,EN_EWT_COLLV,E-waste collected (tonnes)
Martinique,2013.0,1575,EN_EWT_COLLV,E-waste collected (tonnes)
Martinique,2014.0,2309,EN_EWT_COLLV,E-waste collected (tonnes)
Martinique,2015.0,2896,EN_EWT_COLLV,E-waste collected (tonnes)
Martinique,2016.0,3300,EN_EWT_COLLV,E-waste collected (tonnes)
Martinique,2017.0,3806,EN_EWT_COLLV,E-waste collected (tonnes)
Martinique,2018.0,3730,EN_EWT_COLLV,E-waste collected (tonnes)
Martinique,2019.0,4184,EN_EWT_COLLV,E-waste collected (tonnes)
Martinique,2020.0,3770,EN_EWT_COLLV,E-waste collected (tonnes)
Martinique,2021.0,3777,EN_EWT_COLLV,E-waste collected (tonnes)
Martinique,2022.0,4848,EN_EWT_COLLV,E-waste collected (tonnes)
Mauritius,2016.0,111820,EN_EWT_COLLV,E-waste collected (tonnes)
Mauritius,2017.0,250000,EN_EWT_COLLV,E-waste collected (tonnes)
Mauritius,2019.0,983,EN_EWT_COLLV,E-waste collected (tonnes)
Mauritius,2020.0,5,EN_EWT_COLLV,E-waste collected (tonnes)
Mauritius,2021.0,191,EN_EWT_COLLV,E-waste collected (tonnes)
Middle Africa,2018.0,50,EN_EWT_COLLV,E-waste collected (tonnes)
Middle Africa,2019.0,54.16725,EN_EWT_COLLV,E-waste collected (tonnes)
Middle Africa,2020.0,58.75725,EN_EWT_COLLV,E-waste collected (tonnes)
Middle Africa,2021.0,63.17463,EN_EWT_COLLV,E-waste collected (tonnes)
Middle Africa,2022.0,67.61484,EN_EWT_COLLV,E-waste collected (tonnes)
Mongolia,2020.0,56518.8,EN_EWT_COLLV,E-waste collected (tonnes)
Mongolia,2021.0,41796.9,EN_EWT_COLLV,E-waste collected (tonnes)
Mongolia,2022.0,87807.9,EN_EWT_COLLV,E-waste collected (tonnes)
Mongolia,2023.0,39442.7,EN_EWT_COLLV,E-waste collected (tonnes)
Nepal,2017.0,17730,EN_EWT_COLLV,E-waste collected (tonnes)
Netherlands (Kingdom of the),2005.0,89827,EN_EWT_COLLV,E-waste collected (tonnes)
Netherlands (Kingdom of the),2006.0,94484,EN_EWT_COLLV,E-waste collected (tonnes)
Netherlands (Kingdom of the),2007.0,98190,EN_EWT_COLLV,E-waste collected (tonnes)
Netherlands (Kingdom of the),2008.0,103319,EN_EWT_COLLV,E-waste collected (tonnes)
Netherlands (Kingdom of the),2009.0,108457,EN_EWT_COLLV,E-waste collected (tonnes)
Netherlands (Kingdom of the),2010.0,128119,EN_EWT_COLLV,E-waste collected (tonnes)
Netherlands (Kingdom of the),2011.0,132197,EN_EWT_COLLV,E-waste collected (tonnes)
Netherlands (Kingdom of the),2012.0,123684,EN_EWT_COLLV,E-waste collected (tonnes)
Netherlands (Kingdom of the),2013.0,117499,EN_EWT_COLLV,E-waste collected (tonnes)
Netherlands (Kingdom of the),2014.0,141805,EN_EWT_COLLV,E-waste collected (tonnes)
Netherlands (Kingdom of the),2015.0,145192,EN_EWT_COLLV,E-waste collected (tonnes)
Netherlands (Kingdom of the),2016.0,154675,EN_EWT_COLLV,E-waste collected (tonnes)
Netherlands (Kingdom of the),2017.0,170849,EN_EWT_COLLV,E-waste collected (tonnes)
Netherlands (Kingdom of the),2018.0,184426,EN_EWT_COLLV,E-waste collected (tonnes)
Netherlands (Kingdom of the),2019.0,198649,EN_EWT_COLLV,E-waste collected (tonnes)
Netherlands (Kingdom of the),2020.0,220236,EN_EWT_COLLV,E-waste collected (tonnes)
Netherlands (Kingdom of the),2021.0,205991,EN_EWT_COLLV,E-waste collected (tonnes)
Netherlands (Kingdom of the),2022.0,199470,EN_EWT_COLLV,E-waste collected (tonnes)
Netherlands (Kingdom of the),2023.0,219456,EN_EWT_COLLV,E-waste collected (tonnes)
Niger,2012.0,8725.68989,EN_EWT_COLLV,E-waste collected (tonnes)
Niger,2013.0,9024.62959,EN_EWT_COLLV,E-waste collected (tonnes)
Niger,2014.0,9333.68015,EN_EWT_COLLV,E-waste collected (tonnes)
Niger,2015.0,9654.19006,EN_EWT_COLLV,E-waste collected (tonnes)
Niger,2016.0,9976.63975,EN_EWT_COLLV,E-waste collected (tonnes)
Niger,2017.0,10319.06033,EN_EWT_COLLV,E-waste collected (tonnes)
Niger,2018.0,10637.72964,EN_EWT_COLLV,E-waste collected (tonnes)
Niger,2019.0,10956.41041,EN_EWT_COLLV,E-waste collected (tonnes)
Northern Africa and Western Asia,2010.0,2609,EN_EWT_COLLV,E-waste collected (tonnes)
Northern Africa and Western Asia,2011.0,2725,EN_EWT_COLLV,E-waste collected (tonnes)
Northern Africa and Western Asia,2012.0,2514,EN_EWT_COLLV,E-waste collected (tonnes)
Northern Africa and Western Asia,2013.0,2283,EN_EWT_COLLV,E-waste collected (tonnes)
Northern Africa and Western Asia,2014.0,15540.892,EN_EWT_COLLV,E-waste collected (tonnes)
Northern Africa and Western Asia,2015.0,149821.1929,EN_EWT_COLLV,E-waste collected (tonnes)
Northern Africa and Western Asia,2016.0,166204.1313,EN_EWT_COLLV,E-waste collected (tonnes)
Northern Africa and Western Asia,2017.0,185099.0751,EN_EWT_COLLV,E-waste collected (tonnes)
Northern Africa and Western Asia,2018.0,201117.2845,EN_EWT_COLLV,E-waste collected (tonnes)
Northern Africa and Western Asia,2019.0,228702.7672,EN_EWT_COLLV,E-waste collected (tonnes)
Northern Africa and Western Asia,2020.0,251871.2783,EN_EWT_COLLV,E-waste collected (tonnes)
Northern Africa and Western Asia,2021.0,279538.8091,EN_EWT_COLLV,E-waste collected (tonnes)
Northern Africa and Western Asia,2022.0,270063.5323,EN_EWT_COLLV,E-waste collected (tonnes)
Northern America,2010.0,3118100,EN_EWT_COLLV,E-waste collected (tonnes)
Northern America,2011.0,3324017.015,EN_EWT_COLLV,E-waste collected (tonnes)
Northern America,2012.0,3517400,EN_EWT_COLLV,E-waste collected (tonnes)
Northern America,2013.0,3718173.217,EN_EWT_COLLV,E-waste collected (tonnes)
Northern America,2014.0,2920400,EN_EWT_COLLV,E-waste collected (tonnes)
Northern America,2015.0,4045388.048,EN_EWT_COLLV,E-waste collected (tonnes)
Northern America,2016.0,3957400,EN_EWT_COLLV,E-waste collected (tonnes)
Northern America,2017.0,3958146.14,EN_EWT_COLLV,E-waste collected (tonnes)
Northern America,2018.0,4006300,EN_EWT_COLLV,E-waste collected (tonnes)
Northern America,2019.0,3960984.894,EN_EWT_COLLV,E-waste collected (tonnes)
Northern America,2020.0,4028266.516,EN_EWT_COLLV,E-waste collected (tonnes)
Northern America,2021.0,4090741.095,EN_EWT_COLLV,E-waste collected (tonnes)
Northern America,2022.0,4150835.13,EN_EWT_COLLV,E-waste collected (tonnes)
Northern Europe,2010.0,940320.4417,EN_EWT_COLLV,E-waste collected (tonnes)
Northern Europe,2011.0,997919.5483,EN_EWT_COLLV,E-waste collected (tonnes)
Northern Europe,2012.0,974371,EN_EWT_COLLV,E-waste collected (tonnes)
Northern Europe,2013.0,974720,EN_EWT_COLLV,E-waste collected (tonnes)
Northern Europe,2014.0,993234,EN_EWT_COLLV,E-waste collected (tonnes)
Northern Europe,2015.0,1129459,EN_EWT_COLLV,E-waste collected (tonnes)
Northern Europe,2016.0,1451110,EN_EWT_COLLV,E-waste collected (tonnes)
Northern Europe,2017.0,1336251,EN_EWT_COLLV,E-waste collected (tonnes)
Northern Europe,2018.0,1295451,EN_EWT_COLLV,E-waste collected (tonnes)
Northern Europe,2019.0,1017408.4,EN_EWT_COLLV,E-waste collected (tonnes)
Northern Europe,2020.0,995317.4979,EN_EWT_COLLV,E-waste collected (tonnes)
Northern Europe,2021.0,1031054.829,EN_EWT_COLLV,E-waste collected (tonnes)
Northern Europe,2022.0,1041789.205,EN_EWT_COLLV,E-waste collected (tonnes)
Norway,2005.0,99985,EN_EWT_COLLV,E-waste collected (tonnes)
Norway,2006.0,101617,EN_EWT_COLLV,E-waste collected (tonnes)
Norway,2007.0,109680,EN_EWT_COLLV,E-waste collected (tonnes)
Norway,2008.0,113618,EN_EWT_COLLV,E-waste collected (tonnes)
Norway,2009.0,115371,EN_EWT_COLLV,E-waste collected (tonnes)
Norway,2010.0,107767,EN_EWT_COLLV,E-waste collected (tonnes)
Norway,2011.0,109823,EN_EWT_COLLV,E-waste collected (tonnes)
Norway,2012.0,104905,EN_EWT_COLLV,E-waste collected (tonnes)
Norway,2013.0,104927,EN_EWT_COLLV,E-waste collected (tonnes)
Norway,2014.0,107236,EN_EWT_COLLV,E-waste collected (tonnes)
Norway,2015.0,105592,EN_EWT_COLLV,E-waste collected (tonnes)
Norway,2016.0,102577,EN_EWT_COLLV,E-waste collected (tonnes)
Norway,2017.0,98832,EN_EWT_COLLV,E-waste collected (tonnes)
Norway,2018.0,96485,EN_EWT_COLLV,E-waste collected (tonnes)
Norway,2019.0,104072,EN_EWT_COLLV,E-waste collected (tonnes)
Norway,2020.0,104900,EN_EWT_COLLV,E-waste collected (tonnes)
Norway,2021.0,107934,EN_EWT_COLLV,E-waste collected (tonnes)
Norway,2022.0,106531,EN_EWT_COLLV,E-waste collected (tonnes)
Norway,2023.0,110811,EN_EWT_COLLV,E-waste collected (tonnes)
Oceania,2012.0,41000,EN_EWT_COLLV,E-waste collected (tonnes)
Oceania,2013.0,40884.24678,EN_EWT_COLLV,E-waste collected (tonnes)
Oceania,2014.0,43000,EN_EWT_COLLV,E-waste collected (tonnes)
Oceania,2015.0,52151.09177,EN_EWT_COLLV,E-waste collected (tonnes)
Oceania,2016.0,54233.575,EN_EWT_COLLV,E-waste collected (tonnes)
Oceania,2017.0,56068.31632,EN_EWT_COLLV,E-waste collected (tonnes)
Oceania,2018.0,57650,EN_EWT_COLLV,E-waste collected (tonnes)
Oceania,2019.0,277429.3746,EN_EWT_COLLV,E-waste collected (tonnes)
Oceania,2020.0,282672.4406,EN_EWT_COLLV,E-waste collected (tonnes)
Oceania,2021.0,288131.9948,EN_EWT_COLLV,E-waste collected (tonnes)
Oceania,2022.0,292362.342,EN_EWT_COLLV,E-waste collected (tonnes)
Oman,2023.0,152068,EN_EWT_COLLV,E-waste collected (tonnes)
Oman,2024.0,212638.4,EN_EWT_COLLV,E-waste collected (tonnes)
Peru,2020.0,1881.6,EN_EWT_COLLV,E-waste collected (tonnes)
Peru,2021.0,25382.2,EN_EWT_COLLV,E-waste collected (tonnes)
Poland,2006.0,17101,EN_EWT_COLLV,E-waste collected (tonnes)
Poland,2007.0,27174,EN_EWT_COLLV,E-waste collected (tonnes)
Poland,2008.0,56426,EN_EWT_COLLV,E-waste collected (tonnes)
Poland,2009.0,106753,EN_EWT_COLLV,E-waste collected (tonnes)
Poland,2010.0,112246,EN_EWT_COLLV,E-waste collected (tonnes)
Poland,2011.0,143331,EN_EWT_COLLV,E-waste collected (tonnes)
Poland,2012.0,175295,EN_EWT_COLLV,E-waste collected (tonnes)
Poland,2013.0,171728,EN_EWT_COLLV,E-waste collected (tonnes)
Poland,2014.0,172946,EN_EWT_COLLV,E-waste collected (tonnes)
Poland,2015.0,199161,EN_EWT_COLLV,E-waste collected (tonnes)
Poland,2016.0,232653,EN_EWT_COLLV,E-waste collected (tonnes)
Poland,2017.0,246460,EN_EWT_COLLV,E-waste collected (tonnes)
Poland,2018.0,255625,EN_EWT_COLLV,E-waste collected (tonnes)
Poland,2019.0,443963,EN_EWT_COLLV,E-waste collected (tonnes)
Poland,2020.0,424275,EN_EWT_COLLV,E-waste collected (tonnes)
Poland,2021.0,524721,EN_EWT_COLLV,E-waste collected (tonnes)
Poland,2022.0,539252,EN_EWT_COLLV,E-waste collected (tonnes)
Poland,2023.0,558108,EN_EWT_COLLV,E-waste collected (tonnes)
Portugal,2005.0,38,EN_EWT_COLLV,E-waste collected (tonnes)
Portugal,2006.0,4216,EN_EWT_COLLV,E-waste collected (tonnes)
Portugal,2007.0,25851,EN_EWT_COLLV,E-waste collected (tonnes)
Portugal,2008.0,41231,EN_EWT_COLLV,E-waste collected (tonnes)
Portugal,2009.0,44690,EN_EWT_COLLV,E-waste collected (tonnes)
Portugal,2010.0,46673,EN_EWT_COLLV,E-waste collected (tonnes)
Portugal,2011.0,59282,EN_EWT_COLLV,E-waste collected (tonnes)
Portugal,2012.0,43695,EN_EWT_COLLV,E-waste collected (tonnes)
Portugal,2013.0,50051,EN_EWT_COLLV,E-waste collected (tonnes)
Portugal,2014.0,60467,EN_EWT_COLLV,E-waste collected (tonnes)
Portugal,2015.0,64469,EN_EWT_COLLV,E-waste collected (tonnes)
Portugal,2016.0,69655,EN_EWT_COLLV,E-waste collected (tonnes)
Portugal,2017.0,70060,EN_EWT_COLLV,E-waste collected (tonnes)
Portugal,2018.0,73686,EN_EWT_COLLV,E-waste collected (tonnes)
Portugal,2019.0,52478,EN_EWT_COLLV,E-waste collected (tonnes)
Portugal,2020.0,59561,EN_EWT_COLLV,E-waste collected (tonnes)
Portugal,2021.0,53693,EN_EWT_COLLV,E-waste collected (tonnes)
Portugal,2022.0,56090,EN_EWT_COLLV,E-waste collected (tonnes)
Portugal,2023.0,61230,EN_EWT_COLLV,E-waste collected (tonnes)
Republic of Moldova,2021.0,387,EN_EWT_COLLV,E-waste collected (tonnes)
Réunion,2008.0,387,EN_EWT_COLLV,E-waste collected (tonnes)
Réunion,2009.0,1080,EN_EWT_COLLV,E-waste collected (tonnes)
Réunion,2010.0,2773,EN_EWT_COLLV,E-waste collected (tonnes)
Réunion,2011.0,4635,EN_EWT_COLLV,E-waste collected (tonnes)
Réunion,2012.0,5242,EN_EWT_COLLV,E-waste collected (tonnes)
Réunion,2013.0,5443,EN_EWT_COLLV,E-waste collected (tonnes)
Réunion,2014.0,5743,EN_EWT_COLLV,E-waste collected (tonnes)
Réunion,2015.0,6466,EN_EWT_COLLV,E-waste collected (tonnes)
Réunion,2016.0,6684,EN_EWT_COLLV,E-waste collected (tonnes)
Réunion,2017.0,7106,EN_EWT_COLLV,E-waste collected (tonnes)
Réunion,2018.0,7680,EN_EWT_COLLV,E-waste collected (tonnes)
Réunion,2019.0,8163,EN_EWT_COLLV,E-waste collected (tonnes)
Réunion,2020.0,8102,EN_EWT_COLLV,E-waste collected (tonnes)
Réunion,2021.0,8783,EN_EWT_COLLV,E-waste collected (tonnes)
Réunion,2022.0,8518,EN_EWT_COLLV,E-waste collected (tonnes)
Romania,2006.0,1132,EN_EWT_COLLV,E-waste collected (tonnes)
Romania,2007.0,3685,EN_EWT_COLLV,E-waste collected (tonnes)
Romania,2008.0,21828,EN_EWT_COLLV,E-waste collected (tonnes)
Romania,2009.0,38760,EN_EWT_COLLV,E-waste collected (tonnes)
Romania,2010.0,26247,EN_EWT_COLLV,E-waste collected (tonnes)
Romania,2011.0,21008,EN_EWT_COLLV,E-waste collected (tonnes)
Romania,2012.0,23083,EN_EWT_COLLV,E-waste collected (tonnes)
Romania,2013.0,33165,EN_EWT_COLLV,E-waste collected (tonnes)
Romania,2014.0,32159,EN_EWT_COLLV,E-waste collected (tonnes)
Romania,2015.0,40774,EN_EWT_COLLV,E-waste collected (tonnes)
Romania,2016.0,46654,EN_EWT_COLLV,E-waste collected (tonnes)
Romania,2017.0,49689,EN_EWT_COLLV,E-waste collected (tonnes)
Romania,2018.0,63779,EN_EWT_COLLV,E-waste collected (tonnes)
Romania,2019.0,88873,EN_EWT_COLLV,E-waste collected (tonnes)
Romania,2020.0,90794,EN_EWT_COLLV,E-waste collected (tonnes)
Romania,2021.0,145907,EN_EWT_COLLV,E-waste collected (tonnes)
Saint Kitts and Nevis,2008.0,63.7,EN_EWT_COLLV,E-waste collected (tonnes)
Saint Kitts and Nevis,2009.0,140.4,EN_EWT_COLLV,E-waste collected (tonnes)
Saint Kitts and Nevis,2010.0,237.2,EN_EWT_COLLV,E-waste collected (tonnes)
Saint Kitts and Nevis,2011.0,170.3,EN_EWT_COLLV,E-waste collected (tonnes)
Saint Kitts and Nevis,2012.0,51.9,EN_EWT_COLLV,E-waste collected (tonnes)
Saint Kitts and Nevis,2020.0,47.2,EN_EWT_COLLV,E-waste collected (tonnes)
Saint Kitts and Nevis,2021.0,42.6,EN_EWT_COLLV,E-waste collected (tonnes)
Saint Kitts and Nevis,2022.0,100.5,EN_EWT_COLLV,E-waste collected (tonnes)
Saint Kitts and Nevis,2023.0,201.8,EN_EWT_COLLV,E-waste collected (tonnes)
Senegal,2014.0,25040.00092,EN_EWT_COLLV,E-waste collected (tonnes)
Senegal,2015.0,44055.00031,EN_EWT_COLLV,E-waste collected (tonnes)
Senegal,2016.0,21150.99907,EN_EWT_COLLV,E-waste collected (tonnes)
Senegal,2017.0,10470.00027,EN_EWT_COLLV,E-waste collected (tonnes)
Slovakia,2005.0,3580,EN_EWT_COLLV,E-waste collected (tonnes)
Slovakia,2006.0,8612,EN_EWT_COLLV,E-waste collected (tonnes)
Slovakia,2007.0,14524,EN_EWT_COLLV,E-waste collected (tonnes)
Slovakia,2008.0,19388,EN_EWT_COLLV,E-waste collected (tonnes)
Slovakia,2009.0,22188,EN_EWT_COLLV,E-waste collected (tonnes)
Slovakia,2010.0,21916,EN_EWT_COLLV,E-waste collected (tonnes)
Slovakia,2011.0,23601,EN_EWT_COLLV,E-waste collected (tonnes)
Slovakia,2012.0,22671,EN_EWT_COLLV,E-waste collected (tonnes)
Slovakia,2013.0,22584,EN_EWT_COLLV,E-waste collected (tonnes)
Slovakia,2014.0,22716,EN_EWT_COLLV,E-waste collected (tonnes)
Slovakia,2015.0,23356,EN_EWT_COLLV,E-waste collected (tonnes)
Slovakia,2016.0,28252,EN_EWT_COLLV,E-waste collected (tonnes)
Slovakia,2017.0,29830,EN_EWT_COLLV,E-waste collected (tonnes)
Slovakia,2018.0,31837,EN_EWT_COLLV,E-waste collected (tonnes)
Slovakia,2019.0,38790,EN_EWT_COLLV,E-waste collected (tonnes)
Slovakia,2020.0,46418,EN_EWT_COLLV,E-waste collected (tonnes)
Slovakia,2021.0,52140,EN_EWT_COLLV,E-waste collected (tonnes)
Slovakia,2022.0,56482,EN_EWT_COLLV,E-waste collected (tonnes)
Slovakia,2023.0,59369,EN_EWT_COLLV,E-waste collected (tonnes)
Slovenia,2007.0,5318,EN_EWT_COLLV,E-waste collected (tonnes)
Slovenia,2008.0,6922,EN_EWT_COLLV,E-waste collected (tonnes)
Slovenia,2009.0,8186,EN_EWT_COLLV,E-waste collected (tonnes)
Slovenia,2010.0,8674,EN_EWT_COLLV,E-waste collected (tonnes)
Slovenia,2011.0,9344,EN_EWT_COLLV,E-waste collected (tonnes)
Slovenia,2012.0,9430,EN_EWT_COLLV,E-waste collected (tonnes)
Slovenia,2013.0,8539,EN_EWT_COLLV,E-waste collected (tonnes)
Slovenia,2014.0,9692,EN_EWT_COLLV,E-waste collected (tonnes)
Slovenia,2015.0,10527,EN_EWT_COLLV,E-waste collected (tonnes)
Slovenia,2016.0,13921,EN_EWT_COLLV,E-waste collected (tonnes)
Slovenia,2017.0,12643,EN_EWT_COLLV,E-waste collected (tonnes)
Slovenia,2018.0,13430,EN_EWT_COLLV,E-waste collected (tonnes)
Slovenia,2019.0,14415,EN_EWT_COLLV,E-waste collected (tonnes)
Slovenia,2020.0,14409,EN_EWT_COLLV,E-waste collected (tonnes)
Slovenia,2021.0,15545,EN_EWT_COLLV,E-waste collected (tonnes)
Slovenia,2022.0,15462,EN_EWT_COLLV,E-waste collected (tonnes)
Slovenia,2023.0,16635,EN_EWT_COLLV,E-waste collected (tonnes)
Small island developing States (SIDS),2010.0,1855.24866,EN_EWT_COLLV,E-waste collected (tonnes)
Small island developing States (SIDS),2011.0,2000,EN_EWT_COLLV,E-waste collected (tonnes)
Small island developing States (SIDS),2012.0,79.33206,EN_EWT_COLLV,E-waste collected (tonnes)
Small island developing States (SIDS),2013.0,84.59815,EN_EWT_COLLV,E-waste collected (tonnes)
Small island developing States (SIDS),2014.0,89.85781,EN_EWT_COLLV,E-waste collected (tonnes)
Small island developing States (SIDS),2015.0,124.9117,EN_EWT_COLLV,E-waste collected (tonnes)
Small island developing States (SIDS),2016.0,184.88988,EN_EWT_COLLV,E-waste collected (tonnes)
Small island developing States (SIDS),2017.0,190.83124,EN_EWT_COLLV,E-waste collected (tonnes)
Small island developing States (SIDS),2018.0,198.333,EN_EWT_COLLV,E-waste collected (tonnes)
Small island developing States (SIDS),2019.0,205.79081,EN_EWT_COLLV,E-waste collected (tonnes)
Small island developing States (SIDS),2020.0,212.78331,EN_EWT_COLLV,E-waste collected (tonnes)
Small island developing States (SIDS),2021.0,219.54707,EN_EWT_COLLV,E-waste collected (tonnes)
Small island developing States (SIDS),2022.0,226.21263,EN_EWT_COLLV,E-waste collected (tonnes)
South America,2012.0,13375.677,EN_EWT_COLLV,E-waste collected (tonnes)
South America,2013.0,63718.20332,EN_EWT_COLLV,E-waste collected (tonnes)
South America,2014.0,64851.09387,EN_EWT_COLLV,E-waste collected (tonnes)
South America,2015.0,77599.74053,EN_EWT_COLLV,E-waste collected (tonnes)
South America,2016.0,75195.80072,EN_EWT_COLLV,E-waste collected (tonnes)
South America,2017.0,85638.97681,EN_EWT_COLLV,E-waste collected (tonnes)
South America,2018.0,95171.63759,EN_EWT_COLLV,E-waste collected (tonnes)
South America,2019.0,105436.5367,EN_EWT_COLLV,E-waste collected (tonnes)
South America,2020.0,107716.8758,EN_EWT_COLLV,E-waste collected (tonnes)
South America,2021.0,112875.0358,EN_EWT_COLLV,E-waste collected (tonnes)
South America,2022.0,116120.4327,EN_EWT_COLLV,E-waste collected (tonnes)
Southern Africa,2015.0,3.2,EN_EWT_COLLV,E-waste collected (tonnes)
Southern Africa,2016.0,20.844,EN_EWT_COLLV,E-waste collected (tonnes)
Southern Africa,2017.0,11.491,EN_EWT_COLLV,E-waste collected (tonnes)
Southern Africa,2018.0,49.627,EN_EWT_COLLV,E-waste collected (tonnes)
Southern Africa,2019.0,27.885,EN_EWT_COLLV,E-waste collected (tonnes)
Southern Africa,2020.0,28.87306,EN_EWT_COLLV,E-waste collected (tonnes)
Southern Africa,2021.0,29.87734,EN_EWT_COLLV,E-waste collected (tonnes)
Southern Africa,2022.0,30.93179,EN_EWT_COLLV,E-waste collected (tonnes)
Southern Asia,2016.0,29619.88646,EN_EWT_COLLV,E-waste collected (tonnes)
Southern Asia,2017.0,33993.40284,EN_EWT_COLLV,E-waste collected (tonnes)
Southern Asia,2018.0,38516.61799,EN_EWT_COLLV,E-waste collected (tonnes)
Southern Asia,2019.0,43524.85527,EN_EWT_COLLV,E-waste collected (tonnes)
Southern Asia,2020.0,48742.58878,EN_EWT_COLLV,E-waste collected (tonnes)
Southern Asia,2021.0,54126.73788,EN_EWT_COLLV,E-waste collected (tonnes)
Southern Asia,2022.0,60069.40943,EN_EWT_COLLV,E-waste collected (tonnes)
Southern Europe,2010.0,843990,EN_EWT_COLLV,E-waste collected (tonnes)
Southern Europe,2011.0,828512,EN_EWT_COLLV,E-waste collected (tonnes)
Southern Europe,2012.0,763425,EN_EWT_COLLV,E-waste collected (tonnes)
Southern Europe,2013.0,761554.4145,EN_EWT_COLLV,E-waste collected (tonnes)
Southern Europe,2014.0,632876.727,EN_EWT_COLLV,E-waste collected (tonnes)
Southern Europe,2015.0,739461.098,EN_EWT_COLLV,E-waste collected (tonnes)
Southern Europe,2016.0,832884.1929,EN_EWT_COLLV,E-waste collected (tonnes)
Southern Europe,2017.0,884147.646,EN_EWT_COLLV,E-waste collected (tonnes)
Southern Europe,2018.0,971995.9172,EN_EWT_COLLV,E-waste collected (tonnes)
Southern Europe,2019.0,1043625.176,EN_EWT_COLLV,E-waste collected (tonnes)
Southern Europe,2020.0,1081323.948,EN_EWT_COLLV,E-waste collected (tonnes)
Southern Europe,2021.0,1064464.565,EN_EWT_COLLV,E-waste collected (tonnes)
Southern Europe,2022.0,1069007.957,EN_EWT_COLLV,E-waste collected (tonnes)
Spain,2006.0,159094,EN_EWT_COLLV,E-waste collected (tonnes)
Spain,2007.0,277792,EN_EWT_COLLV,E-waste collected (tonnes)
Spain,2008.0,296009,EN_EWT_COLLV,E-waste collected (tonnes)
Spain,2009.0,137016,EN_EWT_COLLV,E-waste collected (tonnes)
Spain,2010.0,158099,EN_EWT_COLLV,E-waste collected (tonnes)
Spain,2011.0,153867,EN_EWT_COLLV,E-waste collected (tonnes)
Spain,2012.0,157994,EN_EWT_COLLV,E-waste collected (tonnes)
Spain,2013.0,209505,EN_EWT_COLLV,E-waste collected (tonnes)
Spain,2014.0,184818,EN_EWT_COLLV,E-waste collected (tonnes)
Spain,2015.0,230728,EN_EWT_COLLV,E-waste collected (tonnes)
Spain,2016.0,249983,EN_EWT_COLLV,E-waste collected (tonnes)
Spain,2017.0,287210,EN_EWT_COLLV,E-waste collected (tonnes)
Spain,2018.0,320622,EN_EWT_COLLV,E-waste collected (tonnes)
Spain,2019.0,371270,EN_EWT_COLLV,E-waste collected (tonnes)
Spain,2020.0,393797,EN_EWT_COLLV,E-waste collected (tonnes)
Spain,2021.0,413293,EN_EWT_COLLV,E-waste collected (tonnes)
Spain,2022.0,416162,EN_EWT_COLLV,E-waste collected (tonnes)
Spain,2023.0,448202,EN_EWT_COLLV,E-waste collected (tonnes)
Sub-Saharan Africa,2010.0,1855.24866,EN_EWT_COLLV,E-waste collected (tonnes)
Sub-Saharan Africa,2011.0,2000,EN_EWT_COLLV,E-waste collected (tonnes)
Sub-Saharan Africa,2012.0,79.33206,EN_EWT_COLLV,E-waste collected (tonnes)
Sub-Saharan Africa,2013.0,84.59815,EN_EWT_COLLV,E-waste collected (tonnes)
Sub-Saharan Africa,2014.0,89.85781,EN_EWT_COLLV,E-waste collected (tonnes)
Sub-Saharan Africa,2015.0,98.1117,EN_EWT_COLLV,E-waste collected (tonnes)
Sub-Saharan Africa,2016.0,120.72598,EN_EWT_COLLV,E-waste collected (tonnes)
Sub-Saharan Africa,2017.0,116.36854,EN_EWT_COLLV,E-waste collected (tonnes)
Sub-Saharan Africa,2018.0,1089.58265,EN_EWT_COLLV,E-waste collected (tonnes)
Sub-Saharan Africa,2019.0,1742.18681,EN_EWT_COLLV,E-waste collected (tonnes)
Sub-Saharan Africa,2020.0,2063.41929,EN_EWT_COLLV,E-waste collected (tonnes)
Sub-Saharan Africa,2021.0,2235.47888,EN_EWT_COLLV,E-waste collected (tonnes)
Sub-Saharan Africa,2022.0,2419.62977,EN_EWT_COLLV,E-waste collected (tonnes)
Sweden,2005.0,48774,EN_EWT_COLLV,E-waste collected (tonnes)
Sweden,2006.0,130062,EN_EWT_COLLV,E-waste collected (tonnes)
Sweden,2007.0,155553,EN_EWT_COLLV,E-waste collected (tonnes)
Sweden,2008.0,150125,EN_EWT_COLLV,E-waste collected (tonnes)
Sweden,2009.0,153706,EN_EWT_COLLV,E-waste collected (tonnes)
Sweden,2010.0,161444,EN_EWT_COLLV,E-waste collected (tonnes)
Sweden,2011.0,176580,EN_EWT_COLLV,E-waste collected (tonnes)
Sweden,2012.0,168612,EN_EWT_COLLV,E-waste collected (tonnes)
Sweden,2013.0,176567,EN_EWT_COLLV,E-waste collected (tonnes)
Sweden,2014.0,144858,EN_EWT_COLLV,E-waste collected (tonnes)
Sweden,2015.0,143955,EN_EWT_COLLV,E-waste collected (tonnes)
Sweden,2016.0,163237,EN_EWT_COLLV,E-waste collected (tonnes)
Sweden,2017.0,141378,EN_EWT_COLLV,E-waste collected (tonnes)
Sweden,2018.0,144357,EN_EWT_COLLV,E-waste collected (tonnes)
Sweden,2019.0,155588,EN_EWT_COLLV,E-waste collected (tonnes)
Sweden,2020.0,149401,EN_EWT_COLLV,E-waste collected (tonnes)
Sweden,2021.0,135216,EN_EWT_COLLV,E-waste collected (tonnes)
Ukraine,2010.0,55900,EN_EWT_COLLV,E-waste collected (tonnes)
Ukraine,2011.0,40100,EN_EWT_COLLV,E-waste collected (tonnes)
Ukraine,2012.0,31500,EN_EWT_COLLV,E-waste collected (tonnes)
Ukraine,2013.0,41800,EN_EWT_COLLV,E-waste collected (tonnes)
Ukraine,2014.0,30100,EN_EWT_COLLV,E-waste collected (tonnes)
Ukraine,2015.0,37300,EN_EWT_COLLV,E-waste collected (tonnes)
Ukraine,2016.0,45900,EN_EWT_COLLV,E-waste collected (tonnes)
Ukraine,2017.0,40000,EN_EWT_COLLV,E-waste collected (tonnes)
Ukraine,2018.0,21800,EN_EWT_COLLV,E-waste collected (tonnes)
Ukraine,2019.0,29400,EN_EWT_COLLV,E-waste collected (tonnes)
United Arab Emirates,2019.0,4720,EN_EWT_COLLV,E-waste collected (tonnes)
United Arab Emirates,2020.0,3236.3,EN_EWT_COLLV,E-waste collected (tonnes)
United Arab Emirates,2021.0,4081.9,EN_EWT_COLLV,E-waste collected (tonnes)
United Arab Emirates,2022.0,3768.4,EN_EWT_COLLV,E-waste collected (tonnes)
United Arab Emirates,2023.0,13612.6,EN_EWT_COLLV,E-waste collected (tonnes)
United Kingdom of Great Britain and Northern Ireland,2007.0,193993,EN_EWT_COLLV,E-waste collected (tonnes)
United Kingdom of Great Britain and Northern Ireland,2008.0,448010,EN_EWT_COLLV,E-waste collected (tonnes)
United Kingdom of Great Britain and Northern Ireland,2009.0,471449,EN_EWT_COLLV,E-waste collected (tonnes)
United Kingdom of Great Britain and Northern Ireland,2010.0,479356,EN_EWT_COLLV,E-waste collected (tonnes)
United Kingdom of Great Britain and Northern Ireland,2011.0,517192,EN_EWT_COLLV,E-waste collected (tonnes)
United Kingdom of Great Britain and Northern Ireland,2012.0,503611,EN_EWT_COLLV,E-waste collected (tonnes)
United Kingdom of Great Britain and Northern Ireland,2013.0,492490,EN_EWT_COLLV,E-waste collected (tonnes)
United Kingdom of Great Britain and Northern Ireland,2014.0,522059,EN_EWT_COLLV,E-waste collected (tonnes)
United Kingdom of Great Britain and Northern Ireland,2015.0,663100,EN_EWT_COLLV,E-waste collected (tonnes)
United Kingdom of Great Britain and Northern Ireland,2016.0,971321,EN_EWT_COLLV,E-waste collected (tonnes)
United Kingdom of Great Britain and Northern Ireland,2017.0,870890,EN_EWT_COLLV,E-waste collected (tonnes)
United Kingdom of Great Britain and Northern Ireland,2018.0,816398,EN_EWT_COLLV,E-waste collected (tonnes)
United States of America,2000.0,2004878.275,EN_EWT_COLLV,E-waste collected (tonnes)
United States of America,2005.0,2540117.272,EN_EWT_COLLV,E-waste collected (tonnes)
United States of America,2010.0,3066284.421,EN_EWT_COLLV,E-waste collected (tonnes)
United States of America,2011.0,3257000,EN_EWT_COLLV,E-waste collected (tonnes)
United States of America,2012.0,3447000,EN_EWT_COLLV,E-waste collected (tonnes)
United States of America,2013.0,3638000,EN_EWT_COLLV,E-waste collected (tonnes)
United States of America,2014.0,3837000,EN_EWT_COLLV,E-waste collected (tonnes)
United States of America,2015.0,3946253.619,EN_EWT_COLLV,E-waste collected (tonnes)
United States of America,2016.0,3856000,EN_EWT_COLLV,E-waste collected (tonnes)
United States of America,2017.0,3855535.145,EN_EWT_COLLV,E-waste collected (tonnes)
United States of America,2018.0,3900894.382,EN_EWT_COLLV,E-waste collected (tonnes)
Western Asia,2010.0,2609,EN_EWT_COLLV,E-waste collected (tonnes)
Western Asia,2011.0,2725,EN_EWT_COLLV,E-waste collected (tonnes)
Western Asia,2012.0,2514,EN_EWT_COLLV,E-waste collected (tonnes)
Western Asia,2013.0,2283,EN_EWT_COLLV,E-waste collected (tonnes)
Western Asia,2014.0,15540.892,EN_EWT_COLLV,E-waste collected (tonnes)
Western Asia,2015.0,149821.1929,EN_EWT_COLLV,E-waste collected (tonnes)
Western Asia,2016.0,166204.1313,EN_EWT_COLLV,E-waste collected (tonnes)
Western Asia,2017.0,185099.0751,EN_EWT_COLLV,E-waste collected (tonnes)
Western Asia,2018.0,201117.2845,EN_EWT_COLLV,E-waste collected (tonnes)
Western Asia,2019.0,228702.7672,EN_EWT_COLLV,E-waste collected (tonnes)
Western Asia,2020.0,251871.2783,EN_EWT_COLLV,E-waste collected (tonnes)
Western Asia,2021.0,279538.8091,EN_EWT_COLLV,E-waste collected (tonnes)
Western Asia,2022.0,270063.5323,EN_EWT_COLLV,E-waste collected (tonnes)
Western Europe,2010.0,1641148,EN_EWT_COLLV,E-waste collected (tonnes)
Western Europe,2011.0,1626569,EN_EWT_COLLV,E-waste collected (tonnes)
Western Europe,2012.0,1603586.864,EN_EWT_COLLV,E-waste collected (tonnes)
Western Europe,2013.0,1655467,EN_EWT_COLLV,E-waste collected (tonnes)
Western Europe,2014.0,1713755,EN_EWT_COLLV,E-waste collected (tonnes)
Western Europe,2015.0,1821255,EN_EWT_COLLV,E-waste collected (tonnes)
Western Europe,2016.0,2009285,EN_EWT_COLLV,E-waste collected (tonnes)
Western Europe,2017.0,2119440,EN_EWT_COLLV,E-waste collected (tonnes)
Western Europe,2018.0,2238530,EN_EWT_COLLV,E-waste collected (tonnes)
Western Europe,2019.0,2409031,EN_EWT_COLLV,E-waste collected (tonnes)
Western Europe,2020.0,2440594.112,EN_EWT_COLLV,E-waste collected (tonnes)
Western Europe,2021.0,2453979.784,EN_EWT_COLLV,E-waste collected (tonnes)
Western Europe,2022.0,2477518.454,EN_EWT_COLLV,E-waste collected (tonnes)
World,2010.0,7960597.69,EN_EWT_COLLV,E-waste collected (tonnes)
World,2011.0,8109233.563,EN_EWT_COLLV,E-waste collected (tonnes)
World,2012.0,8079056.873,EN_EWT_COLLV,E-waste collected (tonnes)
World,2013.0,9808580.355,EN_EWT_COLLV,E-waste collected (tonnes)
World,2014.0,9010259.444,EN_EWT_COLLV,E-waste collected (tonnes)
World,2015.0,10812270.89,EN_EWT_COLLV,E-waste collected (tonnes)
World,2016.0,11635512.16,EN_EWT_COLLV,E-waste collected (tonnes)
World,2017.0,11874312.95,EN_EWT_COLLV,E-waste collected (tonnes)
World,2018.0,12310275.92,EN_EWT_COLLV,E-waste collected (tonnes)
World,2019.0,12905079.73,EN_EWT_COLLV,E-waste collected (tonnes)
World,2020.0,13289659.74,EN_EWT_COLLV,E-waste collected (tonnes)
World,2021.0,13530252.45,EN_EWT_COLLV,E-waste collected (tonnes)
World,2022.0,13783160.04,EN_EWT_COLLV,E-waste collected (tonnes)
Zimbabwe,2017.0,30,EN_EWT_COLLV,E-waste collected (tonnes)
Africa,2010.0,0.00176,EN_EWT_COLLPCAP,E-waste collected per capita (kg)
Africa,2011.0,0.00185,EN_EWT_COLLPCAP,E-waste collected per capita (kg)
Africa,2012.0,7e-05,EN_EWT_COLLPCAP,E-waste collected per capita (kg)
Africa,2013.0,7e-05,EN_EWT_COLLPCAP,E-waste collected per capita (kg)
Africa,2014.0,8e-05,EN_EWT_COLLPCAP,E-waste collected per capita (kg)
Africa,2015.0,8e-05,EN_EWT_COLLPCAP,E-waste collected per capita (kg)
Africa,2016.0,1e-04,EN_EWT_COLLPCAP,E-waste collected per capita (kg)
Africa,2017.0,9e-05,EN_EWT_COLLPCAP,E-waste collected per capita (kg)
Africa,2018.0,0.00084,EN_EWT_COLLPCAP,E-waste collected per capita (kg)
Africa,2019.0,0.00131,EN_EWT_COLLPCAP,E-waste collected per capita (kg)
Africa,2020.0,0.00152,EN_EWT_COLLPCAP,E-waste collected per capita (kg)
Africa,2021.0,0.0016,EN_EWT_COLLPCAP,E-waste collected per capita (kg)
Africa,2022.0,0.0017,EN_EWT_COLLPCAP,E-waste collected per capita (kg)
Andorra,2018.0,5.17017,EN_EWT_COLLPCAP,E-waste collected per capita (kg)
Andorra,2019.0,4.68133,EN_EWT_COLLPCAP,E-waste collected per capita (kg)
Andorra,2020.0,4.93538,EN_EWT_COLLPCAP,E-waste collected per capita (kg)
Andorra,2021.0,4.74325,EN_EWT_COLLPCAP,E-waste collected per capita (kg)
Andorra,2022.0,4.88426,EN_EWT_COLLPCAP,E-waste collected per capita (kg)
Andorra,2023.0,4.63293,EN_EWT_COLLPCAP,E-waste collected per capita (kg)
Antigua and Barbuda,2020.0,23.29987,EN_EWT_COLLPCAP,E-waste collected per capita (kg)
Antigua and Barbuda,2021.0,22.95639,EN_EWT_COLLPCAP,E-waste collected per capita (kg)
Asia,2010.0,0.24392,EN_EWT_COLLPCAP,E-waste collected per capita (kg)
Asia,2011.0,0.21954,EN_EWT_COLLPCAP,E-waste collected per capita (kg)
Asia,2012.0,0.17209,EN_EWT_COLLPCAP,E-waste collected per capita (kg)
Asia,2013.0,0.49255,EN_EWT_COLLPCAP,E-waste collected per capita (kg)
Asia,2014.0,0.47639,EN_EWT_COLLPCAP,E-waste collected per capita (kg)
Asia,2015.0,0.52053,EN_EWT_COLLPCAP,E-waste collected per capita (kg)
Asia,2016.0,0.56194,EN_EWT_COLLPCAP,E-waste collected per capita (kg)
Asia,2017.0,0.59033,EN_EWT_COLLPCAP,E-waste collected per capita (kg)
Asia,2018.0,0.62802,EN_EWT_COLLPCAP,E-waste collected per capita (kg)
Asia,2019.0,0.66506,EN_EWT_COLLPCAP,E-waste collected per capita (kg)
Asia,2020.0,0.70829,EN_EWT_COLLPCAP,E-waste collected per capita (kg)
Asia,2021.0,0.73515,EN_EWT_COLLPCAP,E-waste collected per capita (kg)
Asia,2022.0,0.75553,EN_EWT_COLLPCAP,E-waste collected per capita (kg)
Australia,2019.0,10.94818,EN_EWT_COLLPCAP,E-waste collected per capita (kg)
Australia and New Zealand,2012.0,1.51071,EN_EWT_COLLPCAP,E-waste collected per capita (kg)
Australia and New Zealand,2013.0,1.48333,EN_EWT_COLLPCAP,E-waste collected per capita (kg)
Australia and New Zealand,2014.0,1.5366,EN_EWT_COLLPCAP,E-waste collected per capita (kg)
Australia and New Zealand,2015.0,1.83561,EN_EWT_COLLPCAP,E-waste collected per capita (kg)
Australia and New Zealand,2016.0,1.87895,EN_EWT_COLLPCAP,E-waste collected per capita (kg)
Australia and New Zealand,2017.0,1.91121,EN_EWT_COLLPCAP,E-waste collected per capita (kg)
Australia and New Zealand,2018.0,1.93341,EN_EWT_COLLPCAP,E-waste collected per capita (kg)
Australia and New Zealand,2019.0,9.15119,EN_EWT_COLLPCAP,E-waste collected per capita (kg)
Australia and New Zealand,2020.0,9.19823,EN_EWT_COLLPCAP,E-waste collected per capita (kg)
Australia and New Zealand,2021.0,9.27937,EN_EWT_COLLPCAP,E-waste collected per capita (kg)
Australia and New Zealand,2022.0,9.32198,EN_EWT_COLLPCAP,E-waste collected per capita (kg)
Austria,2005.0,2.35,EN_EWT_COLLPCAP,E-waste collected per capita (kg)
Austria,2006.0,7.57,EN_EWT_COLLPCAP,E-waste collected per capita (kg)
Austria,2007.0,7.78,EN_EWT_COLLPCAP,E-waste collected per capita (kg)
Austria,2008.0,8.98,EN_EWT_COLLPCAP,E-waste collected per capita (kg)
Austria,2009.0,9.06,EN_EWT_COLLPCAP,E-waste collected per capita (kg)
Austria,2010.0,8.88,EN_EWT_COLLPCAP,E-waste collected per capita (kg)
Austria,2011.0,8.99,EN_EWT_COLLPCAP,E-waste collected per capita (kg)
Austria,2012.0,9.18,EN_EWT_COLLPCAP,E-waste collected per capita (kg)
Austria,2013.0,9.06,EN_EWT_COLLPCAP,E-waste collected per capita (kg)
Austria,2014.0,9.09,EN_EWT_COLLPCAP,E-waste collected per capita (kg)
Austria,2015.0,9.28,EN_EWT_COLLPCAP,E-waste collected per capita (kg)
Austria,2016.0,9.7,EN_EWT_COLLPCAP,E-waste collected per capita (kg)
Austria,2017.0,13.24,EN_EWT_COLLPCAP,E-waste collected per capita (kg)
Austria,2018.0,13.17,EN_EWT_COLLPCAP,E-waste collected per capita (kg)
Austria,2019.0,14.98,EN_EWT_COLLPCAP,E-waste collected per capita (kg)
Austria,2020.0,15.7,EN_EWT_COLLPCAP,E-waste collected per capita (kg)
Austria,2021.0,15.46,EN_EWT_COLLPCAP,E-waste collected per capita (kg)
Austria,2022.0,15.14,EN_EWT_COLLPCAP,E-waste collected per capita (kg)
Austria,2023.0,15.87,EN_EWT_COLLPCAP,E-waste collected per capita (kg)
Bangladesh,2019.0,0.97597,EN_EWT_COLLPCAP,E-waste collected per capita (kg)
Bangladesh,2020.0,0.95388,EN_EWT_COLLPCAP,E-waste collected per capita (kg)
Bangladesh,2021.0,0.98955,EN_EWT_COLLPCAP,E-waste collected per capita (kg)
Barbados,2012.0,32.82323,EN_EWT_COLLPCAP,E-waste collected per capita (kg)
Barbados,2013.0,392.52335,EN_EWT_COLLPCAP,E-waste collected per capita (kg)
Barbados,2014.0,400.93697,EN_EWT_COLLPCAP,E-waste collected per capita (kg)
Barbados,2015.0,211.83556,EN_EWT_COLLPCAP,E-waste collected per capita (kg)
Barbados,2016.0,74.03487,EN_EWT_COLLPCAP,E-waste collected per capita (kg)
Barbados,2017.0,127.17234,EN_EWT_COLLPCAP,E-waste collected per capita (kg)
Barbados,2018.0,310.06979,EN_EWT_COLLPCAP,E-waste collected per capita (kg)
Barbados,2019.0,235.30709,EN_EWT_COLLPCAP,E-waste collected per capita (kg)
Barbados,2020.0,103.23112,EN_EWT_COLLPCAP,E-waste collected per capita (kg)
Barbados,2021.0,66.56105,EN_EWT_COLLPCAP,E-waste collected per capita (kg)
Belarus,2020.0,3.11199,EN_EWT_COLLPCAP,E-waste collected per capita (kg)
Belarus,2021.0,2.5834,EN_EWT_COLLPCAP,E-waste collected per capita (kg)
Belarus,2022.0,2.37648,EN_EWT_COLLPCAP,E-waste collected per capita (kg)
Belarus,2023.0,2.5341,EN_EWT_COLLPCAP,E-waste collected per capita (kg)
Belgium,2005.0,6.5,EN_EWT_COLLPCAP,E-waste collected per capita (kg)
Belgium,2006.0,7.22,EN_EWT_COLLPCAP,E-waste collected per capita (kg)
Belgium,2007.0,7.7,EN_EWT_COLLPCAP,E-waste collected per capita (kg)
Belgium,2008.0,8.32,EN_EWT_COLLPCAP,E-waste collected per capita (kg)
Belgium,2009.0,9.54,EN_EWT_COLLPCAP,E-waste collected per capita (kg)
Belgium,2010.0,9.69,EN_EWT_COLLPCAP,E-waste collected per capita (kg)
Belgium,2011.0,10.42,EN_EWT_COLLPCAP,E-waste collected per capita (kg)
Belgium,2012.0,10.49,EN_EWT_COLLPCAP,E-waste collected per capita (kg)
Belgium,2013.0,10.79,EN_EWT_COLLPCAP,E-waste collected per capita (kg)
Belgium,2014.0,10.38,EN_EWT_COLLPCAP,E-waste collected per capita (kg)
Belgium,2015.0,10.51,EN_EWT_COLLPCAP,E-waste collected per capita (kg)
Belgium,2016.0,11.27,EN_EWT_COLLPCAP,E-waste collected per capita (kg)
Belgium,2017.0,10.9,EN_EWT_COLLPCAP,E-waste collected per capita (kg)
Belgium,2018.0,12.1,EN_EWT_COLLPCAP,E-waste collected per capita (kg)
Belgium,2019.0,13.09,EN_EWT_COLLPCAP,E-waste collected per capita (kg)
Belgium,2020.0,13.84,EN_EWT_COLLPCAP,E-waste collected per capita (kg)
Belgium,2021.0,14.63,EN_EWT_COLLPCAP,E-waste collected per capita (kg)
Belgium,2022.0,14.1,EN_EWT_COLLPCAP,E-waste collected per capita (kg)
Belgium,2023.0,14.36,EN_EWT_COLLPCAP,E-waste collected per capita (kg)
Bhutan,2017.0,1.20901,EN_EWT_COLLPCAP,E-waste collected per capita (kg)
Bulgaria,2007.0,2.94,EN_EWT_COLLPCAP,E-waste collected per capita (kg)
Bulgaria,2008.0,5.39,EN_EWT_COLLPCAP,E-waste collected per capita (kg)
Bulgaria,2009.0,4.49,EN_EWT_COLLPCAP,E-waste collected per capita (kg)
Bulgaria,2010.0,6.09,EN_EWT_COLLPCAP,E-waste collected per capita (kg)
Bulgaria,2011.0,5.5,EN_EWT_COLLPCAP,E-waste collected per capita (kg)
Bulgaria,2012.0,5.26,EN_EWT_COLLPCAP,E-waste collected per capita (kg)
Bulgaria,2013.0,4.84,EN_EWT_COLLPCAP,E-waste collected per capita (kg)
Bulgaria,2014.0,5.86,EN_EWT_COLLPCAP,E-waste collected per capita (kg)
Bulgaria,2015.0,8.64,EN_EWT_COLLPCAP,E-waste collected per capita (kg)
Bulgaria,2016.0,8.63,EN_EWT_COLLPCAP,E-waste collected per capita (kg)
Bulgaria,2017.0,7.7,EN_EWT_COLLPCAP,E-waste collected per capita (kg)
Bulgaria,2018.0,7.49,EN_EWT_COLLPCAP,E-waste collected per capita (kg)
Bulgaria,2019.0,9.34,EN_EWT_COLLPCAP,E-waste collected per capita (kg)
Bulgaria,2020.0,11.54,EN_EWT_COLLPCAP,E-waste collected per capita (kg)
Bulgaria,2021.0,14.33,EN_EWT_COLLPCAP,E-waste collected per capita (kg)
Bulgaria,2022.0,15.63,EN_EWT_COLLPCAP,E-waste collected per capita (kg)
Bulgaria,2023.0,17.94,EN_EWT_COLLPCAP,E-waste collected per capita (kg)
Canada,2010.0,11.29279,EN_EWT_COLLPCAP,E-waste collected per capita (kg)
Canada,2012.0,11.64877,EN_EWT_COLLPCAP,E-waste collected per capita (kg)
Canada,2014.0,12.18782,EN_EWT_COLLPCAP,E-waste collected per capita (kg)
Canada,2016.0,11.97095,EN_EWT_COLLPCAP,E-waste collected per capita (kg)
Canada,2018.0,4.55224,EN_EWT_COLLPCAP,E-waste collected per capita (kg)
Canada,2020.0,4.16487,EN_EWT_COLLPCAP,E-waste collected per capita (kg)
Canada,2022.0,4.09408,EN_EWT_COLLPCAP,E-waste collected per capita (kg)
Caribbean,2015.0,7e-04,EN_EWT_COLLPCAP,E-waste collected per capita (kg)
Caribbean,2016.0,0.00198,EN_EWT_COLLPCAP,E-waste collected per capita (kg)
Caribbean,2017.0,0.00199,EN_EWT_COLLPCAP,E-waste collected per capita (kg)
Caribbean,2018.0,0.00203,EN_EWT_COLLPCAP,E-waste collected per capita (kg)
Caribbean,2019.0,0.00208,EN_EWT_COLLPCAP,E-waste collected per capita (kg)
Caribbean,2020.0,0.00212,EN_EWT_COLLPCAP,E-waste collected per capita (kg)
Caribbean,2021.0,0.00215,EN_EWT_COLLPCAP,E-waste collected per capita (kg)
Caribbean,2022.0,0.0022,EN_EWT_COLLPCAP,E-waste collected per capita (kg)
Central America,2010.0,0.19671,EN_EWT_COLLPCAP,E-waste collected per capita (kg)
Central America,2011.0,0.20141,EN_EWT_COLLPCAP,E-waste collected per capita (kg)
Central America,2012.0,0.21008,EN_EWT_COLLPCAP,E-waste collected per capita (kg)
Central America,2013.0,0.21386,EN_EWT_COLLPCAP,E-waste collected per capita (kg)
Central America,2014.0,0.22024,EN_EWT_COLLPCAP,E-waste collected per capita (kg)
Central America,2015.0,0.22952,EN_EWT_COLLPCAP,E-waste collected per capita (kg)
Central America,2016.0,0.23966,EN_EWT_COLLPCAP,E-waste collected per capita (kg)
Central America,2017.0,0.25023,EN_EWT_COLLPCAP,E-waste collected per capita (kg)
Central America,2018.0,0.2612,EN_EWT_COLLPCAP,E-waste collected per capita (kg)
Central America,2019.0,0.30144,EN_EWT_COLLPCAP,E-waste collected per capita (kg)
Central America,2020.0,0.31015,EN_EWT_COLLPCAP,E-waste collected per capita (kg)
Central America,2021.0,0.32801,EN_EWT_COLLPCAP,E-waste collected per capita (kg)
Central America,2022.0,0.33669,EN_EWT_COLLPCAP,E-waste collected per capita (kg)
Central and Southern Asia,2015.0,8e-05,EN_EWT_COLLPCAP,E-waste collected per capita (kg)
Central and Southern Asia,2016.0,0.01574,EN_EWT_COLLPCAP,E-waste collected per capita (kg)
Central and Southern Asia,2017.0,0.02255,EN_EWT_COLLPCAP,E-waste collected per capita (kg)
Central and Southern Asia,2018.0,0.02477,EN_EWT_COLLPCAP,E-waste collected per capita (kg)
Central and Southern Asia,2019.0,0.02719,EN_EWT_COLLPCAP,E-waste collected per capita (kg)
Central and Southern Asia,2020.0,0.02966,EN_EWT_COLLPCAP,E-waste collected per capita (kg)
Central and Southern Asia,2021.0,0.03219,EN_EWT_COLLPCAP,E-waste collected per capita (kg)
Central and Southern Asia,2022.0,0.03494,EN_EWT_COLLPCAP,E-waste collected per capita (kg)
Central Asia,2015.0,0.00232,EN_EWT_COLLPCAP,E-waste collected per capita (kg)
Central Asia,2016.0,0.0154,EN_EWT_COLLPCAP,E-waste collected per capita (kg)
Central Asia,2017.0,0.14778,EN_EWT_COLLPCAP,E-waste collected per capita (kg)
Central Asia,2018.0,0.15186,EN_EWT_COLLPCAP,E-waste collected per capita (kg)
Central Asia,2019.0,0.15549,EN_EWT_COLLPCAP,E-waste collected per capita (kg)
Central Asia,2020.0,0.15907,EN_EWT_COLLPCAP,E-waste collected per capita (kg)
Central Asia,2021.0,0.16272,EN_EWT_COLLPCAP,E-waste collected per capita (kg)
Central Asia,2022.0,0.1656,EN_EWT_COLLPCAP,E-waste collected per capita (kg)
"China, Hong Kong Special Administrative Region",2014.0,9.56349,EN_EWT_COLLPCAP,E-waste collected per capita (kg)
"China, Hong Kong Special Administrative Region",2015.0,10.18135,EN_EWT_COLLPCAP,E-waste collected per capita (kg)
"China, Hong Kong Special Administrative Region",2016.0,10.12418,EN_EWT_COLLPCAP,E-waste collected per capita (kg)
"China, Hong Kong Special Administrative Region",2017.0,10.20834,EN_EWT_COLLPCAP,E-waste collected per capita (kg)
"China, Hong Kong Special Administrative Region",2018.0,8.83393,EN_EWT_COLLPCAP,E-waste collected per capita (kg)
"China, Hong Kong Special Administrative Region",2019.0,9.21744,EN_EWT_COLLPCAP,E-waste collected per capita (kg)
"China, Hong Kong Special Administrative Region",2020.0,7.74342,EN_EWT_COLLPCAP,E-waste collected per capita (kg)
"China, Hong Kong Special Administrative Region",2021.0,7.88285,EN_EWT_COLLPCAP,E-waste collected per capita (kg)
"China, Hong Kong Special Administrative Region",2022.0,8.57229,EN_EWT_COLLPCAP,E-waste collected per capita (kg)
"China, Hong Kong Special Administrative Region",2023.0,9.00207,EN_EWT_COLLPCAP,E-waste collected per capita (kg)
"China, Macao Special Administrative Region",2017.0,0.03093,EN_EWT_COLLPCAP,E-waste collected per capita (kg)
"China, Macao Special Administrative Region",2018.0,0.18216,EN_EWT_COLLPCAP,E-waste collected per capita (kg)
"China, Macao Special Administrative Region",2019.0,0.11923,EN_EWT_COLLPCAP,E-waste collected per capita (kg)
"China, Macao Special Administrative Region",2020.0,2.10814,EN_EWT_COLLPCAP,E-waste collected per capita (kg)
"China, Macao Special Administrative Region",2021.0,2.82257,EN_EWT_COLLPCAP,E-waste collected per capita (kg)
"China, Macao Special Administrative Region",2022.0,2.49874,EN_EWT_COLLPCAP,E-waste collected per capita (kg)
"China, Macao Special Administrative Region",2023.0,3.31974,EN_EWT_COLLPCAP,E-waste collected per capita (kg)
Colombia,2021.0,0.09214,EN_EWT_COLLPCAP,E-waste collected per capita (kg)
Costa Rica,2019.0,1.0083,EN_EWT_COLLPCAP,E-waste collected per capita (kg)
Costa Rica,2020.0,0.99116,EN_EWT_COLLPCAP,E-waste collected per capita (kg)
Costa Rica,2021.0,1.10148,EN_EWT_COLLPCAP,E-waste collected per capita (kg)
Costa Rica,2022.0,1.07636,EN_EWT_COLLPCAP,E-waste collected per capita (kg)
Costa Rica,2023.0,1.31693,EN_EWT_COLLPCAP,E-waste collected per capita (kg)
Croatia,2011.0,4.09,EN_EWT_COLLPCAP,E-waste collected per capita (kg)
Croatia,2012.0,3.79,EN_EWT_COLLPCAP,E-waste collected per capita (kg)
Croatia,2013.0,3.53,EN_EWT_COLLPCAP,E-waste collected per capita (kg)
Croatia,2014.0,3.66,EN_EWT_COLLPCAP,E-waste collected per capita (kg)
Croatia,2015.0,5.65,EN_EWT_COLLPCAP,E-waste collected per capita (kg)
Croatia,2016.0,9.3,EN_EWT_COLLPCAP,E-waste collected per capita (kg)
Croatia,2017.0,8.82,EN_EWT_COLLPCAP,E-waste collected per capita (kg)
Croatia,2018.0,10.15,EN_EWT_COLLPCAP,E-waste collected per capita (kg)
Croatia,2019.0,10.2,EN_EWT_COLLPCAP,E-waste collected per capita (kg)
Croatia,2020.0,10.42,EN_EWT_COLLPCAP,E-waste collected per capita (kg)
Croatia,2021.0,9.15,EN_EWT_COLLPCAP,E-waste collected per capita (kg)
Croatia,2022.0,8.14,EN_EWT_COLLPCAP,E-waste collected per capita (kg)
Croatia,2023.0,8.31,EN_EWT_COLLPCAP,E-waste collected per capita (kg)
Cuba,2014.0,0.02318,EN_EWT_COLLPCAP,E-waste collected per capita (kg)
Cuba,2015.0,0.05816,EN_EWT_COLLPCAP,E-waste collected per capita (kg)
Cuba,2016.0,0.0732,EN_EWT_COLLPCAP,E-waste collected per capita (kg)
Cuba,2017.0,0.06041,EN_EWT_COLLPCAP,E-waste collected per capita (kg)
Cuba,2018.0,0.05711,EN_EWT_COLLPCAP,E-waste collected per capita (kg)
Cuba,2019.0,0.0438,EN_EWT_COLLPCAP,E-waste collected per capita (kg)
Cuba,2020.0,0.03589,EN_EWT_COLLPCAP,E-waste collected per capita (kg)
Cuba,2021.0,0.02174,EN_EWT_COLLPCAP,E-waste collected per capita (kg)
Cyprus,2005.0,4.72,EN_EWT_COLLPCAP,E-waste collected per capita (kg)
Cyprus,2006.0,6.01,EN_EWT_COLLPCAP,E-waste collected per capita (kg)
Cyprus,2007.0,3.28,EN_EWT_COLLPCAP,E-waste collected per capita (kg)
Cyprus,2008.0,3.05,EN_EWT_COLLPCAP,E-waste collected per capita (kg)
Cyprus,2009.0,2.84,EN_EWT_COLLPCAP,E-waste collected per capita (kg)
Cyprus,2010.0,3.15,EN_EWT_COLLPCAP,E-waste collected per capita (kg)
Cyprus,2011.0,3.2,EN_EWT_COLLPCAP,E-waste collected per capita (kg)
Cyprus,2012.0,2.91,EN_EWT_COLLPCAP,E-waste collected per capita (kg)
Cyprus,2013.0,2.65,EN_EWT_COLLPCAP,E-waste collected per capita (kg)
Cyprus,2014.0,2.69,EN_EWT_COLLPCAP,E-waste collected per capita (kg)
Cyprus,2015.0,3.5,EN_EWT_COLLPCAP,E-waste collected per capita (kg)
Cyprus,2016.0,3.16,EN_EWT_COLLPCAP,E-waste collected per capita (kg)
Cyprus,2017.0,5.46,EN_EWT_COLLPCAP,E-waste collected per capita (kg)
Cyprus,2018.0,3.81,EN_EWT_COLLPCAP,E-waste collected per capita (kg)
Cyprus,2019.0,4.8,EN_EWT_COLLPCAP,E-waste collected per capita (kg)
Cyprus,2020.0,5.61,EN_EWT_COLLPCAP,E-waste collected per capita (kg)
Cyprus,2021.0,3.86,EN_EWT_COLLPCAP,E-waste collected per capita (kg)
Cyprus,2022.0,4.35,EN_EWT_COLLPCAP,E-waste collected per capita (kg)
Cyprus,2023.0,3.79,EN_EWT_COLLPCAP,E-waste collected per capita (kg)
Czechia,2007.0,3.24,EN_EWT_COLLPCAP,E-waste collected per capita (kg)
Czechia,2008.0,4.36,EN_EWT_COLLPCAP,E-waste collected per capita (kg)
Czechia,2009.0,5.57,EN_EWT_COLLPCAP,E-waste collected per capita (kg)
Czechia,2010.0,5.06,EN_EWT_COLLPCAP,E-waste collected per capita (kg)
Czechia,2011.0,5.28,EN_EWT_COLLPCAP,E-waste collected per capita (kg)
Czechia,2012.0,5.11,EN_EWT_COLLPCAP,E-waste collected per capita (kg)
Czechia,2013.0,5.16,EN_EWT_COLLPCAP,E-waste collected per capita (kg)
Czechia,2014.0,5.57,EN_EWT_COLLPCAP,E-waste collected per capita (kg)
Czechia,2015.0,7.04,EN_EWT_COLLPCAP,E-waste collected per capita (kg)
Czechia,2016.0,10.13,EN_EWT_COLLPCAP,E-waste collected per capita (kg)
Czechia,2017.0,10.07,EN_EWT_COLLPCAP,E-waste collected per capita (kg)
Czechia,2018.0,8.76,EN_EWT_COLLPCAP,E-waste collected per capita (kg)
Czechia,2019.0,9.49,EN_EWT_COLLPCAP,E-waste collected per capita (kg)
Czechia,2020.0,11.06,EN_EWT_COLLPCAP,E-waste collected per capita (kg)
Czechia,2021.0,12.7,EN_EWT_COLLPCAP,E-waste collected per capita (kg)
Czechia,2022.0,14.25,EN_EWT_COLLPCAP,E-waste collected per capita (kg)
Czechia,2023.0,16.79,EN_EWT_COLLPCAP,E-waste collected per capita (kg)
Denmark,2006.0,11.08,EN_EWT_COLLPCAP,E-waste collected per capita (kg)
Denmark,2007.0,18,EN_EWT_COLLPCAP,E-waste collected per capita (kg)
Denmark,2008.0,14.13,EN_EWT_COLLPCAP,E-waste collected per capita (kg)
Denmark,2009.0,15.28,EN_EWT_COLLPCAP,E-waste collected per capita (kg)
Denmark,2010.0,14.95,EN_EWT_COLLPCAP,E-waste collected per capita (kg)
Denmark,2011.0,15.14,EN_EWT_COLLPCAP,E-waste collected per capita (kg)
Denmark,2012.0,13.63,EN_EWT_COLLPCAP,E-waste collected per capita (kg)
Denmark,2013.0,12.84,EN_EWT_COLLPCAP,E-waste collected per capita (kg)
Denmark,2014.0,12.68,EN_EWT_COLLPCAP,E-waste collected per capita (kg)
Denmark,2015.0,12.75,EN_EWT_COLLPCAP,E-waste collected per capita (kg)
Denmark,2016.0,12.43,EN_EWT_COLLPCAP,E-waste collected per capita (kg)
Denmark,2017.0,12.1,EN_EWT_COLLPCAP,E-waste collected per capita (kg)
Denmark,2018.0,12.29,EN_EWT_COLLPCAP,E-waste collected per capita (kg)
Denmark,2019.0,12.56,EN_EWT_COLLPCAP,E-waste collected per capita (kg)
Denmark,2020.0,13.53,EN_EWT_COLLPCAP,E-waste collected per capita (kg)
Denmark,2021.0,13.1,EN_EWT_COLLPCAP,E-waste collected per capita (kg)
Denmark,2022.0,11.98,EN_EWT_COLLPCAP,E-waste collected per capita (kg)
Denmark,2023.0,15.01,EN_EWT_COLLPCAP,E-waste collected per capita (kg)
Eastern Africa,2010.0,0.00541,EN_EWT_COLLPCAP,E-waste collected per capita (kg)
Eastern Africa,2011.0,0.00567,EN_EWT_COLLPCAP,E-waste collected per capita (kg)
Eastern Africa,2012.0,0.00022,EN_EWT_COLLPCAP,E-waste collected per capita (kg)
Eastern Africa,2013.0,0.00023,EN_EWT_COLLPCAP,E-waste collected per capita (kg)
Eastern Africa,2014.0,0.00023,EN_EWT_COLLPCAP,E-waste collected per capita (kg)
Eastern Africa,2015.0,0.00024,EN_EWT_COLLPCAP,E-waste collected per capita (kg)
Eastern Africa,2016.0,0.00025,EN_EWT_COLLPCAP,E-waste collected per capita (kg)
Eastern Africa,2017.0,0.00025,EN_EWT_COLLPCAP,E-waste collected per capita (kg)
Eastern Africa,2018.0,0.00232,EN_EWT_COLLPCAP,E-waste collected per capita (kg)
Eastern Africa,2019.0,0.00379,EN_EWT_COLLPCAP,E-waste collected per capita (kg)
Eastern Africa,2020.0,0.0044,EN_EWT_COLLPCAP,E-waste collected per capita (kg)
Eastern Africa,2021.0,0.00465,EN_EWT_COLLPCAP,E-waste collected per capita (kg)
Eastern Africa,2022.0,0.00491,EN_EWT_COLLPCAP,E-waste collected per capita (kg)
Eastern and South-Eastern Asia,2010.0,0.47044,EN_EWT_COLLPCAP,E-waste collected per capita (kg)
Eastern and South-Eastern Asia,2011.0,0.42484,EN_EWT_COLLPCAP,E-waste collected per capita (kg)
Eastern and South-Eastern Asia,2012.0,0.33397,EN_EWT_COLLPCAP,E-waste collected per capita (kg)
Eastern and South-Eastern Asia,2013.0,0.96117,EN_EWT_COLLPCAP,E-waste collected per capita (kg)
Eastern and South-Eastern Asia,2014.0,0.92671,EN_EWT_COLLPCAP,E-waste collected per capita (kg)
Eastern and South-Eastern Asia,2015.0,0.95721,EN_EWT_COLLPCAP,E-waste collected per capita (kg)
Eastern and South-Eastern Asia,2016.0,1.02194,EN_EWT_COLLPCAP,E-waste collected per capita (kg)
Eastern and South-Eastern Asia,2017.0,1.06776,EN_EWT_COLLPCAP,E-waste collected per capita (kg)
Eastern and South-Eastern Asia,2018.0,1.13789,EN_EWT_COLLPCAP,E-waste collected per capita (kg)
Eastern and South-Eastern Asia,2019.0,1.20247,EN_EWT_COLLPCAP,E-waste collected per capita (kg)
Eastern and South-Eastern Asia,2020.0,1.28193,EN_EWT_COLLPCAP,E-waste collected per capita (kg)
Eastern and South-Eastern Asia,2021.0,1.3273,EN_EWT_COLLPCAP,E-waste collected per capita (kg)
Eastern and South-Eastern Asia,2022.0,1.37575,EN_EWT_COLLPCAP,E-waste collected per capita (kg)
Eastern Asia,2010.0,0.64866,EN_EWT_COLLPCAP,E-waste collected per capita (kg)
Eastern Asia,2011.0,0.58682,EN_EWT_COLLPCAP,E-waste collected per capita (kg)
Eastern Asia,2012.0,0.46208,EN_EWT_COLLPCAP,E-waste collected per capita (kg)
Eastern Asia,2013.0,1.33198,EN_EWT_COLLPCAP,E-waste collected per capita (kg)
Eastern Asia,2014.0,1.28622,EN_EWT_COLLPCAP,E-waste collected per capita (kg)
Eastern Asia,2015.0,1.33069,EN_EWT_COLLPCAP,E-waste collected per capita (kg)
Eastern Asia,2016.0,1.42302,EN_EWT_COLLPCAP,E-waste collected per capita (kg)
Eastern Asia,2017.0,1.48915,EN_EWT_COLLPCAP,E-waste collected per capita (kg)
Eastern Asia,2018.0,1.5897,EN_EWT_COLLPCAP,E-waste collected per capita (kg)
Eastern Asia,2019.0,1.68327,EN_EWT_COLLPCAP,E-waste collected per capita (kg)
Eastern Asia,2020.0,1.79848,EN_EWT_COLLPCAP,E-waste collected per capita (kg)
Eastern Asia,2021.0,1.86645,EN_EWT_COLLPCAP,E-waste collected per capita (kg)
Eastern Asia,2022.0,1.93916,EN_EWT_COLLPCAP,E-waste collected per capita (kg)
Eastern Europe,2010.0,1.20416,EN_EWT_COLLPCAP,E-waste collected per capita (kg)
Eastern Europe,2011.0,1.22605,EN_EWT_COLLPCAP,E-waste collected per capita (kg)
Eastern Europe,2012.0,1.3214,EN_EWT_COLLPCAP,E-waste collected per capita (kg)
Eastern Europe,2013.0,1.38781,EN_EWT_COLLPCAP,E-waste collected per capita (kg)
Eastern Europe,2014.0,1.70988,EN_EWT_COLLPCAP,E-waste collected per capita (kg)
Eastern Europe,2015.0,1.9959,EN_EWT_COLLPCAP,E-waste collected per capita (kg)
Eastern Europe,2016.0,2.32335,EN_EWT_COLLPCAP,E-waste collected per capita (kg)
Eastern Europe,2017.0,2.40195,EN_EWT_COLLPCAP,E-waste collected per capita (kg)
Eastern Europe,2018.0,2.43641,EN_EWT_COLLPCAP,E-waste collected per capita (kg)
Eastern Europe,2019.0,3.26362,EN_EWT_COLLPCAP,E-waste collected per capita (kg)
Eastern Europe,2020.0,3.39178,EN_EWT_COLLPCAP,E-waste collected per capita (kg)
Eastern Europe,2021.0,3.35266,EN_EWT_COLLPCAP,E-waste collected per capita (kg)
Eastern Europe,2022.0,3.46869,EN_EWT_COLLPCAP,E-waste collected per capita (kg)
Ecuador,2013.0,19.50259,EN_EWT_COLLPCAP,E-waste collected per capita (kg)
Ecuador,2014.0,17.4275,EN_EWT_COLLPCAP,E-waste collected per capita (kg)
Ecuador,2015.0,13.90932,EN_EWT_COLLPCAP,E-waste collected per capita (kg)
Ecuador,2016.0,2.50564,EN_EWT_COLLPCAP,E-waste collected per capita (kg)
Ecuador,2017.0,2.96244,EN_EWT_COLLPCAP,E-waste collected per capita (kg)
Estonia,2006.0,4.35,EN_EWT_COLLPCAP,E-waste collected per capita (kg)
Estonia,2007.0,4.62,EN_EWT_COLLPCAP,E-waste collected per capita (kg)
Estonia,2008.0,4.61,EN_EWT_COLLPCAP,E-waste collected per capita (kg)
Estonia,2009.0,3.6,EN_EWT_COLLPCAP,E-waste collected per capita (kg)
Estonia,2010.0,4.23,EN_EWT_COLLPCAP,E-waste collected per capita (kg)
Estonia,2011.0,4.98,EN_EWT_COLLPCAP,E-waste collected per capita (kg)
Estonia,2012.0,4.13,EN_EWT_COLLPCAP,E-waste collected per capita (kg)
Estonia,2013.0,3.53,EN_EWT_COLLPCAP,E-waste collected per capita (kg)
Estonia,2014.0,4.61,EN_EWT_COLLPCAP,E-waste collected per capita (kg)
Estonia,2015.0,5.65,EN_EWT_COLLPCAP,E-waste collected per capita (kg)
Estonia,2016.0,6.76,EN_EWT_COLLPCAP,E-waste collected per capita (kg)
Estonia,2017.0,6.96,EN_EWT_COLLPCAP,E-waste collected per capita (kg)
Estonia,2018.0,7.57,EN_EWT_COLLPCAP,E-waste collected per capita (kg)
Estonia,2019.0,8.31,EN_EWT_COLLPCAP,E-waste collected per capita (kg)
Estonia,2020.0,9.02,EN_EWT_COLLPCAP,E-waste collected per capita (kg)
Estonia,2021.0,9,EN_EWT_COLLPCAP,E-waste collected per capita (kg)
Estonia,2022.0,7.59,EN_EWT_COLLPCAP,E-waste collected per capita (kg)
Estonia,2023.0,9.12,EN_EWT_COLLPCAP,E-waste collected per capita (kg)
Europe,2010.0,5.13439,EN_EWT_COLLPCAP,E-waste collected per capita (kg)
Europe,2011.0,5.17086,EN_EWT_COLLPCAP,E-waste collected per capita (kg)
Europe,2012.0,5.04841,EN_EWT_COLLPCAP,E-waste collected per capita (kg)
Europe,2013.0,5.13527,EN_EWT_COLLPCAP,E-waste collected per capita (kg)
Europe,2014.0,5.18606,EN_EWT_COLLPCAP,E-waste collected per capita (kg)
Europe,2015.0,5.76379,EN_EWT_COLLPCAP,E-waste collected per capita (kg)
Europe,2016.0,6.69547,EN_EWT_COLLPCAP,E-waste collected per capita (kg)
Europe,2017.0,6.77874,EN_EWT_COLLPCAP,E-waste collected per capita (kg)
Europe,2018.0,7.0062,EN_EWT_COLLPCAP,E-waste collected per capita (kg)
Europe,2019.0,7.27451,EN_EWT_COLLPCAP,E-waste collected per capita (kg)
Europe,2020.0,7.38445,EN_EWT_COLLPCAP,E-waste collected per capita (kg)
Europe,2021.0,7.41663,EN_EWT_COLLPCAP,E-waste collected per capita (kg)
Europe,2022.0,7.52188,EN_EWT_COLLPCAP,E-waste collected per capita (kg)
Europe and Northern America,2010.0,6.37829,EN_EWT_COLLPCAP,E-waste collected per capita (kg)
Europe and Northern America,2011.0,6.57325,EN_EWT_COLLPCAP,E-waste collected per capita (kg)
Europe and Northern America,2012.0,6.64698,EN_EWT_COLLPCAP,E-waste collected per capita (kg)
Europe and Northern America,2013.0,6.86872,EN_EWT_COLLPCAP,E-waste collected per capita (kg)
Europe and Northern America,2014.0,6.15646,EN_EWT_COLLPCAP,E-waste collected per capita (kg)
Europe and Northern America,2015.0,7.54847,EN_EWT_COLLPCAP,E-waste collected per capita (kg)
Europe and Northern America,2016.0,8.0724,EN_EWT_COLLPCAP,E-waste collected per capita (kg)
Europe and Northern America,2017.0,8.10551,EN_EWT_COLLPCAP,E-waste collected per capita (kg)
Europe and Northern America,2018.0,8.27915,EN_EWT_COLLPCAP,E-waste collected per capita (kg)
Europe and Northern America,2019.0,8.39698,EN_EWT_COLLPCAP,E-waste collected per capita (kg)
Europe and Northern America,2020.0,8.51534,EN_EWT_COLLPCAP,E-waste collected per capita (kg)
Europe and Northern America,2021.0,8.58351,EN_EWT_COLLPCAP,E-waste collected per capita (kg)
Europe and Northern America,2022.0,8.69649,EN_EWT_COLLPCAP,E-waste collected per capita (kg)
Finland,2005.0,3.08,EN_EWT_COLLPCAP,E-waste collected per capita (kg)
Finland,2006.0,7.53,EN_EWT_COLLPCAP,E-waste collected per capita (kg)
Finland,2007.0,9.2,EN_EWT_COLLPCAP,E-waste collected per capita (kg)
Finland,2008.0,10.28,EN_EWT_COLLPCAP,E-waste collected per capita (kg)
Finland,2009.0,9.97,EN_EWT_COLLPCAP,E-waste collected per capita (kg)
Finland,2010.0,9.48,EN_EWT_COLLPCAP,E-waste collected per capita (kg)
Finland,2011.0,9.75,EN_EWT_COLLPCAP,E-waste collected per capita (kg)
Finland,2012.0,9.78,EN_EWT_COLLPCAP,E-waste collected per capita (kg)
Finland,2013.0,10.65,EN_EWT_COLLPCAP,E-waste collected per capita (kg)
Finland,2014.0,12.09,EN_EWT_COLLPCAP,E-waste collected per capita (kg)
Finland,2015.0,11.41,EN_EWT_COLLPCAP,E-waste collected per capita (kg)
Finland,2016.0,10.96,EN_EWT_COLLPCAP,E-waste collected per capita (kg)
Finland,2017.0,11.87,EN_EWT_COLLPCAP,E-waste collected per capita (kg)
Finland,2018.0,12.09,EN_EWT_COLLPCAP,E-waste collected per capita (kg)
Finland,2019.0,13.27,EN_EWT_COLLPCAP,E-waste collected per capita (kg)
Finland,2020.0,15.68,EN_EWT_COLLPCAP,E-waste collected per capita (kg)
Finland,2021.0,14.68,EN_EWT_COLLPCAP,E-waste collected per capita (kg)
Finland,2022.0,13.95,EN_EWT_COLLPCAP,E-waste collected per capita (kg)
Finland,2023.0,13.23,EN_EWT_COLLPCAP,E-waste collected per capita (kg)
France,2006.0,0.24,EN_EWT_COLLPCAP,E-waste collected per capita (kg)
France,2007.0,2.74,EN_EWT_COLLPCAP,E-waste collected per capita (kg)
France,2008.0,4.69,EN_EWT_COLLPCAP,E-waste collected per capita (kg)
France,2009.0,6.1,EN_EWT_COLLPCAP,E-waste collected per capita (kg)
France,2010.0,6.69,EN_EWT_COLLPCAP,E-waste collected per capita (kg)
France,2011.0,7.22,EN_EWT_COLLPCAP,E-waste collected per capita (kg)
France,2012.0,7.19,EN_EWT_COLLPCAP,E-waste collected per capita (kg)
France,2013.0,7.29,EN_EWT_COLLPCAP,E-waste collected per capita (kg)
France,2014.0,7.88,EN_EWT_COLLPCAP,E-waste collected per capita (kg)
France,2015.0,9.28,EN_EWT_COLLPCAP,E-waste collected per capita (kg)
France,2016.0,10.82,EN_EWT_COLLPCAP,E-waste collected per capita (kg)
France,2017.0,11.1,EN_EWT_COLLPCAP,E-waste collected per capita (kg)
France,2018.0,12.16,EN_EWT_COLLPCAP,E-waste collected per capita (kg)
France,2019.0,12.56,EN_EWT_COLLPCAP,E-waste collected per capita (kg)
France,2020.0,12.35,EN_EWT_COLLPCAP,E-waste collected per capita (kg)
France,2021.0,14.65,EN_EWT_COLLPCAP,E-waste collected per capita (kg)
France,2022.0,14.07,EN_EWT_COLLPCAP,E-waste collected per capita (kg)
France,2023.0,15.22,EN_EWT_COLLPCAP,E-waste collected per capita (kg)
French Guiana,2008.0,0,EN_EWT_COLLPCAP,E-waste collected per capita (kg)
French Guiana,2009.0,0.68053,EN_EWT_COLLPCAP,E-waste collected per capita (kg)
French Guiana,2010.0,0.87396,EN_EWT_COLLPCAP,E-waste collected per capita (kg)
French Guiana,2011.0,1.1189,EN_EWT_COLLPCAP,E-waste collected per capita (kg)
French Guiana,2012.0,1.26133,EN_EWT_COLLPCAP,E-waste collected per capita (kg)
French Guiana,2013.0,1.24387,EN_EWT_COLLPCAP,E-waste collected per capita (kg)
French Guiana,2014.0,1.11687,EN_EWT_COLLPCAP,E-waste collected per capita (kg)
French Guiana,2015.0,1.26894,EN_EWT_COLLPCAP,E-waste collected per capita (kg)
French Guiana,2016.0,1.36029,EN_EWT_COLLPCAP,E-waste collected per capita (kg)
French Guiana,2017.0,1.91567,EN_EWT_COLLPCAP,E-waste collected per capita (kg)
French Guiana,2018.0,2.29568,EN_EWT_COLLPCAP,E-waste collected per capita (kg)
French Guiana,2019.0,2.98353,EN_EWT_COLLPCAP,E-waste collected per capita (kg)
French Guiana,2020.0,2.0273,EN_EWT_COLLPCAP,E-waste collected per capita (kg)
French Guiana,2021.0,2.69952,EN_EWT_COLLPCAP,E-waste collected per capita (kg)
French Guiana,2022.0,2.47732,EN_EWT_COLLPCAP,E-waste collected per capita (kg)
Germany,2006.0,9.15,EN_EWT_COLLPCAP,E-waste collected per capita (kg)
Germany,2007.0,7.13,EN_EWT_COLLPCAP,E-waste collected per capita (kg)
Germany,2008.0,8.45,EN_EWT_COLLPCAP,E-waste collected per capita (kg)
Germany,2009.0,10.16,EN_EWT_COLLPCAP,E-waste collected per capita (kg)
Germany,2010.0,9.5,EN_EWT_COLLPCAP,E-waste collected per capita (kg)
Germany,2011.0,8.85,EN_EWT_COLLPCAP,E-waste collected per capita (kg)
Germany,2012.0,8.59,EN_EWT_COLLPCAP,E-waste collected per capita (kg)
Germany,2013.0,9.03,EN_EWT_COLLPCAP,E-waste collected per capita (kg)
Germany,2014.0,8.93,EN_EWT_COLLPCAP,E-waste collected per capita (kg)
Germany,2015.0,8.84,EN_EWT_COLLPCAP,E-waste collected per capita (kg)
Germany,2016.0,9.5,EN_EWT_COLLPCAP,E-waste collected per capita (kg)
Germany,2017.0,10.13,EN_EWT_COLLPCAP,E-waste collected per capita (kg)
Germany,2018.0,10.29,EN_EWT_COLLPCAP,E-waste collected per capita (kg)
Germany,2019.0,11.4,EN_EWT_COLLPCAP,E-waste collected per capita (kg)
Germany,2020.0,12.47,EN_EWT_COLLPCAP,E-waste collected per capita (kg)
Germany,2021.0,12.1,EN_EWT_COLLPCAP,E-waste collected per capita (kg)
Germany,2022.0,10.83,EN_EWT_COLLPCAP,E-waste collected per capita (kg)
Germany,2023.0,10.88,EN_EWT_COLLPCAP,E-waste collected per capita (kg)
Greece,2005.0,0.07,EN_EWT_COLLPCAP,E-waste collected per capita (kg)
Greece,2006.0,1.03,EN_EWT_COLLPCAP,E-waste collected per capita (kg)
Greece,2007.0,2.84,EN_EWT_COLLPCAP,E-waste collected per capita (kg)
Greece,2008.0,4.26,EN_EWT_COLLPCAP,E-waste collected per capita (kg)
Greece,2009.0,5.95,EN_EWT_COLLPCAP,E-waste collected per capita (kg)
Greece,2010.0,4.18,EN_EWT_COLLPCAP,E-waste collected per capita (kg)
Greece,2011.0,3.81,EN_EWT_COLLPCAP,E-waste collected per capita (kg)
Greece,2012.0,3.37,EN_EWT_COLLPCAP,E-waste collected per capita (kg)
Greece,2013.0,3.49,EN_EWT_COLLPCAP,E-waste collected per capita (kg)
Greece,2014.0,4.17,EN_EWT_COLLPCAP,E-waste collected per capita (kg)
Greece,2015.0,4.53,EN_EWT_COLLPCAP,E-waste collected per capita (kg)
Greece,2016.0,4.98,EN_EWT_COLLPCAP,E-waste collected per capita (kg)
Greece,2017.0,5.19,EN_EWT_COLLPCAP,E-waste collected per capita (kg)
Greece,2018.0,5.41,EN_EWT_COLLPCAP,E-waste collected per capita (kg)
Greece,2019.0,6.04,EN_EWT_COLLPCAP,E-waste collected per capita (kg)
Greece,2020.0,5.69,EN_EWT_COLLPCAP,E-waste collected per capita (kg)
Greece,2021.0,5.98,EN_EWT_COLLPCAP,E-waste collected per capita (kg)
Greece,2022.0,6.7,EN_EWT_COLLPCAP,E-waste collected per capita (kg)
Greece,2023.0,8.14,EN_EWT_COLLPCAP,E-waste collected per capita (kg)
Guadeloupe,2008.0,1.91208,EN_EWT_COLLPCAP,E-waste collected per capita (kg)
Guadeloupe,2009.0,3.93895,EN_EWT_COLLPCAP,E-waste collected per capita (kg)
Guadeloupe,2010.0,6.32565,EN_EWT_COLLPCAP,E-waste collected per capita (kg)
Guadeloupe,2011.0,7.202,EN_EWT_COLLPCAP,E-waste collected per capita (kg)
Guadeloupe,2012.0,7.23448,EN_EWT_COLLPCAP,E-waste collected per capita (kg)
Guadeloupe,2013.0,7.31706,EN_EWT_COLLPCAP,E-waste collected per capita (kg)
Guadeloupe,2014.0,8.46203,EN_EWT_COLLPCAP,E-waste collected per capita (kg)
Guadeloupe,2015.0,8.54314,EN_EWT_COLLPCAP,E-waste collected per capita (kg)
Guadeloupe,2016.0,10.03376,EN_EWT_COLLPCAP,E-waste collected per capita (kg)
Guadeloupe,2017.0,10.35882,EN_EWT_COLLPCAP,E-waste collected per capita (kg)
Guadeloupe,2018.0,10.58336,EN_EWT_COLLPCAP,E-waste collected per capita (kg)
Guadeloupe,2019.0,11.96567,EN_EWT_COLLPCAP,E-waste collected per capita (kg)
Guadeloupe,2020.0,13.10034,EN_EWT_COLLPCAP,E-waste collected per capita (kg)
Guadeloupe,2021.0,13.7091,EN_EWT_COLLPCAP,E-waste collected per capita (kg)
Guadeloupe,2022.0,13951.23987,EN_EWT_COLLPCAP,E-waste collected per capita (kg)
Honduras,2019.0,0.09453,EN_EWT_COLLPCAP,E-waste collected per capita (kg)
Honduras,2020.0,0.0168,EN_EWT_COLLPCAP,E-waste collected per capita (kg)
Honduras,2021.0,0.06706,EN_EWT_COLLPCAP,E-waste collected per capita (kg)
Honduras,2022.0,0.07836,EN_EWT_COLLPCAP,E-waste collected per capita (kg)
Honduras,2023.0,0.093,EN_EWT_COLLPCAP,E-waste collected per capita (kg)
Hungary,2005.0,1.54,EN_EWT_COLLPCAP,E-waste collected per capita (kg)
Hungary,2006.0,2.39,EN_EWT_COLLPCAP,E-waste collected per capita (kg)
Hungary,2007.0,3.54,EN_EWT_COLLPCAP,E-waste collected per capita (kg)
Hungary,2008.0,4.47,EN_EWT_COLLPCAP,E-waste collected per capita (kg)
Hungary,2009.0,4.66,EN_EWT_COLLPCAP,E-waste collected per capita (kg)
Hungary,2010.0,4.05,EN_EWT_COLLPCAP,E-waste collected per capita (kg)
Hungary,2011.0,3.72,EN_EWT_COLLPCAP,E-waste collected per capita (kg)
Hungary,2012.0,4.46,EN_EWT_COLLPCAP,E-waste collected per capita (kg)
Hungary,2013.0,5.03,EN_EWT_COLLPCAP,E-waste collected per capita (kg)
Hungary,2014.0,5.25,EN_EWT_COLLPCAP,E-waste collected per capita (kg)
Hungary,2015.0,5.3,EN_EWT_COLLPCAP,E-waste collected per capita (kg)
Hungary,2016.0,5.97,EN_EWT_COLLPCAP,E-waste collected per capita (kg)
Hungary,2017.0,6.46,EN_EWT_COLLPCAP,E-waste collected per capita (kg)
Hungary,2018.0,7.15,EN_EWT_COLLPCAP,E-waste collected per capita (kg)
Hungary,2019.0,8.6,EN_EWT_COLLPCAP,E-waste collected per capita (kg)
Hungary,2020.0,9.19,EN_EWT_COLLPCAP,E-waste collected per capita (kg)
Hungary,2021.0,8.78,EN_EWT_COLLPCAP,E-waste collected per capita (kg)
Hungary,2022.0,9.8,EN_EWT_COLLPCAP,E-waste collected per capita (kg)
Hungary,2023.0,8.16,EN_EWT_COLLPCAP,E-waste collected per capita (kg)
Iceland,2009.0,3.22,EN_EWT_COLLPCAP,E-waste collected per capita (kg)
Iceland,2010.0,5,EN_EWT_COLLPCAP,E-waste collected per capita (kg)
Iceland,2011.0,6.05,EN_EWT_COLLPCAP,E-waste collected per capita (kg)
Iceland,2012.0,7.72,EN_EWT_COLLPCAP,E-waste collected per capita (kg)
Iceland,2013.0,7.63,EN_EWT_COLLPCAP,E-waste collected per capita (kg)
Iceland,2014.0,10.49,EN_EWT_COLLPCAP,E-waste collected per capita (kg)
Iceland,2015.0,11.64,EN_EWT_COLLPCAP,E-waste collected per capita (kg)
Iceland,2016.0,13.08,EN_EWT_COLLPCAP,E-waste collected per capita (kg)
Iceland,2017.0,15.65,EN_EWT_COLLPCAP,E-waste collected per capita (kg)
Iceland,2018.0,13.89,EN_EWT_COLLPCAP,E-waste collected per capita (kg)
Iceland,2019.0,13.8,EN_EWT_COLLPCAP,E-waste collected per capita (kg)
Iceland,2020.0,14.08,EN_EWT_COLLPCAP,E-waste collected per capita (kg)
Iran (Islamic Republic of),2018.0,6.51432,EN_EWT_COLLPCAP,E-waste collected per capita (kg)
Iran (Islamic Republic of),2019.0,6.37553,EN_EWT_COLLPCAP,E-waste collected per capita (kg)
Iran (Islamic Republic of),2020.0,6.3723,EN_EWT_COLLPCAP,E-waste collected per capita (kg)
Iran (Islamic Republic of),2021.0,6.41,EN_EWT_COLLPCAP,E-waste collected per capita (kg)
Iran (Islamic Republic of),2022.0,6.18827,EN_EWT_COLLPCAP,E-waste collected per capita (kg)
Iran (Islamic Republic of),2023.0,6.18042,EN_EWT_COLLPCAP,E-waste collected per capita (kg)
Ireland,2007.0,11.71,EN_EWT_COLLPCAP,E-waste collected per capita (kg)
Ireland,2008.0,11.16,EN_EWT_COLLPCAP,E-waste collected per capita (kg)
Ireland,2009.0,9.88,EN_EWT_COLLPCAP,E-waste collected per capita (kg)
Ireland,2010.0,9.74,EN_EWT_COLLPCAP,E-waste collected per capita (kg)
Ireland,2011.0,8.65,EN_EWT_COLLPCAP,E-waste collected per capita (kg)
Ireland,2012.0,8.95,EN_EWT_COLLPCAP,E-waste collected per capita (kg)
Ireland,2013.0,9.22,EN_EWT_COLLPCAP,E-waste collected per capita (kg)
Ireland,2014.0,9.64,EN_EWT_COLLPCAP,E-waste collected per capita (kg)
Ireland,2015.0,10.34,EN_EWT_COLLPCAP,E-waste collected per capita (kg)
Ireland,2016.0,10.79,EN_EWT_COLLPCAP,E-waste collected per capita (kg)
Ireland,2017.0,10.88,EN_EWT_COLLPCAP,E-waste collected per capita (kg)
Ireland,2018.0,12.88,EN_EWT_COLLPCAP,E-waste collected per capita (kg)
Ireland,2019.0,12.59,EN_EWT_COLLPCAP,E-waste collected per capita (kg)
Ireland,2020.0,12.87,EN_EWT_COLLPCAP,E-waste collected per capita (kg)
Ireland,2021.0,14.05,EN_EWT_COLLPCAP,E-waste collected per capita (kg)
Ireland,2022.0,12.66,EN_EWT_COLLPCAP,E-waste collected per capita (kg)
Ireland,2023.0,12.04,EN_EWT_COLLPCAP,E-waste collected per capita (kg)
Israel,2021.0,9.65704,EN_EWT_COLLPCAP,E-waste collected per capita (kg)
Israel,2022.0,8.7421,EN_EWT_COLLPCAP,E-waste collected per capita (kg)
Israel,2023.0,8.46709,EN_EWT_COLLPCAP,E-waste collected per capita (kg)
Italy,2005.0,1.05,EN_EWT_COLLPCAP,E-waste collected per capita (kg)
Italy,2006.0,1.15,EN_EWT_COLLPCAP,E-waste collected per capita (kg)
Italy,2007.0,8,EN_EWT_COLLPCAP,E-waste collected per capita (kg)
Italy,2008.0,7.62,EN_EWT_COLLPCAP,E-waste collected per capita (kg)
Italy,2009.0,8.82,EN_EWT_COLLPCAP,E-waste collected per capita (kg)
Italy,2010.0,9.83,EN_EWT_COLLPCAP,E-waste collected per capita (kg)
Italy,2011.0,9.17,EN_EWT_COLLPCAP,E-waste collected per capita (kg)
Italy,2012.0,8.35,EN_EWT_COLLPCAP,E-waste collected per capita (kg)
Italy,2013.0,7.26,EN_EWT_COLLPCAP,E-waste collected per capita (kg)
Italy,2014.0,5.17,EN_EWT_COLLPCAP,E-waste collected per capita (kg)
Italy,2015.0,5.67,EN_EWT_COLLPCAP,E-waste collected per capita (kg)
Italy,2016.0,5.96,EN_EWT_COLLPCAP,E-waste collected per capita (kg)
Italy,2017.0,6.3,EN_EWT_COLLPCAP,E-waste collected per capita (kg)
Italy,2018.0,6.97,EN_EWT_COLLPCAP,E-waste collected per capita (kg)
Italy,2019.0,7.73,EN_EWT_COLLPCAP,E-waste collected per capita (kg)
Italy,2020.0,8.04,EN_EWT_COLLPCAP,E-waste collected per capita (kg)
Italy,2021.0,8.5,EN_EWT_COLLPCAP,E-waste collected per capita (kg)
Italy,2022.0,9.06,EN_EWT_COLLPCAP,E-waste collected per capita (kg)
Italy,2023.0,8.64,EN_EWT_COLLPCAP,E-waste collected per capita (kg)
Jamaica,2018.0,0.00635,EN_EWT_COLLPCAP,E-waste collected per capita (kg)
Jamaica,2019.0,0.00769,EN_EWT_COLLPCAP,E-waste collected per capita (kg)
Jamaica,2020.0,0.01406,EN_EWT_COLLPCAP,E-waste collected per capita (kg)
Jamaica,2021.0,0.00684,EN_EWT_COLLPCAP,E-waste collected per capita (kg)
Jamaica,2022.0,0.00965,EN_EWT_COLLPCAP,E-waste collected per capita (kg)
Japan,2010.0,6.98125,EN_EWT_COLLPCAP,E-waste collected per capita (kg)
Japan,2011.0,5.33503,EN_EWT_COLLPCAP,E-waste collected per capita (kg)
Japan,2012.0,3.70711,EN_EWT_COLLPCAP,E-waste collected per capita (kg)
Japan,2013.0,4.05764,EN_EWT_COLLPCAP,E-waste collected per capita (kg)
Japan,2014.0,3.81178,EN_EWT_COLLPCAP,E-waste collected per capita (kg)
Japan,2015.0,3.58788,EN_EWT_COLLPCAP,E-waste collected per capita (kg)
Japan,2016.0,3.67596,EN_EWT_COLLPCAP,E-waste collected per capita (kg)
Japan,2017.0,3.8765,EN_EWT_COLLPCAP,E-waste collected per capita (kg)
Japan,2018.0,4.46554,EN_EWT_COLLPCAP,E-waste collected per capita (kg)
Japan,2019.0,4.76472,EN_EWT_COLLPCAP,E-waste collected per capita (kg)
Japan,2020.0,5.00214,EN_EWT_COLLPCAP,E-waste collected per capita (kg)
Japan,2021.0,4.86844,EN_EWT_COLLPCAP,E-waste collected per capita (kg)
Japan,2022.0,4.83406,EN_EWT_COLLPCAP,E-waste collected per capita (kg)
Kazakhstan,2016.0,0.04847,EN_EWT_COLLPCAP,E-waste collected per capita (kg)
Kazakhstan,2017.0,0.55376,EN_EWT_COLLPCAP,E-waste collected per capita (kg)
Kazakhstan,2018.0,0.21127,EN_EWT_COLLPCAP,E-waste collected per capita (kg)
Kazakhstan,2019.0,0.06872,EN_EWT_COLLPCAP,E-waste collected per capita (kg)
Kazakhstan,2020.0,0.05595,EN_EWT_COLLPCAP,E-waste collected per capita (kg)
Kazakhstan,2021.0,0.02801,EN_EWT_COLLPCAP,E-waste collected per capita (kg)
Kazakhstan,2022.0,0.0025,EN_EWT_COLLPCAP,E-waste collected per capita (kg)
Kazakhstan,2023.0,0.00566,EN_EWT_COLLPCAP,E-waste collected per capita (kg)
Landlocked developing countries (LLDCs),2014.0,2e-05,EN_EWT_COLLPCAP,E-waste collected per capita (kg)
Landlocked developing countries (LLDCs),2015.0,0.00093,EN_EWT_COLLPCAP,E-waste collected per capita (kg)
Landlocked developing countries (LLDCs),2016.0,0.00492,EN_EWT_COLLPCAP,E-waste collected per capita (kg)
Landlocked developing countries (LLDCs),2017.0,0.02347,EN_EWT_COLLPCAP,E-waste collected per capita (kg)
Landlocked developing countries (LLDCs),2018.0,0.03242,EN_EWT_COLLPCAP,E-waste collected per capita (kg)
Landlocked developing countries (LLDCs),2019.0,0.03407,EN_EWT_COLLPCAP,E-waste collected per capita (kg)
Landlocked developing countries (LLDCs),2020.0,0.03747,EN_EWT_COLLPCAP,E-waste collected per capita (kg)
Landlocked developing countries (LLDCs),2021.0,0.03721,EN_EWT_COLLPCAP,E-waste collected per capita (kg)
Landlocked developing countries (LLDCs),2022.0,0.03788,EN_EWT_COLLPCAP,E-waste collected per capita (kg)
Latin America and the Caribbean,2010.0,0.05199,EN_EWT_COLLPCAP,E-waste collected per capita (kg)
Latin America and the Caribbean,2011.0,0.05342,EN_EWT_COLLPCAP,E-waste collected per capita (kg)
Latin America and the Caribbean,2012.0,0.07806,EN_EWT_COLLPCAP,E-waste collected per capita (kg)
Latin America and the Caribbean,2013.0,0.16149,EN_EWT_COLLPCAP,E-waste collected per capita (kg)
Latin America and the Caribbean,2014.0,0.16411,EN_EWT_COLLPCAP,E-waste collected per capita (kg)
Latin America and the Caribbean,2015.0,0.18618,EN_EWT_COLLPCAP,E-waste collected per capita (kg)
Latin America and the Caribbean,2016.0,0.18407,EN_EWT_COLLPCAP,E-waste collected per capita (kg)
Latin America and the Caribbean,2017.0,0.20234,EN_EWT_COLLPCAP,E-waste collected per capita (kg)
Latin America and the Caribbean,2018.0,0.21904,EN_EWT_COLLPCAP,E-waste collected per capita (kg)
Latin America and the Caribbean,2019.0,0.2446,EN_EWT_COLLPCAP,E-waste collected per capita (kg)
Latin America and the Caribbean,2020.0,0.2493,EN_EWT_COLLPCAP,E-waste collected per capita (kg)
Latin America and the Caribbean,2021.0,0.26101,EN_EWT_COLLPCAP,E-waste collected per capita (kg)
Latin America and the Caribbean,2022.0,0.26732,EN_EWT_COLLPCAP,E-waste collected per capita (kg)
Latvia,2007.0,2.96,EN_EWT_COLLPCAP,E-waste collected per capita (kg)
Latvia,2008.0,2.99,EN_EWT_COLLPCAP,E-waste collected per capita (kg)
Latvia,2009.0,2.32,EN_EWT_COLLPCAP,E-waste collected per capita (kg)
Latvia,2010.0,2.04,EN_EWT_COLLPCAP,E-waste collected per capita (kg)
Latvia,2011.0,2.26,EN_EWT_COLLPCAP,E-waste collected per capita (kg)
Latvia,2012.0,2.31,EN_EWT_COLLPCAP,E-waste collected per capita (kg)
Latvia,2013.0,2.4,EN_EWT_COLLPCAP,E-waste collected per capita (kg)
Latvia,2014.0,2.47,EN_EWT_COLLPCAP,E-waste collected per capita (kg)
Latvia,2015.0,2.47,EN_EWT_COLLPCAP,E-waste collected per capita (kg)
Latvia,2016.0,2.47,EN_EWT_COLLPCAP,E-waste collected per capita (kg)
Latvia,2017.0,4.81,EN_EWT_COLLPCAP,E-waste collected per capita (kg)
Latvia,2018.0,5.22,EN_EWT_COLLPCAP,E-waste collected per capita (kg)
Latvia,2019.0,5.87,EN_EWT_COLLPCAP,E-waste collected per capita (kg)
Latvia,2020.0,6.06,EN_EWT_COLLPCAP,E-waste collected per capita (kg)
Latvia,2021.0,8.53,EN_EWT_COLLPCAP,E-waste collected per capita (kg)
Latvia,2022.0,10.61,EN_EWT_COLLPCAP,E-waste collected per capita (kg)
Latvia,2023.0,10.39,EN_EWT_COLLPCAP,E-waste collected per capita (kg)
Least Developed Countries (LDCs),2018.0,0.00086,EN_EWT_COLLPCAP,E-waste collected per capita (kg)
Least Developed Countries (LDCs),2019.0,0.00147,EN_EWT_COLLPCAP,E-waste collected per capita (kg)
Least Developed Countries (LDCs),2020.0,0.00173,EN_EWT_COLLPCAP,E-waste collected per capita (kg)
Least Developed Countries (LDCs),2021.0,0.00184,EN_EWT_COLLPCAP,E-waste collected per capita (kg)
Least Developed Countries (LDCs),2022.0,0.00195,EN_EWT_COLLPCAP,E-waste collected per capita (kg)
Liechtenstein,2000.0,2.98372,EN_EWT_COLLPCAP,E-waste collected per capita (kg)
Liechtenstein,2001.0,3.27712,EN_EWT_COLLPCAP,E-waste collected per capita (kg)
Liechtenstein,2002.0,2.7977,EN_EWT_COLLPCAP,E-waste collected per capita (kg)
Liechtenstein,2003.0,2.60716,EN_EWT_COLLPCAP,E-waste collected per capita (kg)
Liechtenstein,2004.0,3.90241,EN_EWT_COLLPCAP,E-waste collected per capita (kg)
Liechtenstein,2005.0,4.42766,EN_EWT_COLLPCAP,E-waste collected per capita (kg)
Liechtenstein,2006.0,5.5554,EN_EWT_COLLPCAP,E-waste collected per capita (kg)
Liechtenstein,2007.0,1.44,EN_EWT_COLLPCAP,E-waste collected per capita (kg)
Liechtenstein,2008.0,1.39,EN_EWT_COLLPCAP,E-waste collected per capita (kg)
Liechtenstein,2009.0,1.72,EN_EWT_COLLPCAP,E-waste collected per capita (kg)
Liechtenstein,2010.0,1.7,EN_EWT_COLLPCAP,E-waste collected per capita (kg)
Liechtenstein,2011.0,4.35,EN_EWT_COLLPCAP,E-waste collected per capita (kg)
Liechtenstein,2012.0,3.81,EN_EWT_COLLPCAP,E-waste collected per capita (kg)
Liechtenstein,2013.0,7.85,EN_EWT_COLLPCAP,E-waste collected per capita (kg)
Liechtenstein,2014.0,8.27,EN_EWT_COLLPCAP,E-waste collected per capita (kg)
Liechtenstein,2015.0,11.42,EN_EWT_COLLPCAP,E-waste collected per capita (kg)
Liechtenstein,2016.0,13.91,EN_EWT_COLLPCAP,E-waste collected per capita (kg)
Liechtenstein,2017.0,12.37,EN_EWT_COLLPCAP,E-waste collected per capita (kg)
Liechtenstein,2018.0,15.26,EN_EWT_COLLPCAP,E-waste collected per capita (kg)
Liechtenstein,2019.0,12.82,EN_EWT_COLLPCAP,E-waste collected per capita (kg)
Liechtenstein,2020.0,18.32,EN_EWT_COLLPCAP,E-waste collected per capita (kg)
Liechtenstein,2021.0,16.6,EN_EWT_COLLPCAP,E-waste collected per capita (kg)
Liechtenstein,2022.0,15.53,EN_EWT_COLLPCAP,E-waste collected per capita (kg)
Liechtenstein,2023.0,22.42,EN_EWT_COLLPCAP,E-waste collected per capita (kg)
Lithuania,2005.0,0.81,EN_EWT_COLLPCAP,E-waste collected per capita (kg)
Lithuania,2006.0,2.85,EN_EWT_COLLPCAP,E-waste collected per capita (kg)
Lithuania,2007.0,3.61,EN_EWT_COLLPCAP,E-waste collected per capita (kg)
Lithuania,2008.0,3.69,EN_EWT_COLLPCAP,E-waste collected per capita (kg)
Lithuania,2009.0,2.21,EN_EWT_COLLPCAP,E-waste collected per capita (kg)
Lithuania,2010.0,2.88,EN_EWT_COLLPCAP,E-waste collected per capita (kg)
Lithuania,2011.0,3.91,EN_EWT_COLLPCAP,E-waste collected per capita (kg)
Lithuania,2012.0,4.77,EN_EWT_COLLPCAP,E-waste collected per capita (kg)
Lithuania,2013.0,5.46,EN_EWT_COLLPCAP,E-waste collected per capita (kg)
Lithuania,2014.0,7.57,EN_EWT_COLLPCAP,E-waste collected per capita (kg)
Lithuania,2015.0,5.6,EN_EWT_COLLPCAP,E-waste collected per capita (kg)
Lithuania,2016.0,4.54,EN_EWT_COLLPCAP,E-waste collected per capita (kg)
Lithuania,2017.0,4.7,EN_EWT_COLLPCAP,E-waste collected per capita (kg)
Lithuania,2018.0,5.08,EN_EWT_COLLPCAP,E-waste collected per capita (kg)
Lithuania,2019.0,5.72,EN_EWT_COLLPCAP,E-waste collected per capita (kg)
Lithuania,2020.0,5.88,EN_EWT_COLLPCAP,E-waste collected per capita (kg)
Lithuania,2021.0,7.03,EN_EWT_COLLPCAP,E-waste collected per capita (kg)
Lithuania,2022.0,7.63,EN_EWT_COLLPCAP,E-waste collected per capita (kg)
Lithuania,2023.0,9.17,EN_EWT_COLLPCAP,E-waste collected per capita (kg)
Luxembourg,2006.0,8.14,EN_EWT_COLLPCAP,E-waste collected per capita (kg)
Luxembourg,2007.0,8.58,EN_EWT_COLLPCAP,E-waste collected per capita (kg)
Luxembourg,2008.0,8.68,EN_EWT_COLLPCAP,E-waste collected per capita (kg)
Luxembourg,2009.0,9.68,EN_EWT_COLLPCAP,E-waste collected per capita (kg)
Luxembourg,2010.0,9.51,EN_EWT_COLLPCAP,E-waste collected per capita (kg)
Luxembourg,2011.0,9.62,EN_EWT_COLLPCAP,E-waste collected per capita (kg)
Luxembourg,2012.0,9.44,EN_EWT_COLLPCAP,E-waste collected per capita (kg)
Luxembourg,2013.0,9.53,EN_EWT_COLLPCAP,E-waste collected per capita (kg)
Luxembourg,2014.0,9.92,EN_EWT_COLLPCAP,E-waste collected per capita (kg)
Luxembourg,2015.0,10.36,EN_EWT_COLLPCAP,E-waste collected per capita (kg)
Luxembourg,2016.0,10.64,EN_EWT_COLLPCAP,E-waste collected per capita (kg)
Luxembourg,2017.0,10.17,EN_EWT_COLLPCAP,E-waste collected per capita (kg)
Luxembourg,2018.0,9.98,EN_EWT_COLLPCAP,E-waste collected per capita (kg)
Luxembourg,2019.0,9.71,EN_EWT_COLLPCAP,E-waste collected per capita (kg)
Luxembourg,2020.0,10.11,EN_EWT_COLLPCAP,E-waste collected per capita (kg)
Luxembourg,2021.0,10.4,EN_EWT_COLLPCAP,E-waste collected per capita (kg)
Luxembourg,2022.0,8.89,EN_EWT_COLLPCAP,E-waste collected per capita (kg)
Luxembourg,2023.0,8.81,EN_EWT_COLLPCAP,E-waste collected per capita (kg)
Malta,2005.0,0.37,EN_EWT_COLLPCAP,E-waste collected per capita (kg)
Malta,2006.0,0.65,EN_EWT_COLLPCAP,E-waste collected per capita (kg)
Malta,2007.0,0.53,EN_EWT_COLLPCAP,E-waste collected per capita (kg)
Malta,2008.0,0.42,EN_EWT_COLLPCAP,E-waste collected per capita (kg)
Malta,2009.0,2.89,EN_EWT_COLLPCAP,E-waste collected per capita (kg)
Malta,2010.0,3.7,EN_EWT_COLLPCAP,E-waste collected per capita (kg)
Malta,2011.0,3.76,EN_EWT_COLLPCAP,E-waste collected per capita (kg)
Malta,2012.0,3.59,EN_EWT_COLLPCAP,E-waste collected per capita (kg)
Malta,2013.0,4,EN_EWT_COLLPCAP,E-waste collected per capita (kg)
Malta,2014.0,3.85,EN_EWT_COLLPCAP,E-waste collected per capita (kg)
Malta,2015.0,4.46,EN_EWT_COLLPCAP,E-waste collected per capita (kg)
Malta,2016.0,5.37,EN_EWT_COLLPCAP,E-waste collected per capita (kg)
Malta,2017.0,6.31,EN_EWT_COLLPCAP,E-waste collected per capita (kg)
Malta,2018.0,6.55,EN_EWT_COLLPCAP,E-waste collected per capita (kg)
Malta,2019.0,8.43,EN_EWT_COLLPCAP,E-waste collected per capita (kg)
Malta,2020.0,6.89,EN_EWT_COLLPCAP,E-waste collected per capita (kg)
Malta,2021.0,5.42,EN_EWT_COLLPCAP,E-waste collected per capita (kg)
Malta,2022.0,5.67,EN_EWT_COLLPCAP,E-waste collected per capita (kg)
Malta,2023.0,5.75,EN_EWT_COLLPCAP,E-waste collected per capita (kg)
Martinique,2008.0,0.61892,EN_EWT_COLLPCAP,E-waste collected per capita (kg)
Martinique,2009.0,1.31908,EN_EWT_COLLPCAP,E-waste collected per capita (kg)
Martinique,2010.0,1.99555,EN_EWT_COLLPCAP,E-waste collected per capita (kg)
Martinique,2011.0,2.97796,EN_EWT_COLLPCAP,E-waste collected per capita (kg)
Martinique,2012.0,3.71684,EN_EWT_COLLPCAP,E-waste collected per capita (kg)
Martinique,2013.0,4.044,EN_EWT_COLLPCAP,E-waste collected per capita (kg)
Martinique,2014.0,5.96619,EN_EWT_COLLPCAP,E-waste collected per capita (kg)
Martinique,2015.0,7.54695,EN_EWT_COLLPCAP,E-waste collected per capita (kg)
Martinique,2016.0,8.70974,EN_EWT_COLLPCAP,E-waste collected per capita (kg)
Martinique,2017.0,10.2449,EN_EWT_COLLPCAP,E-waste collected per capita (kg)
Martinique,2018.0,10.24475,EN_EWT_COLLPCAP,E-waste collected per capita (kg)
Martinique,2019.0,11.63479,EN_EWT_COLLPCAP,E-waste collected per capita (kg)
Martinique,2020.0,10.57163,EN_EWT_COLLPCAP,E-waste collected per capita (kg)
Martinique,2021.0,10.6913,EN_EWT_COLLPCAP,E-waste collected per capita (kg)
Martinique,2022.0,13.87287,EN_EWT_COLLPCAP,E-waste collected per capita (kg)
Mauritius,2016.0,86.56119,EN_EWT_COLLPCAP,E-waste collected per capita (kg)
Mauritius,2017.0,193.70009,EN_EWT_COLLPCAP,E-waste collected per capita (kg)
Mauritius,2019.0,0.76423,EN_EWT_COLLPCAP,E-waste collected per capita (kg)
Mauritius,2020.0,0.0039,EN_EWT_COLLPCAP,E-waste collected per capita (kg)
Mauritius,2021.0,0.14926,EN_EWT_COLLPCAP,E-waste collected per capita (kg)
Middle Africa,2018.0,0.00029,EN_EWT_COLLPCAP,E-waste collected per capita (kg)
Middle Africa,2019.0,3e-04,EN_EWT_COLLPCAP,E-waste collected per capita (kg)
Middle Africa,2020.0,0.00032,EN_EWT_COLLPCAP,E-waste collected per capita (kg)
Middle Africa,2021.0,0.00033,EN_EWT_COLLPCAP,E-waste collected per capita (kg)
Middle Africa,2022.0,0.00034,EN_EWT_COLLPCAP,E-waste collected per capita (kg)
Mongolia,2020.0,17.17487,EN_EWT_COLLPCAP,E-waste collected per capita (kg)
Mongolia,2021.0,12.51526,EN_EWT_COLLPCAP,E-waste collected per capita (kg)
Mongolia,2022.0,25.93252,EN_EWT_COLLPCAP,E-waste collected per capita (kg)
Mongolia,2023.0,11.49286,EN_EWT_COLLPCAP,E-waste collected per capita (kg)
Nepal,2017.0,0.63296,EN_EWT_COLLPCAP,E-waste collected per capita (kg)
Netherlands (Kingdom of the),2005.0,5.5,EN_EWT_COLLPCAP,E-waste collected per capita (kg)
Netherlands (Kingdom of the),2006.0,5.78,EN_EWT_COLLPCAP,E-waste collected per capita (kg)
Netherlands (Kingdom of the),2007.0,5.99,EN_EWT_COLLPCAP,E-waste collected per capita (kg)
Netherlands (Kingdom of the),2008.0,6.28,EN_EWT_COLLPCAP,E-waste collected per capita (kg)
Netherlands (Kingdom of the),2009.0,6.56,EN_EWT_COLLPCAP,E-waste collected per capita (kg)
Netherlands (Kingdom of the),2010.0,7.71,EN_EWT_COLLPCAP,E-waste collected per capita (kg)
Netherlands (Kingdom of the),2011.0,7.92,EN_EWT_COLLPCAP,E-waste collected per capita (kg)
Netherlands (Kingdom of the),2012.0,7.38,EN_EWT_COLLPCAP,E-waste collected per capita (kg)
Netherlands (Kingdom of the),2013.0,6.99,EN_EWT_COLLPCAP,E-waste collected per capita (kg)
Netherlands (Kingdom of the),2014.0,8.41,EN_EWT_COLLPCAP,E-waste collected per capita (kg)
Netherlands (Kingdom of the),2015.0,8.57,EN_EWT_COLLPCAP,E-waste collected per capita (kg)
Netherlands (Kingdom of the),2016.0,9.08,EN_EWT_COLLPCAP,E-waste collected per capita (kg)
Netherlands (Kingdom of the),2017.0,9.97,EN_EWT_COLLPCAP,E-waste collected per capita (kg)
Netherlands (Kingdom of the),2018.0,10.7,EN_EWT_COLLPCAP,E-waste collected per capita (kg)
Netherlands (Kingdom of the),2019.0,11.45,EN_EWT_COLLPCAP,E-waste collected per capita (kg)
Netherlands (Kingdom of the),2020.0,12.63,EN_EWT_COLLPCAP,E-waste collected per capita (kg)
Netherlands (Kingdom of the),2021.0,11.75,EN_EWT_COLLPCAP,E-waste collected per capita (kg)
Netherlands (Kingdom of the),2022.0,11.27,EN_EWT_COLLPCAP,E-waste collected per capita (kg)
Netherlands (Kingdom of the),2023.0,12.28,EN_EWT_COLLPCAP,E-waste collected per capita (kg)
Niger,2012.0,0.4892,EN_EWT_COLLPCAP,E-waste collected per capita (kg)
Niger,2013.0,0.48729,EN_EWT_COLLPCAP,E-waste collected per capita (kg)
Niger,2014.0,0.48573,EN_EWT_COLLPCAP,E-waste collected per capita (kg)
Niger,2015.0,0.48417,EN_EWT_COLLPCAP,E-waste collected per capita (kg)
Niger,2016.0,0.4823,EN_EWT_COLLPCAP,E-waste collected per capita (kg)
Niger,2017.0,0.4814,EN_EWT_COLLPCAP,E-waste collected per capita (kg)
Niger,2018.0,0.47943,EN_EWT_COLLPCAP,E-waste collected per capita (kg)
Niger,2019.0,0.47745,EN_EWT_COLLPCAP,E-waste collected per capita (kg)
Northern Africa and Western Asia,2010.0,0.00585,EN_EWT_COLLPCAP,E-waste collected per capita (kg)
Northern Africa and Western Asia,2011.0,0.006,EN_EWT_COLLPCAP,E-waste collected per capita (kg)
Northern Africa and Western Asia,2012.0,0.00542,EN_EWT_COLLPCAP,E-waste collected per capita (kg)
Northern Africa and Western Asia,2013.0,0.00482,EN_EWT_COLLPCAP,E-waste collected per capita (kg)
Northern Africa and Western Asia,2014.0,0.03216,EN_EWT_COLLPCAP,E-waste collected per capita (kg)
Northern Africa and Western Asia,2015.0,0.30383,EN_EWT_COLLPCAP,E-waste collected per capita (kg)
Northern Africa and Western Asia,2016.0,0.33063,EN_EWT_COLLPCAP,E-waste collected per capita (kg)
Northern Africa and Western Asia,2017.0,0.36159,EN_EWT_COLLPCAP,E-waste collected per capita (kg)
Northern Africa and Western Asia,2018.0,0.38599,EN_EWT_COLLPCAP,E-waste collected per capita (kg)
Northern Africa and Western Asia,2019.0,0.43139,EN_EWT_COLLPCAP,E-waste collected per capita (kg)
Northern Africa and Western Asia,2020.0,0.46811,EN_EWT_COLLPCAP,E-waste collected per capita (kg)
Northern Africa and Western Asia,2021.0,0.51247,EN_EWT_COLLPCAP,E-waste collected per capita (kg)
Northern Africa and Western Asia,2022.0,0.48775,EN_EWT_COLLPCAP,E-waste collected per capita (kg)
Northern America,2010.0,9.03085,EN_EWT_COLLPCAP,E-waste collected per capita (kg)
Northern America,2011.0,9.54283,EN_EWT_COLLPCAP,E-waste collected per capita (kg)
Northern America,2012.0,10.00771,EN_EWT_COLLPCAP,E-waste collected per capita (kg)
Northern America,2013.0,10.48659,EN_EWT_COLLPCAP,E-waste collected per capita (kg)
Northern America,2014.0,8.16749,EN_EWT_COLLPCAP,E-waste collected per capita (kg)
Northern America,2015.0,11.2227,EN_EWT_COLLPCAP,E-waste collected per capita (kg)
Northern America,2016.0,10.88847,EN_EWT_COLLPCAP,E-waste collected per capita (kg)
Northern America,2017.0,10.80072,EN_EWT_COLLPCAP,E-waste collected per capita (kg)
Northern America,2018.0,10.84834,EN_EWT_COLLPCAP,E-waste collected per capita (kg)
Northern America,2019.0,10.64873,EN_EWT_COLLPCAP,E-waste collected per capita (kg)
Northern America,2020.0,10.77201,EN_EWT_COLLPCAP,E-waste collected per capita (kg)
Northern America,2021.0,10.90053,EN_EWT_COLLPCAP,E-waste collected per capita (kg)
Northern America,2022.0,11.01395,EN_EWT_COLLPCAP,E-waste collected per capita (kg)
Northern Europe,2010.0,9.43625,EN_EWT_COLLPCAP,E-waste collected per capita (kg)
Northern Europe,2011.0,9.94637,EN_EWT_COLLPCAP,E-waste collected per capita (kg)
Northern Europe,2012.0,9.64579,EN_EWT_COLLPCAP,E-waste collected per capita (kg)
Northern Europe,2013.0,9.58624,EN_EWT_COLLPCAP,E-waste collected per capita (kg)
Northern Europe,2014.0,9.70575,EN_EWT_COLLPCAP,E-waste collected per capita (kg)
Northern Europe,2015.0,10.96742,EN_EWT_COLLPCAP,E-waste collected per capita (kg)
Northern Europe,2016.0,14.00437,EN_EWT_COLLPCAP,E-waste collected per capita (kg)
Northern Europe,2017.0,12.81933,EN_EWT_COLLPCAP,E-waste collected per capita (kg)
Northern Europe,2018.0,12.35963,EN_EWT_COLLPCAP,E-waste collected per capita (kg)
Northern Europe,2019.0,9.65588,EN_EWT_COLLPCAP,E-waste collected per capita (kg)
Northern Europe,2020.0,9.40483,EN_EWT_COLLPCAP,E-waste collected per capita (kg)
Northern Europe,2021.0,9.70886,EN_EWT_COLLPCAP,E-waste collected per capita (kg)
Northern Europe,2022.0,9.77746,EN_EWT_COLLPCAP,E-waste collected per capita (kg)
Norway,2005.0,21.63,EN_EWT_COLLPCAP,E-waste collected per capita (kg)
Norway,2006.0,21.8,EN_EWT_COLLPCAP,E-waste collected per capita (kg)
Norway,2007.0,23.29,EN_EWT_COLLPCAP,E-waste collected per capita (kg)
Norway,2008.0,23.83,EN_EWT_COLLPCAP,E-waste collected per capita (kg)
Norway,2009.0,23.89,EN_EWT_COLLPCAP,E-waste collected per capita (kg)
Norway,2010.0,22.04,EN_EWT_COLLPCAP,E-waste collected per capita (kg)
Norway,2011.0,22.17,EN_EWT_COLLPCAP,E-waste collected per capita (kg)
Norway,2012.0,20.9,EN_EWT_COLLPCAP,E-waste collected per capita (kg)
Norway,2013.0,20.66,EN_EWT_COLLPCAP,E-waste collected per capita (kg)
Norway,2014.0,20.87,EN_EWT_COLLPCAP,E-waste collected per capita (kg)
Norway,2015.0,20.35,EN_EWT_COLLPCAP,E-waste collected per capita (kg)
Norway,2016.0,19.6,EN_EWT_COLLPCAP,E-waste collected per capita (kg)
Norway,2017.0,18.73,EN_EWT_COLLPCAP,E-waste collected per capita (kg)
Norway,2018.0,18.16,EN_EWT_COLLPCAP,E-waste collected per capita (kg)
Norway,2019.0,19.46,EN_EWT_COLLPCAP,E-waste collected per capita (kg)
Norway,2020.0,19.5,EN_EWT_COLLPCAP,E-waste collected per capita (kg)
Norway,2021.0,19.96,EN_EWT_COLLPCAP,E-waste collected per capita (kg)
Norway,2022.0,19.52,EN_EWT_COLLPCAP,E-waste collected per capita (kg)
Norway,2023.0,20.08,EN_EWT_COLLPCAP,E-waste collected per capita (kg)
Oceania,2012.0,1.06817,EN_EWT_COLLPCAP,E-waste collected per capita (kg)
Oceania,2013.0,1.04677,EN_EWT_COLLPCAP,E-waste collected per capita (kg)
Oceania,2014.0,1.08233,EN_EWT_COLLPCAP,E-waste collected per capita (kg)
Oceania,2015.0,1.29076,EN_EWT_COLLPCAP,E-waste collected per capita (kg)
Oceania,2016.0,1.31952,EN_EWT_COLLPCAP,E-waste collected per capita (kg)
Oceania,2017.0,1.3408,EN_EWT_COLLPCAP,E-waste collected per capita (kg)
Oceania,2018.0,1.35521,EN_EWT_COLLPCAP,E-waste collected per capita (kg)
Oceania,2019.0,6.41038,EN_EWT_COLLPCAP,E-waste collected per capita (kg)
Oceania,2020.0,6.43411,EN_EWT_COLLPCAP,E-waste collected per capita (kg)
Oceania,2021.0,6.47608,EN_EWT_COLLPCAP,E-waste collected per capita (kg)
Oceania,2022.0,6.49138,EN_EWT_COLLPCAP,E-waste collected per capita (kg)
Oman,2023.0,30.11683,EN_EWT_COLLPCAP,E-waste collected per capita (kg)
Oman,2024.0,40.2607,EN_EWT_COLLPCAP,E-waste collected per capita (kg)
Peru,2020.0,0.0573,EN_EWT_COLLPCAP,E-waste collected per capita (kg)
Peru,2021.0,0.76554,EN_EWT_COLLPCAP,E-waste collected per capita (kg)
Poland,2006.0,0.45,EN_EWT_COLLPCAP,E-waste collected per capita (kg)
Poland,2007.0,0.71,EN_EWT_COLLPCAP,E-waste collected per capita (kg)
Poland,2008.0,1.48,EN_EWT_COLLPCAP,E-waste collected per capita (kg)
Poland,2009.0,2.8,EN_EWT_COLLPCAP,E-waste collected per capita (kg)
Poland,2010.0,2.95,EN_EWT_COLLPCAP,E-waste collected per capita (kg)
Poland,2011.0,3.77,EN_EWT_COLLPCAP,E-waste collected per capita (kg)
Poland,2012.0,4.61,EN_EWT_COLLPCAP,E-waste collected per capita (kg)
Poland,2013.0,4.51,EN_EWT_COLLPCAP,E-waste collected per capita (kg)
Poland,2014.0,4.55,EN_EWT_COLLPCAP,E-waste collected per capita (kg)
Poland,2015.0,5.24,EN_EWT_COLLPCAP,E-waste collected per capita (kg)
Poland,2016.0,6.13,EN_EWT_COLLPCAP,E-waste collected per capita (kg)
Poland,2017.0,6.49,EN_EWT_COLLPCAP,E-waste collected per capita (kg)
Poland,2018.0,6.73,EN_EWT_COLLPCAP,E-waste collected per capita (kg)
Poland,2019.0,11.69,EN_EWT_COLLPCAP,E-waste collected per capita (kg)
Poland,2020.0,11.31,EN_EWT_COLLPCAP,E-waste collected per capita (kg)
Poland,2021.0,14.19,EN_EWT_COLLPCAP,E-waste collected per capita (kg)
Poland,2022.0,14.64,EN_EWT_COLLPCAP,E-waste collected per capita (kg)
Poland,2023.0,15.21,EN_EWT_COLLPCAP,E-waste collected per capita (kg)
Portugal,2005.0,0,EN_EWT_COLLPCAP,E-waste collected per capita (kg)
Portugal,2006.0,0.4,EN_EWT_COLLPCAP,E-waste collected per capita (kg)
Portugal,2007.0,2.45,EN_EWT_COLLPCAP,E-waste collected per capita (kg)
Portugal,2008.0,3.91,EN_EWT_COLLPCAP,E-waste collected per capita (kg)
Portugal,2009.0,4.23,EN_EWT_COLLPCAP,E-waste collected per capita (kg)
Portugal,2010.0,4.41,EN_EWT_COLLPCAP,E-waste collected per capita (kg)
Portugal,2011.0,5.62,EN_EWT_COLLPCAP,E-waste collected per capita (kg)
Portugal,2012.0,4.16,EN_EWT_COLLPCAP,E-waste collected per capita (kg)
Portugal,2013.0,4.79,EN_EWT_COLLPCAP,E-waste collected per capita (kg)
Portugal,2014.0,5.81,EN_EWT_COLLPCAP,E-waste collected per capita (kg)
Portugal,2015.0,6.22,EN_EWT_COLLPCAP,E-waste collected per capita (kg)
Portugal,2016.0,6.75,EN_EWT_COLLPCAP,E-waste collected per capita (kg)
Portugal,2017.0,6.8,EN_EWT_COLLPCAP,E-waste collected per capita (kg)
Portugal,2018.0,7.17,EN_EWT_COLLPCAP,E-waste collected per capita (kg)
Portugal,2019.0,5.07,EN_EWT_COLLPCAP,E-waste collected per capita (kg)
Portugal,2020.0,5.74,EN_EWT_COLLPCAP,E-waste collected per capita (kg)
Portugal,2021.0,5.16,EN_EWT_COLLPCAP,E-waste collected per capita (kg)
Portugal,2022.0,5.36,EN_EWT_COLLPCAP,E-waste collected per capita (kg)
Portugal,2023.0,5.79,EN_EWT_COLLPCAP,E-waste collected per capita (kg)
Republic of Moldova,2021.0,0.12799,EN_EWT_COLLPCAP,E-waste collected per capita (kg)
Réunion,2008.0,0.46599,EN_EWT_COLLPCAP,E-waste collected per capita (kg)
Réunion,2009.0,1.28807,EN_EWT_COLLPCAP,E-waste collected per capita (kg)
Réunion,2010.0,3.28371,EN_EWT_COLLPCAP,E-waste collected per capita (kg)
Réunion,2011.0,5.47366,EN_EWT_COLLPCAP,E-waste collected per capita (kg)
Réunion,2012.0,6.20312,EN_EWT_COLLPCAP,E-waste collected per capita (kg)
Réunion,2013.0,6.42169,EN_EWT_COLLPCAP,E-waste collected per capita (kg)
Réunion,2014.0,6.68825,EN_EWT_COLLPCAP,E-waste collected per capita (kg)
Réunion,2015.0,7.47504,EN_EWT_COLLPCAP,E-waste collected per capita (kg)
Réunion,2016.0,7.74633,EN_EWT_COLLPCAP,E-waste collected per capita (kg)
Réunion,2017.0,8.27478,EN_EWT_COLLPCAP,E-waste collected per capita (kg)
Réunion,2018.0,8.9621,EN_EWT_COLLPCAP,E-waste collected per capita (kg)
Réunion,2019.0,9.52145,EN_EWT_COLLPCAP,E-waste collected per capita (kg)
Réunion,2020.0,9.40512,EN_EWT_COLLPCAP,E-waste collected per capita (kg)
Réunion,2021.0,10.11774,EN_EWT_COLLPCAP,E-waste collected per capita (kg)
Réunion,2022.0,9.7735,EN_EWT_COLLPCAP,E-waste collected per capita (kg)
Romania,2006.0,0.05,EN_EWT_COLLPCAP,E-waste collected per capita (kg)
Romania,2007.0,0.18,EN_EWT_COLLPCAP,E-waste collected per capita (kg)
Romania,2008.0,1.06,EN_EWT_COLLPCAP,E-waste collected per capita (kg)
Romania,2009.0,1.9,EN_EWT_COLLPCAP,E-waste collected per capita (kg)
Romania,2010.0,1.3,EN_EWT_COLLPCAP,E-waste collected per capita (kg)
Romania,2011.0,1.04,EN_EWT_COLLPCAP,E-waste collected per capita (kg)
Romania,2012.0,1.15,EN_EWT_COLLPCAP,E-waste collected per capita (kg)
Romania,2013.0,1.66,EN_EWT_COLLPCAP,E-waste collected per capita (kg)
Romania,2014.0,1.62,EN_EWT_COLLPCAP,E-waste collected per capita (kg)
Romania,2015.0,2.06,EN_EWT_COLLPCAP,E-waste collected per capita (kg)
Romania,2016.0,2.37,EN_EWT_COLLPCAP,E-waste collected per capita (kg)
Romania,2017.0,2.54,EN_EWT_COLLPCAP,E-waste collected per capita (kg)
Romania,2018.0,3.28,EN_EWT_COLLPCAP,E-waste collected per capita (kg)
Romania,2019.0,4.59,EN_EWT_COLLPCAP,E-waste collected per capita (kg)
Romania,2020.0,4.71,EN_EWT_COLLPCAP,E-waste collected per capita (kg)
Romania,2021.0,7.63,EN_EWT_COLLPCAP,E-waste collected per capita (kg)
Saint Kitts and Nevis,2008.0,1.36009,EN_EWT_COLLPCAP,E-waste collected per capita (kg)
Saint Kitts and Nevis,2009.0,2.99258,EN_EWT_COLLPCAP,E-waste collected per capita (kg)
Saint Kitts and Nevis,2010.0,5.0634,EN_EWT_COLLPCAP,E-waste collected per capita (kg)
Saint Kitts and Nevis,2011.0,3.63221,EN_EWT_COLLPCAP,E-waste collected per capita (kg)
Saint Kitts and Nevis,2012.0,1.10348,EN_EWT_COLLPCAP,E-waste collected per capita (kg)
Saint Kitts and Nevis,2020.0,1.00704,EN_EWT_COLLPCAP,E-waste collected per capita (kg)
Saint Kitts and Nevis,2021.0,0.91098,EN_EWT_COLLPCAP,E-waste collected per capita (kg)
Saint Kitts and Nevis,2022.0,2.15162,EN_EWT_COLLPCAP,E-waste collected per capita (kg)
Saint Kitts and Nevis,2023.0,4.31584,EN_EWT_COLLPCAP,E-waste collected per capita (kg)
Senegal,2014.0,1.76935,EN_EWT_COLLPCAP,E-waste collected per capita (kg)
Senegal,2015.0,3.01884,EN_EWT_COLLPCAP,E-waste collected per capita (kg)
Senegal,2016.0,1.40683,EN_EWT_COLLPCAP,E-waste collected per capita (kg)
Senegal,2017.0,0.67658,EN_EWT_COLLPCAP,E-waste collected per capita (kg)
Slovakia,2005.0,0.67,EN_EWT_COLLPCAP,E-waste collected per capita (kg)
Slovakia,2006.0,1.6,EN_EWT_COLLPCAP,E-waste collected per capita (kg)
Slovakia,2007.0,2.7,EN_EWT_COLLPCAP,E-waste collected per capita (kg)
Slovakia,2008.0,3.6,EN_EWT_COLLPCAP,E-waste collected per capita (kg)
Slovakia,2009.0,4.12,EN_EWT_COLLPCAP,E-waste collected per capita (kg)
Slovakia,2010.0,4.07,EN_EWT_COLLPCAP,E-waste collected per capita (kg)
Slovakia,2011.0,4.37,EN_EWT_COLLPCAP,E-waste collected per capita (kg)
Slovakia,2012.0,4.19,EN_EWT_COLLPCAP,E-waste collected per capita (kg)
Slovakia,2013.0,4.17,EN_EWT_COLLPCAP,E-waste collected per capita (kg)
Slovakia,2014.0,4.19,EN_EWT_COLLPCAP,E-waste collected per capita (kg)
Slovakia,2015.0,4.31,EN_EWT_COLLPCAP,E-waste collected per capita (kg)
Slovakia,2016.0,5.2,EN_EWT_COLLPCAP,E-waste collected per capita (kg)
Slovakia,2017.0,5.48,EN_EWT_COLLPCAP,E-waste collected per capita (kg)
Slovakia,2018.0,5.85,EN_EWT_COLLPCAP,E-waste collected per capita (kg)
Slovakia,2019.0,7.11,EN_EWT_COLLPCAP,E-waste collected per capita (kg)
Slovakia,2020.0,8.5,EN_EWT_COLLPCAP,E-waste collected per capita (kg)
Slovakia,2021.0,9.57,EN_EWT_COLLPCAP,E-waste collected per capita (kg)
Slovakia,2022.0,10.4,EN_EWT_COLLPCAP,E-waste collected per capita (kg)
Slovakia,2023.0,10.94,EN_EWT_COLLPCAP,E-waste collected per capita (kg)
Slovenia,2007.0,2.64,EN_EWT_COLLPCAP,E-waste collected per capita (kg)
Slovenia,2008.0,3.42,EN_EWT_COLLPCAP,E-waste collected per capita (kg)
Slovenia,2009.0,4.01,EN_EWT_COLLPCAP,E-waste collected per capita (kg)
Slovenia,2010.0,4.23,EN_EWT_COLLPCAP,E-waste collected per capita (kg)
Slovenia,2011.0,4.55,EN_EWT_COLLPCAP,E-waste collected per capita (kg)
Slovenia,2012.0,4.58,EN_EWT_COLLPCAP,E-waste collected per capita (kg)
Slovenia,2013.0,4.15,EN_EWT_COLLPCAP,E-waste collected per capita (kg)
Slovenia,2014.0,4.7,EN_EWT_COLLPCAP,E-waste collected per capita (kg)
Slovenia,2015.0,5.1,EN_EWT_COLLPCAP,E-waste collected per capita (kg)
Slovenia,2016.0,6.74,EN_EWT_COLLPCAP,E-waste collected per capita (kg)
Slovenia,2017.0,6.12,EN_EWT_COLLPCAP,E-waste collected per capita (kg)
Slovenia,2018.0,6.48,EN_EWT_COLLPCAP,E-waste collected per capita (kg)
Slovenia,2019.0,6.9,EN_EWT_COLLPCAP,E-waste collected per capita (kg)
Slovenia,2020.0,6.85,EN_EWT_COLLPCAP,E-waste collected per capita (kg)
Slovenia,2021.0,7.37,EN_EWT_COLLPCAP,E-waste collected per capita (kg)
Slovenia,2022.0,7.32,EN_EWT_COLLPCAP,E-waste collected per capita (kg)
Slovenia,2023.0,7.85,EN_EWT_COLLPCAP,E-waste collected per capita (kg)
Small island developing States (SIDS),2010.0,0.02816,EN_EWT_COLLPCAP,E-waste collected per capita (kg)
Small island developing States (SIDS),2011.0,0.03002,EN_EWT_COLLPCAP,E-waste collected per capita (kg)
Small island developing States (SIDS),2012.0,0.00118,EN_EWT_COLLPCAP,E-waste collected per capita (kg)
Small island developing States (SIDS),2013.0,0.00124,EN_EWT_COLLPCAP,E-waste collected per capita (kg)
Small island developing States (SIDS),2014.0,0.0013,EN_EWT_COLLPCAP,E-waste collected per capita (kg)
Small island developing States (SIDS),2015.0,0.00179,EN_EWT_COLLPCAP,E-waste collected per capita (kg)
Small island developing States (SIDS),2016.0,0.00262,EN_EWT_COLLPCAP,E-waste collected per capita (kg)
Small island developing States (SIDS),2017.0,0.00268,EN_EWT_COLLPCAP,E-waste collected per capita (kg)
Small island developing States (SIDS),2018.0,0.00276,EN_EWT_COLLPCAP,E-waste collected per capita (kg)
Small island developing States (SIDS),2019.0,0.00284,EN_EWT_COLLPCAP,E-waste collected per capita (kg)
Small island developing States (SIDS),2020.0,0.00291,EN_EWT_COLLPCAP,E-waste collected per capita (kg)
Small island developing States (SIDS),2021.0,0.00298,EN_EWT_COLLPCAP,E-waste collected per capita (kg)
Small island developing States (SIDS),2022.0,0.00304,EN_EWT_COLLPCAP,E-waste collected per capita (kg)
South America,2012.0,0.03334,EN_EWT_COLLPCAP,E-waste collected per capita (kg)
South America,2013.0,0.15727,EN_EWT_COLLPCAP,E-waste collected per capita (kg)
South America,2014.0,0.15851,EN_EWT_COLLPCAP,E-waste collected per capita (kg)
South America,2015.0,0.18783,EN_EWT_COLLPCAP,E-waste collected per capita (kg)
South America,2016.0,0.18028,EN_EWT_COLLPCAP,E-waste collected per capita (kg)
South America,2017.0,0.20343,EN_EWT_COLLPCAP,E-waste collected per capita (kg)
South America,2018.0,0.22407,EN_EWT_COLLPCAP,E-waste collected per capita (kg)
South America,2019.0,0.24616,EN_EWT_COLLPCAP,E-waste collected per capita (kg)
South America,2020.0,0.24962,EN_EWT_COLLPCAP,E-waste collected per capita (kg)
South America,2021.0,0.25993,EN_EWT_COLLPCAP,E-waste collected per capita (kg)
South America,2022.0,0.26583,EN_EWT_COLLPCAP,E-waste collected per capita (kg)
Southern Africa,2015.0,5e-05,EN_EWT_COLLPCAP,E-waste collected per capita (kg)
Southern Africa,2016.0,0.00032,EN_EWT_COLLPCAP,E-waste collected per capita (kg)
Southern Africa,2017.0,0.00018,EN_EWT_COLLPCAP,E-waste collected per capita (kg)
Southern Africa,2018.0,0.00076,EN_EWT_COLLPCAP,E-waste collected per capita (kg)
Southern Africa,2019.0,0.00042,EN_EWT_COLLPCAP,E-waste collected per capita (kg)
Southern Africa,2020.0,0.00043,EN_EWT_COLLPCAP,E-waste collected per capita (kg)
Southern Africa,2021.0,0.00044,EN_EWT_COLLPCAP,E-waste collected per capita (kg)
Southern Africa,2022.0,0.00045,EN_EWT_COLLPCAP,E-waste collected per capita (kg)
Southern Asia,2016.0,0.01575,EN_EWT_COLLPCAP,E-waste collected per capita (kg)
Southern Asia,2017.0,0.01786,EN_EWT_COLLPCAP,E-waste collected per capita (kg)
Southern Asia,2018.0,0.02,EN_EWT_COLLPCAP,E-waste collected per capita (kg)
Southern Asia,2019.0,0.02234,EN_EWT_COLLPCAP,E-waste collected per capita (kg)
Southern Asia,2020.0,0.02475,EN_EWT_COLLPCAP,E-waste collected per capita (kg)
Southern Asia,2021.0,0.02721,EN_EWT_COLLPCAP,E-waste collected per capita (kg)
Southern Asia,2022.0,0.02992,EN_EWT_COLLPCAP,E-waste collected per capita (kg)
Southern Europe,2010.0,5.48427,EN_EWT_COLLPCAP,E-waste collected per capita (kg)
Southern Europe,2011.0,5.37667,EN_EWT_COLLPCAP,E-waste collected per capita (kg)
Southern Europe,2012.0,4.95404,EN_EWT_COLLPCAP,E-waste collected per capita (kg)
Southern Europe,2013.0,4.94951,EN_EWT_COLLPCAP,E-waste collected per capita (kg)
Southern Europe,2014.0,4.12248,EN_EWT_COLLPCAP,E-waste collected per capita (kg)
Southern Europe,2015.0,4.82695,EN_EWT_COLLPCAP,E-waste collected per capita (kg)
Southern Europe,2016.0,5.44565,EN_EWT_COLLPCAP,E-waste collected per capita (kg)
Southern Europe,2017.0,5.78783,EN_EWT_COLLPCAP,E-waste collected per capita (kg)
Southern Europe,2018.0,6.36711,EN_EWT_COLLPCAP,E-waste collected per capita (kg)
Southern Europe,2019.0,6.83536,EN_EWT_COLLPCAP,E-waste collected per capita (kg)
Southern Europe,2020.0,7.09048,EN_EWT_COLLPCAP,E-waste collected per capita (kg)
Southern Europe,2021.0,6.99704,EN_EWT_COLLPCAP,E-waste collected per capita (kg)
Southern Europe,2022.0,7.04408,EN_EWT_COLLPCAP,E-waste collected per capita (kg)
Spain,2006.0,3.58,EN_EWT_COLLPCAP,E-waste collected per capita (kg)
Spain,2007.0,6.14,EN_EWT_COLLPCAP,E-waste collected per capita (kg)
Spain,2008.0,6.44,EN_EWT_COLLPCAP,E-waste collected per capita (kg)
Spain,2009.0,2.96,EN_EWT_COLLPCAP,E-waste collected per capita (kg)
Spain,2010.0,3.39,EN_EWT_COLLPCAP,E-waste collected per capita (kg)
Spain,2011.0,3.29,EN_EWT_COLLPCAP,E-waste collected per capita (kg)
Spain,2012.0,3.38,EN_EWT_COLLPCAP,E-waste collected per capita (kg)
Spain,2013.0,4.49,EN_EWT_COLLPCAP,E-waste collected per capita (kg)
Spain,2014.0,3.98,EN_EWT_COLLPCAP,E-waste collected per capita (kg)
Spain,2015.0,4.97,EN_EWT_COLLPCAP,E-waste collected per capita (kg)
Spain,2016.0,5.38,EN_EWT_COLLPCAP,E-waste collected per capita (kg)
Spain,2017.0,6.16,EN_EWT_COLLPCAP,E-waste collected per capita (kg)
Spain,2018.0,6.85,EN_EWT_COLLPCAP,E-waste collected per capita (kg)
Spain,2019.0,7.88,EN_EWT_COLLPCAP,E-waste collected per capita (kg)
Spain,2020.0,8.32,EN_EWT_COLLPCAP,E-waste collected per capita (kg)
Spain,2021.0,8.71,EN_EWT_COLLPCAP,E-waste collected per capita (kg)
Spain,2022.0,8.71,EN_EWT_COLLPCAP,E-waste collected per capita (kg)
Spain,2023.0,9.27,EN_EWT_COLLPCAP,E-waste collected per capita (kg)
Sub-Saharan Africa,2010.0,0.00219,EN_EWT_COLLPCAP,E-waste collected per capita (kg)
Sub-Saharan Africa,2011.0,0.00229,EN_EWT_COLLPCAP,E-waste collected per capita (kg)
Sub-Saharan Africa,2012.0,9e-05,EN_EWT_COLLPCAP,E-waste collected per capita (kg)
Sub-Saharan Africa,2013.0,9e-05,EN_EWT_COLLPCAP,E-waste collected per capita (kg)
Sub-Saharan Africa,2014.0,9e-05,EN_EWT_COLLPCAP,E-waste collected per capita (kg)
Sub-Saharan Africa,2015.0,1e-04,EN_EWT_COLLPCAP,E-waste collected per capita (kg)
Sub-Saharan Africa,2016.0,0.00012,EN_EWT_COLLPCAP,E-waste collected per capita (kg)
Sub-Saharan Africa,2017.0,0.00011,EN_EWT_COLLPCAP,E-waste collected per capita (kg)
Sub-Saharan Africa,2018.0,0.00104,EN_EWT_COLLPCAP,E-waste collected per capita (kg)
Sub-Saharan Africa,2019.0,0.00161,EN_EWT_COLLPCAP,E-waste collected per capita (kg)
Sub-Saharan Africa,2020.0,0.00186,EN_EWT_COLLPCAP,E-waste collected per capita (kg)
Sub-Saharan Africa,2021.0,0.00196,EN_EWT_COLLPCAP,E-waste collected per capita (kg)
Sub-Saharan Africa,2022.0,0.00207,EN_EWT_COLLPCAP,E-waste collected per capita (kg)
Sweden,2005.0,5.4,EN_EWT_COLLPCAP,E-waste collected per capita (kg)
Sweden,2006.0,14.32,EN_EWT_COLLPCAP,E-waste collected per capita (kg)
Sweden,2007.0,17,EN_EWT_COLLPCAP,E-waste collected per capita (kg)
Sweden,2008.0,16.28,EN_EWT_COLLPCAP,E-waste collected per capita (kg)
Sweden,2009.0,16.53,EN_EWT_COLLPCAP,E-waste collected per capita (kg)
Sweden,2010.0,17.21,EN_EWT_COLLPCAP,E-waste collected per capita (kg)
Sweden,2011.0,18.69,EN_EWT_COLLPCAP,E-waste collected per capita (kg)
Sweden,2012.0,17.71,EN_EWT_COLLPCAP,E-waste collected per capita (kg)
Sweden,2013.0,18.39,EN_EWT_COLLPCAP,E-waste collected per capita (kg)
Sweden,2014.0,14.94,EN_EWT_COLLPCAP,E-waste collected per capita (kg)
Sweden,2015.0,14.69,EN_EWT_COLLPCAP,E-waste collected per capita (kg)
Sweden,2016.0,16.45,EN_EWT_COLLPCAP,E-waste collected per capita (kg)
Sweden,2017.0,14.06,EN_EWT_COLLPCAP,E-waste collected per capita (kg)
Sweden,2018.0,14.19,EN_EWT_COLLPCAP,E-waste collected per capita (kg)
Sweden,2019.0,15.14,EN_EWT_COLLPCAP,E-waste collected per capita (kg)
Sweden,2020.0,14.43,EN_EWT_COLLPCAP,E-waste collected per capita (kg)
Sweden,2021.0,12.98,EN_EWT_COLLPCAP,E-waste collected per capita (kg)
Ukraine,2010.0,1.20329,EN_EWT_COLLPCAP,E-waste collected per capita (kg)
Ukraine,2011.0,0.86594,EN_EWT_COLLPCAP,E-waste collected per capita (kg)
Ukraine,2012.0,0.68167,EN_EWT_COLLPCAP,E-waste collected per capita (kg)
Ukraine,2013.0,0.9062,EN_EWT_COLLPCAP,E-waste collected per capita (kg)
Ukraine,2014.0,0.65474,EN_EWT_COLLPCAP,E-waste collected per capita (kg)
Ukraine,2015.0,0.81468,EN_EWT_COLLPCAP,E-waste collected per capita (kg)
Ukraine,2016.0,1.00621,EN_EWT_COLLPCAP,E-waste collected per capita (kg)
Ukraine,2017.0,0.88036,EN_EWT_COLLPCAP,E-waste collected per capita (kg)
Ukraine,2018.0,0.48221,EN_EWT_COLLPCAP,E-waste collected per capita (kg)
Ukraine,2019.0,0.65395,EN_EWT_COLLPCAP,E-waste collected per capita (kg)
United Arab Emirates,2019.0,0.50331,EN_EWT_COLLPCAP,E-waste collected per capita (kg)
United Arab Emirates,2020.0,0.34252,EN_EWT_COLLPCAP,E-waste collected per capita (kg)
United Arab Emirates,2021.0,0.41699,EN_EWT_COLLPCAP,E-waste collected per capita (kg)
United Arab Emirates,2022.0,0.36793,EN_EWT_COLLPCAP,E-waste collected per capita (kg)
United Arab Emirates,2023.0,1.27913,EN_EWT_COLLPCAP,E-waste collected per capita (kg)
United Kingdom of Great Britain and Northern Ireland,2007.0,3.16,EN_EWT_COLLPCAP,E-waste collected per capita (kg)
United Kingdom of Great Britain and Northern Ireland,2008.0,7.25,EN_EWT_COLLPCAP,E-waste collected per capita (kg)
United Kingdom of Great Britain and Northern Ireland,2009.0,7.57,EN_EWT_COLLPCAP,E-waste collected per capita (kg)
United Kingdom of Great Britain and Northern Ireland,2010.0,7.64,EN_EWT_COLLPCAP,E-waste collected per capita (kg)
United Kingdom of Great Britain and Northern Ireland,2011.0,8.18,EN_EWT_COLLPCAP,E-waste collected per capita (kg)
United Kingdom of Great Britain and Northern Ireland,2012.0,7.91,EN_EWT_COLLPCAP,E-waste collected per capita (kg)
United Kingdom of Great Britain and Northern Ireland,2013.0,7.68,EN_EWT_COLLPCAP,E-waste collected per capita (kg)
United Kingdom of Great Britain and Northern Ireland,2014.0,8.08,EN_EWT_COLLPCAP,E-waste collected per capita (kg)
United Kingdom of Great Britain and Northern Ireland,2015.0,10.18,EN_EWT_COLLPCAP,E-waste collected per capita (kg)
United Kingdom of Great Britain and Northern Ireland,2016.0,14.8,EN_EWT_COLLPCAP,E-waste collected per capita (kg)
United Kingdom of Great Britain and Northern Ireland,2017.0,13.18,EN_EWT_COLLPCAP,E-waste collected per capita (kg)
United Kingdom of Great Britain and Northern Ireland,2018.0,12.28,EN_EWT_COLLPCAP,E-waste collected per capita (kg)
United States of America,2000.0,7.10541,EN_EWT_COLLPCAP,E-waste collected per capita (kg)
United States of America,2005.0,8.59552,EN_EWT_COLLPCAP,E-waste collected per capita (kg)
United States of America,2010.0,9.91276,EN_EWT_COLLPCAP,E-waste collected per capita (kg)
United States of America,2011.0,10.45306,EN_EWT_COLLPCAP,E-waste collected per capita (kg)
United States of America,2012.0,10.98199,EN_EWT_COLLPCAP,E-waste collected per capita (kg)
United States of America,2013.0,11.51048,EN_EWT_COLLPCAP,E-waste collected per capita (kg)
United States of America,2014.0,12.0514,EN_EWT_COLLPCAP,E-waste collected per capita (kg)
United States of America,2015.0,12.30363,EN_EWT_COLLPCAP,E-waste collected per capita (kg)
United States of America,2016.0,11.93543,EN_EWT_COLLPCAP,E-waste collected per capita (kg)
United States of America,2017.0,11.85873,EN_EWT_COLLPCAP,E-waste collected per capita (kg)
United States of America,2018.0,11.93525,EN_EWT_COLLPCAP,E-waste collected per capita (kg)
Western Asia,2010.0,0.01094,EN_EWT_COLLPCAP,E-waste collected per capita (kg)
Western Asia,2011.0,0.01118,EN_EWT_COLLPCAP,E-waste collected per capita (kg)
Western Asia,2012.0,0.01009,EN_EWT_COLLPCAP,E-waste collected per capita (kg)
Western Asia,2013.0,0.00897,EN_EWT_COLLPCAP,E-waste collected per capita (kg)
Western Asia,2014.0,0.05984,EN_EWT_COLLPCAP,E-waste collected per capita (kg)
Western Asia,2015.0,0.56588,EN_EWT_COLLPCAP,E-waste collected per capita (kg)
Western Asia,2016.0,0.61647,EN_EWT_COLLPCAP,E-waste collected per capita (kg)
Western Asia,2017.0,0.67539,EN_EWT_COLLPCAP,E-waste collected per capita (kg)
Western Asia,2018.0,0.72212,EN_EWT_COLLPCAP,E-waste collected per capita (kg)
Western Asia,2019.0,0.80778,EN_EWT_COLLPCAP,E-waste collected per capita (kg)
Western Asia,2020.0,0.87871,EN_EWT_COLLPCAP,E-waste collected per capita (kg)
Western Asia,2021.0,0.96481,EN_EWT_COLLPCAP,E-waste collected per capita (kg)
Western Asia,2022.0,0.91946,EN_EWT_COLLPCAP,E-waste collected per capita (kg)
Western Europe,2010.0,8.7283,EN_EWT_COLLPCAP,E-waste collected per capita (kg)
Western Europe,2011.0,8.61775,EN_EWT_COLLPCAP,E-waste collected per capita (kg)
Western Europe,2012.0,8.46396,EN_EWT_COLLPCAP,E-waste collected per capita (kg)
Western Europe,2013.0,8.70521,EN_EWT_COLLPCAP,E-waste collected per capita (kg)
Western Europe,2014.0,8.9753,EN_EWT_COLLPCAP,E-waste collected per capita (kg)
Western Europe,2015.0,9.49856,EN_EWT_COLLPCAP,E-waste collected per capita (kg)
Western Europe,2016.0,10.43624,EN_EWT_COLLPCAP,E-waste collected per capita (kg)
Western Europe,2017.0,10.96561,EN_EWT_COLLPCAP,E-waste collected per capita (kg)
Western Europe,2018.0,11.54196,EN_EWT_COLLPCAP,E-waste collected per capita (kg)
Western Europe,2019.0,12.38113,EN_EWT_COLLPCAP,E-waste collected per capita (kg)
Western Europe,2020.0,12.51216,EN_EWT_COLLPCAP,E-waste collected per capita (kg)
Western Europe,2021.0,12.55993,EN_EWT_COLLPCAP,E-waste collected per capita (kg)
Western Europe,2022.0,12.66496,EN_EWT_COLLPCAP,E-waste collected per capita (kg)
World,2010.0,1.13957,EN_EWT_COLLPCAP,E-waste collected per capita (kg)
World,2011.0,1.14649,EN_EWT_COLLPCAP,E-waste collected per capita (kg)
World,2012.0,1.12809,EN_EWT_COLLPCAP,E-waste collected per capita (kg)
World,2013.0,1.3528,EN_EWT_COLLPCAP,E-waste collected per capita (kg)
World,2014.0,1.22772,EN_EWT_COLLPCAP,E-waste collected per capita (kg)
World,2015.0,1.45588,EN_EWT_COLLPCAP,E-waste collected per capita (kg)
World,2016.0,1.54862,EN_EWT_COLLPCAP,E-waste collected per capita (kg)
World,2017.0,1.56245,EN_EWT_COLLPCAP,E-waste collected per capita (kg)
World,2018.0,1.60211,EN_EWT_COLLPCAP,E-waste collected per capita (kg)
World,2019.0,1.66197,EN_EWT_COLLPCAP,E-waste collected per capita (kg)
World,2020.0,1.6949,EN_EWT_COLLPCAP,E-waste collected per capita (kg)
World,2021.0,1.71068,EN_EWT_COLLPCAP,E-waste collected per capita (kg)
World,2022.0,1.72827,EN_EWT_COLLPCAP,E-waste collected per capita (kg)
Zimbabwe,2017.0,0.00203,EN_EWT_COLLPCAP,E-waste collected per capita (kg)
Africa,2010.0,0.11314,EN_EWT_COLLR,E-waste collection rate (%)
Africa,2011.0,0.11057,EN_EWT_COLLR,E-waste collection rate (%)
Africa,2012.0,0.00401,EN_EWT_COLLR,E-waste collection rate (%)
Africa,2013.0,0.00394,EN_EWT_COLLR,E-waste collection rate (%)
Africa,2014.0,0.00389,EN_EWT_COLLR,E-waste collection rate (%)
Africa,2015.0,0.00397,EN_EWT_COLLR,E-waste collection rate (%)
Africa,2016.0,0.00458,EN_EWT_COLLR,E-waste collection rate (%)
Africa,2017.0,0.00416,EN_EWT_COLLR,E-waste collection rate (%)
Africa,2018.0,0.03679,EN_EWT_COLLR,E-waste collection rate (%)
Africa,2019.0,0.05581,EN_EWT_COLLR,E-waste collection rate (%)
Africa,2020.0,0.06314,EN_EWT_COLLR,E-waste collection rate (%)
Africa,2021.0,0.06559,EN_EWT_COLLR,E-waste collection rate (%)
Africa,2022.0,0.06814,EN_EWT_COLLR,E-waste collection rate (%)
Americas,2010.0,34.72312,EN_EWT_COLLR,E-waste collection rate (%)
Americas,2011.0,34.76413,EN_EWT_COLLR,E-waste collection rate (%)
Americas,2012.0,34.8133,EN_EWT_COLLR,E-waste collection rate (%)
Americas,2013.0,35.3267,EN_EWT_COLLR,E-waste collection rate (%)
Americas,2014.0,26.67385,EN_EWT_COLLR,E-waste collection rate (%)
Americas,2015.0,35.20614,EN_EWT_COLLR,E-waste collection rate (%)
Americas,2016.0,33.15304,EN_EWT_COLLR,E-waste collection rate (%)
Americas,2017.0,32.15757,EN_EWT_COLLR,E-waste collection rate (%)
Americas,2018.0,31.64618,EN_EWT_COLLR,E-waste collection rate (%)
Americas,2019.0,30.56243,EN_EWT_COLLR,E-waste collection rate (%)
Americas,2020.0,30.3458,EN_EWT_COLLR,E-waste collection rate (%)
Americas,2021.0,30.17662,EN_EWT_COLLR,E-waste collection rate (%)
Americas,2022.0,29.99407,EN_EWT_COLLR,E-waste collection rate (%)
Asia,2010.0,7.76527,EN_EWT_COLLR,E-waste collection rate (%)
Asia,2011.0,6.42352,EN_EWT_COLLR,E-waste collection rate (%)
Asia,2012.0,4.65405,EN_EWT_COLLR,E-waste collection rate (%)
Asia,2013.0,12.40648,EN_EWT_COLLR,E-waste collection rate (%)
Asia,2014.0,11.27714,EN_EWT_COLLR,E-waste collection rate (%)
Asia,2015.0,11.64348,EN_EWT_COLLR,E-waste collection rate (%)
Asia,2016.0,11.90082,EN_EWT_COLLR,E-waste collection rate (%)
Asia,2017.0,11.84861,EN_EWT_COLLR,E-waste collection rate (%)
Asia,2018.0,11.94029,EN_EWT_COLLR,E-waste collection rate (%)
Asia,2019.0,11.98828,EN_EWT_COLLR,E-waste collection rate (%)
Asia,2020.0,12.16353,EN_EWT_COLLR,E-waste collection rate (%)
Asia,2021.0,12.05797,EN_EWT_COLLR,E-waste collection rate (%)
Asia,2022.0,11.83563,EN_EWT_COLLR,E-waste collection rate (%)
Australia,2019.0,54.33415,EN_EWT_COLLR,E-waste collection rate (%)
Australia and New Zealand,2012.0,8.28539,EN_EWT_COLLR,E-waste collection rate (%)
Australia and New Zealand,2013.0,7.83643,EN_EWT_COLLR,E-waste collection rate (%)
Australia and New Zealand,2014.0,7.8497,EN_EWT_COLLR,E-waste collection rate (%)
Australia and New Zealand,2015.0,9.10637,EN_EWT_COLLR,E-waste collection rate (%)
Australia and New Zealand,2016.0,9.11589,EN_EWT_COLLR,E-waste collection rate (%)
Australia and New Zealand,2017.0,9.12219,EN_EWT_COLLR,E-waste collection rate (%)
Australia and New Zealand,2018.0,9.12406,EN_EWT_COLLR,E-waste collection rate (%)
Australia and New Zealand,2019.0,42.86992,EN_EWT_COLLR,E-waste collection rate (%)
Australia and New Zealand,2020.0,42.7598,EN_EWT_COLLR,E-waste collection rate (%)
Australia and New Zealand,2021.0,42.79606,EN_EWT_COLLR,E-waste collection rate (%)
Australia and New Zealand,2022.0,42.75978,EN_EWT_COLLR,E-waste collection rate (%)
Bangladesh,2019.0,94.45761,EN_EWT_COLLR,E-waste collection rate (%)
Bangladesh,2020.0,96.0858,EN_EWT_COLLR,E-waste collection rate (%)
Bangladesh,2021.0,96.55635,EN_EWT_COLLR,E-waste collection rate (%)
Belarus,2022.0,26.8179,EN_EWT_COLLR,E-waste collection rate (%)
Belarus,2023.0,28.00543,EN_EWT_COLLR,E-waste collection rate (%)
Canada,2010.0,70.74613,EN_EWT_COLLR,E-waste collection rate (%)
Canada,2012.0,67.30211,EN_EWT_COLLR,E-waste collection rate (%)
Canada,2014.0,66.10521,EN_EWT_COLLR,E-waste collection rate (%)
Canada,2016.0,62.08028,EN_EWT_COLLR,E-waste collection rate (%)
Canada,2018.0,23.18088,EN_EWT_COLLR,E-waste collection rate (%)
Canada,2020.0,21.04035,EN_EWT_COLLR,E-waste collection rate (%)
Canada,2022.0,20.58056,EN_EWT_COLLR,E-waste collection rate (%)
Caribbean,2015.0,0.01558,EN_EWT_COLLR,E-waste collection rate (%)
Caribbean,2016.0,0.04247,EN_EWT_COLLR,E-waste collection rate (%)
Caribbean,2017.0,0.04142,EN_EWT_COLLR,E-waste collection rate (%)
Caribbean,2018.0,0.04111,EN_EWT_COLLR,E-waste collection rate (%)
Caribbean,2019.0,0.04085,EN_EWT_COLLR,E-waste collection rate (%)
Caribbean,2020.0,0.04066,EN_EWT_COLLR,E-waste collection rate (%)
Caribbean,2021.0,0.04054,EN_EWT_COLLR,E-waste collection rate (%)
Caribbean,2022.0,0.04044,EN_EWT_COLLR,E-waste collection rate (%)
Central America,2010.0,3.2653,EN_EWT_COLLR,E-waste collection rate (%)
Central America,2011.0,3.15645,EN_EWT_COLLR,E-waste collection rate (%)
Central America,2012.0,3.1134,EN_EWT_COLLR,E-waste collection rate (%)
Central America,2013.0,3.0125,EN_EWT_COLLR,E-waste collection rate (%)
Central America,2014.0,2.95974,EN_EWT_COLLR,E-waste collection rate (%)
Central America,2015.0,2.94781,EN_EWT_COLLR,E-waste collection rate (%)
Central America,2016.0,2.94569,EN_EWT_COLLR,E-waste collection rate (%)
Central America,2017.0,2.94667,EN_EWT_COLLR,E-waste collection rate (%)
Central America,2018.0,2.94777,EN_EWT_COLLR,E-waste collection rate (%)
Central America,2019.0,3.2726,EN_EWT_COLLR,E-waste collection rate (%)
Central America,2020.0,3.25655,EN_EWT_COLLR,E-waste collection rate (%)
Central America,2021.0,3.33702,EN_EWT_COLLR,E-waste collection rate (%)
Central America,2022.0,3.32971,EN_EWT_COLLR,E-waste collection rate (%)
Central and Southern Asia,2015.0,0.00477,EN_EWT_COLLR,E-waste collection rate (%)
Central and Southern Asia,2016.0,0.82811,EN_EWT_COLLR,E-waste collection rate (%)
Central and Southern Asia,2017.0,1.08626,EN_EWT_COLLR,E-waste collection rate (%)
Central and Southern Asia,2018.0,1.09232,EN_EWT_COLLR,E-waste collection rate (%)
Central and Southern Asia,2019.0,1.09788,EN_EWT_COLLR,E-waste collection rate (%)
Central and Southern Asia,2020.0,1.10376,EN_EWT_COLLR,E-waste collection rate (%)
Central and Southern Asia,2021.0,1.10928,EN_EWT_COLLR,E-waste collection rate (%)
Central and Southern Asia,2022.0,1.11417,EN_EWT_COLLR,E-waste collection rate (%)
Central Asia,2015.0,0.06357,EN_EWT_COLLR,E-waste collection rate (%)
Central Asia,2016.0,0.39941,EN_EWT_COLLR,E-waste collection rate (%)
Central Asia,2017.0,3.62151,EN_EWT_COLLR,E-waste collection rate (%)
Central Asia,2018.0,3.53275,EN_EWT_COLLR,E-waste collection rate (%)
Central Asia,2019.0,3.44515,EN_EWT_COLLR,E-waste collection rate (%)
Central Asia,2020.0,3.36775,EN_EWT_COLLR,E-waste collection rate (%)
Central Asia,2021.0,3.29713,EN_EWT_COLLR,E-waste collection rate (%)
Central Asia,2022.0,3.22058,EN_EWT_COLLR,E-waste collection rate (%)
Colombia,2021.0,2.26497,EN_EWT_COLLR,E-waste collection rate (%)
Costa Rica,2019.0,7.62231,EN_EWT_COLLR,E-waste collection rate (%)
Costa Rica,2020.0,7.41197,EN_EWT_COLLR,E-waste collection rate (%)
Costa Rica,2021.0,8.16265,EN_EWT_COLLR,E-waste collection rate (%)
Costa Rica,2022.0,8.47396,EN_EWT_COLLR,E-waste collection rate (%)
Costa Rica,2023.0,8.55556,EN_EWT_COLLR,E-waste collection rate (%)
Cyprus,2019.0,29.5,EN_EWT_COLLR,E-waste collection rate (%)
Cyprus,2020.0,34.4,EN_EWT_COLLR,E-waste collection rate (%)
Cyprus,2021.0,23.5,EN_EWT_COLLR,E-waste collection rate (%)
Cyprus,2022.0,27.2,EN_EWT_COLLR,E-waste collection rate (%)
Cyprus,2023.0,24.4,EN_EWT_COLLR,E-waste collection rate (%)
Denmark,2021.0,54.6,EN_EWT_COLLR,E-waste collection rate (%)
Denmark,2022.0,49.2,EN_EWT_COLLR,E-waste collection rate (%)
Denmark,2023.0,59.4,EN_EWT_COLLR,E-waste collection rate (%)
Eastern Africa,2010.0,1.2022,EN_EWT_COLLR,E-waste collection rate (%)
Eastern Africa,2011.0,1.15378,EN_EWT_COLLR,E-waste collection rate (%)
Eastern Africa,2012.0,0.04111,EN_EWT_COLLR,E-waste collection rate (%)
Eastern Africa,2013.0,0.03967,EN_EWT_COLLR,E-waste collection rate (%)
Eastern Africa,2014.0,0.03831,EN_EWT_COLLR,E-waste collection rate (%)
Eastern Africa,2015.0,0.03707,EN_EWT_COLLR,E-waste collection rate (%)
Eastern Africa,2016.0,0.0358,EN_EWT_COLLR,E-waste collection rate (%)
Eastern Africa,2017.0,0.03464,EN_EWT_COLLR,E-waste collection rate (%)
Eastern Africa,2018.0,0.30225,EN_EWT_COLLR,E-waste collection rate (%)
Eastern Africa,2019.0,0.47047,EN_EWT_COLLR,E-waste collection rate (%)
Eastern Africa,2020.0,0.52272,EN_EWT_COLLR,E-waste collection rate (%)
Eastern Africa,2021.0,0.53092,EN_EWT_COLLR,E-waste collection rate (%)
Eastern Africa,2022.0,0.53917,EN_EWT_COLLR,E-waste collection rate (%)
Eastern and South-Eastern Asia,2010.0,10.56919,EN_EWT_COLLR,E-waste collection rate (%)
Eastern and South-Eastern Asia,2011.0,8.74175,EN_EWT_COLLR,E-waste collection rate (%)
Eastern and South-Eastern Asia,2012.0,6.33469,EN_EWT_COLLR,E-waste collection rate (%)
Eastern and South-Eastern Asia,2013.0,16.94997,EN_EWT_COLLR,E-waste collection rate (%)
Eastern and South-Eastern Asia,2014.0,15.36476,EN_EWT_COLLR,E-waste collection rate (%)
Eastern and South-Eastern Asia,2015.0,15.02903,EN_EWT_COLLR,E-waste collection rate (%)
Eastern and South-Eastern Asia,2016.0,15.2509,EN_EWT_COLLR,E-waste collection rate (%)
Eastern and South-Eastern Asia,2017.0,15.17292,EN_EWT_COLLR,E-waste collection rate (%)
Eastern and South-Eastern Asia,2018.0,15.38283,EN_EWT_COLLR,E-waste collection rate (%)
Eastern and South-Eastern Asia,2019.0,15.48062,EN_EWT_COLLR,E-waste collection rate (%)
Eastern and South-Eastern Asia,2020.0,15.79739,EN_EWT_COLLR,E-waste collection rate (%)
Eastern and South-Eastern Asia,2021.0,15.69459,EN_EWT_COLLR,E-waste collection rate (%)
Eastern and South-Eastern Asia,2022.0,15.61544,EN_EWT_COLLR,E-waste collection rate (%)
Eastern Asia,2010.0,13.38606,EN_EWT_COLLR,E-waste collection rate (%)
Eastern Asia,2011.0,11.05683,EN_EWT_COLLR,E-waste collection rate (%)
Eastern Asia,2012.0,8.00249,EN_EWT_COLLR,E-waste collection rate (%)
Eastern Asia,2013.0,21.39067,EN_EWT_COLLR,E-waste collection rate (%)
Eastern Asia,2014.0,19.3787,EN_EWT_COLLR,E-waste collection rate (%)
Eastern Asia,2015.0,18.95668,EN_EWT_COLLR,E-waste collection rate (%)
Eastern Asia,2016.0,19.24468,EN_EWT_COLLR,E-waste collection rate (%)
Eastern Asia,2017.0,19.16172,EN_EWT_COLLR,E-waste collection rate (%)
Eastern Asia,2018.0,19.44347,EN_EWT_COLLR,E-waste collection rate (%)
Eastern Asia,2019.0,19.57843,EN_EWT_COLLR,E-waste collection rate (%)
Eastern Asia,2020.0,19.9907,EN_EWT_COLLR,E-waste collection rate (%)
Eastern Asia,2021.0,19.87638,EN_EWT_COLLR,E-waste collection rate (%)
Eastern Asia,2022.0,19.79668,EN_EWT_COLLR,E-waste collection rate (%)
Eastern Europe,2010.0,16.29898,EN_EWT_COLLR,E-waste collection rate (%)
Eastern Europe,2011.0,15.52053,EN_EWT_COLLR,E-waste collection rate (%)
Eastern Europe,2012.0,15.70691,EN_EWT_COLLR,E-waste collection rate (%)
Eastern Europe,2013.0,15.57763,EN_EWT_COLLR,E-waste collection rate (%)
Eastern Europe,2014.0,18.22856,EN_EWT_COLLR,E-waste collection rate (%)
Eastern Europe,2015.0,20.35633,EN_EWT_COLLR,E-waste collection rate (%)
Eastern Europe,2016.0,22.7593,EN_EWT_COLLR,E-waste collection rate (%)
Eastern Europe,2017.0,22.65367,EN_EWT_COLLR,E-waste collection rate (%)
Eastern Europe,2018.0,22.07823,EN_EWT_COLLR,E-waste collection rate (%)
Eastern Europe,2019.0,28.47706,EN_EWT_COLLR,E-waste collection rate (%)
Eastern Europe,2020.0,28.57236,EN_EWT_COLLR,E-waste collection rate (%)
Eastern Europe,2021.0,27.29288,EN_EWT_COLLR,E-waste collection rate (%)
Eastern Europe,2022.0,27.31794,EN_EWT_COLLR,E-waste collection rate (%)
Ecuador,2013.0,546.02455,EN_EWT_COLLR,E-waste collection rate (%)
Ecuador,2014.0,382.81096,EN_EWT_COLLR,E-waste collection rate (%)
Ecuador,2015.0,295.73878,EN_EWT_COLLR,E-waste collection rate (%)
Estonia,2021.0,69.4,EN_EWT_COLLR,E-waste collection rate (%)
Estonia,2022.0,57.2,EN_EWT_COLLR,E-waste collection rate (%)
Estonia,2023.0,67.5,EN_EWT_COLLR,E-waste collection rate (%)
Europe,2010.0,38.81858,EN_EWT_COLLR,E-waste collection rate (%)
Europe,2011.0,37.57247,EN_EWT_COLLR,E-waste collection rate (%)
Europe,2012.0,35.40791,EN_EWT_COLLR,E-waste collection rate (%)
Europe,2013.0,34.90789,EN_EWT_COLLR,E-waste collection rate (%)
Europe,2014.0,34.29448,EN_EWT_COLLR,E-waste collection rate (%)
Europe,2015.0,37.20166,EN_EWT_COLLR,E-waste collection rate (%)
Europe,2016.0,42.28019,EN_EWT_COLLR,E-waste collection rate (%)
Europe,2017.0,41.95672,EN_EWT_COLLR,E-waste collection rate (%)
Europe,2018.0,42.53176,EN_EWT_COLLR,E-waste collection rate (%)
Europe,2019.0,43.38008,EN_EWT_COLLR,E-waste collection rate (%)
Europe,2020.0,43.32973,EN_EWT_COLLR,E-waste collection rate (%)
Europe,2021.0,42.82768,EN_EWT_COLLR,E-waste collection rate (%)
Europe,2022.0,42.77261,EN_EWT_COLLR,E-waste collection rate (%)
Europe and Northern America,2010.0,44.69838,EN_EWT_COLLR,E-waste collection rate (%)
Europe and Northern America,2011.0,44.18488,EN_EWT_COLLR,E-waste collection rate (%)
Europe and Northern America,2012.0,43.04755,EN_EWT_COLLR,E-waste collection rate (%)
Europe and Northern America,2013.0,43.04916,EN_EWT_COLLR,E-waste collection rate (%)
Europe and Northern America,2014.0,37.52296,EN_EWT_COLLR,E-waste collection rate (%)
Europe and Northern America,2015.0,44.92335,EN_EWT_COLLR,E-waste collection rate (%)
Europe and Northern America,2016.0,47.04962,EN_EWT_COLLR,E-waste collection rate (%)
Europe and Northern America,2017.0,46.42555,EN_EWT_COLLR,E-waste collection rate (%)
Europe and Northern America,2018.0,46.66969,EN_EWT_COLLR,E-waste collection rate (%)
Europe and Northern America,2019.0,46.63405,EN_EWT_COLLR,E-waste collection rate (%)
Europe and Northern America,2020.0,46.63353,EN_EWT_COLLR,E-waste collection rate (%)
Europe and Northern America,2021.0,46.33979,EN_EWT_COLLR,E-waste collection rate (%)
Europe and Northern America,2022.0,46.31344,EN_EWT_COLLR,E-waste collection rate (%)
Finland,2021.0,70,EN_EWT_COLLR,E-waste collection rate (%)
Finland,2022.0,66.4,EN_EWT_COLLR,E-waste collection rate (%)
Finland,2023.0,61.1,EN_EWT_COLLR,E-waste collection rate (%)
Honduras,2019.0,34.81481,EN_EWT_COLLR,E-waste collection rate (%)
Honduras,2020.0,3.76106,EN_EWT_COLLR,E-waste collection rate (%)
Honduras,2021.0,10.32934,EN_EWT_COLLR,E-waste collection rate (%)
Honduras,2022.0,14.38596,EN_EWT_COLLR,E-waste collection rate (%)
Honduras,2023.0,15.49296,EN_EWT_COLLR,E-waste collection rate (%)
Hungary,2019.0,81.4,EN_EWT_COLLR,E-waste collection rate (%)
Hungary,2020.0,83.2,EN_EWT_COLLR,E-waste collection rate (%)
Hungary,2021.0,62.1,EN_EWT_COLLR,E-waste collection rate (%)
Hungary,2022.0,67.7,EN_EWT_COLLR,E-waste collection rate (%)
Hungary,2023.0,51.4,EN_EWT_COLLR,E-waste collection rate (%)
Iceland,2020.0,100,EN_EWT_COLLR,E-waste collection rate (%)
Iran (Islamic Republic of),2018.0,100,EN_EWT_COLLR,E-waste collection rate (%)
Iran (Islamic Republic of),2019.0,100,EN_EWT_COLLR,E-waste collection rate (%)
Iran (Islamic Republic of),2020.0,100,EN_EWT_COLLR,E-waste collection rate (%)
Iran (Islamic Republic of),2021.0,100,EN_EWT_COLLR,E-waste collection rate (%)
Iran (Islamic Republic of),2022.0,100,EN_EWT_COLLR,E-waste collection rate (%)
Iran (Islamic Republic of),2023.0,100,EN_EWT_COLLR,E-waste collection rate (%)
Israel,2021.0,63.37535,EN_EWT_COLLR,E-waste collection rate (%)
Israel,2022.0,50.36276,EN_EWT_COLLR,E-waste collection rate (%)
Israel,2023.0,54.15134,EN_EWT_COLLR,E-waste collection rate (%)
Japan,2010.0,39.11941,EN_EWT_COLLR,E-waste collection rate (%)
Japan,2011.0,29.12458,EN_EWT_COLLR,E-waste collection rate (%)
Japan,2012.0,19.70997,EN_EWT_COLLR,E-waste collection rate (%)
Japan,2013.0,21.06885,EN_EWT_COLLR,E-waste collection rate (%)
Japan,2014.0,19.41234,EN_EWT_COLLR,E-waste collection rate (%)
Japan,2015.0,18.00901,EN_EWT_COLLR,E-waste collection rate (%)
Japan,2016.0,18.29936,EN_EWT_COLLR,E-waste collection rate (%)
Japan,2017.0,19.218,EN_EWT_COLLR,E-waste collection rate (%)
Japan,2018.0,22.0736,EN_EWT_COLLR,E-waste collection rate (%)
Japan,2019.0,23.47254,EN_EWT_COLLR,E-waste collection rate (%)
Japan,2020.0,24.51523,EN_EWT_COLLR,E-waste collection rate (%)
Japan,2021.0,23.69135,EN_EWT_COLLR,E-waste collection rate (%)
Japan,2022.0,22.89527,EN_EWT_COLLR,E-waste collection rate (%)
Kazakhstan,2016.0,0.64493,EN_EWT_COLLR,E-waste collection rate (%)
Kazakhstan,2017.0,6.29799,EN_EWT_COLLR,E-waste collection rate (%)
Kazakhstan,2018.0,2.03562,EN_EWT_COLLR,E-waste collection rate (%)
Kazakhstan,2019.0,0.59567,EN_EWT_COLLR,E-waste collection rate (%)
Landlocked developing countries (LLDCs),2014.0,0.00162,EN_EWT_COLLR,E-waste collection rate (%)
Landlocked developing countries (LLDCs),2015.0,0.06284,EN_EWT_COLLR,E-waste collection rate (%)
Landlocked developing countries (LLDCs),2016.0,0.31545,EN_EWT_COLLR,E-waste collection rate (%)
Landlocked developing countries (LLDCs),2017.0,1.42598,EN_EWT_COLLR,E-waste collection rate (%)
Landlocked developing countries (LLDCs),2018.0,1.87484,EN_EWT_COLLR,E-waste collection rate (%)
Landlocked developing countries (LLDCs),2019.0,1.88529,EN_EWT_COLLR,E-waste collection rate (%)
Landlocked developing countries (LLDCs),2020.0,1.99946,EN_EWT_COLLR,E-waste collection rate (%)
Landlocked developing countries (LLDCs),2021.0,1.91769,EN_EWT_COLLR,E-waste collection rate (%)
Landlocked developing countries (LLDCs),2022.0,1.8875,EN_EWT_COLLR,E-waste collection rate (%)
Latin America and the Caribbean,2010.0,0.91004,EN_EWT_COLLR,E-waste collection rate (%)
Latin America and the Caribbean,2011.0,0.87408,EN_EWT_COLLR,E-waste collection rate (%)
Latin America and the Caribbean,2012.0,1.19703,EN_EWT_COLLR,E-waste collection rate (%)
Latin America and the Caribbean,2013.0,2.33241,EN_EWT_COLLR,E-waste collection rate (%)
Latin America and the Caribbean,2014.0,2.24459,EN_EWT_COLLR,E-waste collection rate (%)
Latin America and the Caribbean,2015.0,2.42113,EN_EWT_COLLR,E-waste collection rate (%)
Latin America and the Caribbean,2016.0,2.28564,EN_EWT_COLLR,E-waste collection rate (%)
Latin America and the Caribbean,2017.0,2.40765,EN_EWT_COLLR,E-waste collection rate (%)
Latin America and the Caribbean,2018.0,2.50493,EN_EWT_COLLR,E-waste collection rate (%)
Latin America and the Caribbean,2019.0,2.70121,EN_EWT_COLLR,E-waste collection rate (%)
Latin America and the Caribbean,2020.0,2.67586,EN_EWT_COLLR,E-waste collection rate (%)
Latin America and the Caribbean,2021.0,2.72953,EN_EWT_COLLR,E-waste collection rate (%)
Latin America and the Caribbean,2022.0,2.73036,EN_EWT_COLLR,E-waste collection rate (%)
Least Developed Countries (LDCs),2018.0,0.08106,EN_EWT_COLLR,E-waste collection rate (%)
Least Developed Countries (LDCs),2019.0,0.13227,EN_EWT_COLLR,E-waste collection rate (%)
Least Developed Countries (LDCs),2020.0,0.14839,EN_EWT_COLLR,E-waste collection rate (%)
Least Developed Countries (LDCs),2021.0,0.15124,EN_EWT_COLLR,E-waste collection rate (%)
Least Developed Countries (LDCs),2022.0,0.15419,EN_EWT_COLLR,E-waste collection rate (%)
Luxembourg,2019.0,68.5,EN_EWT_COLLR,E-waste collection rate (%)
Luxembourg,2020.0,71,EN_EWT_COLLR,E-waste collection rate (%)
Luxembourg,2021.0,74.1,EN_EWT_COLLR,E-waste collection rate (%)
Luxembourg,2022.0,62.5,EN_EWT_COLLR,E-waste collection rate (%)
Luxembourg,2023.0,61.2,EN_EWT_COLLR,E-waste collection rate (%)
Middle Africa,2018.0,0.0186,EN_EWT_COLLR,E-waste collection rate (%)
Middle Africa,2019.0,0.01932,EN_EWT_COLLR,E-waste collection rate (%)
Middle Africa,2020.0,0.02026,EN_EWT_COLLR,E-waste collection rate (%)
Middle Africa,2021.0,0.02113,EN_EWT_COLLR,E-waste collection rate (%)
Middle Africa,2022.0,0.02202,EN_EWT_COLLR,E-waste collection rate (%)
Mongolia,2020.0,100,EN_EWT_COLLR,E-waste collection rate (%)
Mongolia,2021.0,100,EN_EWT_COLLR,E-waste collection rate (%)
Mongolia,2022.0,100,EN_EWT_COLLR,E-waste collection rate (%)
Mongolia,2023.0,100,EN_EWT_COLLR,E-waste collection rate (%)
Netherlands (Kingdom of the),2022.0,53.4,EN_EWT_COLLR,E-waste collection rate (%)
Netherlands (Kingdom of the),2023.0,57.9,EN_EWT_COLLR,E-waste collection rate (%)
Niger,2012.0,100,EN_EWT_COLLR,E-waste collection rate (%)
Niger,2013.0,100,EN_EWT_COLLR,E-waste collection rate (%)
Niger,2014.0,100,EN_EWT_COLLR,E-waste collection rate (%)
Niger,2015.0,100,EN_EWT_COLLR,E-waste collection rate (%)
Niger,2016.0,100,EN_EWT_COLLR,E-waste collection rate (%)
Niger,2017.0,100,EN_EWT_COLLR,E-waste collection rate (%)
Niger,2018.0,100,EN_EWT_COLLR,E-waste collection rate (%)
Niger,2019.0,100,EN_EWT_COLLR,E-waste collection rate (%)
Northern Africa and Western Asia,2010.0,0.11538,EN_EWT_COLLR,E-waste collection rate (%)
Northern Africa and Western Asia,2011.0,0.11114,EN_EWT_COLLR,E-waste collection rate (%)
Northern Africa and Western Asia,2012.0,0.09504,EN_EWT_COLLR,E-waste collection rate (%)
Northern Africa and Western Asia,2013.0,0.08047,EN_EWT_COLLR,E-waste collection rate (%)
Northern Africa and Western Asia,2014.0,0.51366,EN_EWT_COLLR,E-waste collection rate (%)
Northern Africa and Western Asia,2015.0,4.67162,EN_EWT_COLLR,E-waste collection rate (%)
Northern Africa and Western Asia,2016.0,4.9053,EN_EWT_COLLR,E-waste collection rate (%)
Northern Africa and Western Asia,2017.0,5.18126,EN_EWT_COLLR,E-waste collection rate (%)
Northern Africa and Western Asia,2018.0,5.35536,EN_EWT_COLLR,E-waste collection rate (%)
Northern Africa and Western Asia,2019.0,5.80779,EN_EWT_COLLR,E-waste collection rate (%)
Northern Africa and Western Asia,2020.0,6.13136,EN_EWT_COLLR,E-waste collection rate (%)
Northern Africa and Western Asia,2021.0,6.54211,EN_EWT_COLLR,E-waste collection rate (%)
Northern Africa and Western Asia,2022.0,6.08181,EN_EWT_COLLR,E-waste collection rate (%)
Northern America,2010.0,54.75316,EN_EWT_COLLR,E-waste collection rate (%)
Northern America,2011.0,55.36477,EN_EWT_COLLR,E-waste collection rate (%)
Northern America,2012.0,55.82045,EN_EWT_COLLR,E-waste collection rate (%)
Northern America,2013.0,56.52204,EN_EWT_COLLR,E-waste collection rate (%)
Northern America,2014.0,42.82848,EN_EWT_COLLR,E-waste collection rate (%)
Northern America,2015.0,57.55452,EN_EWT_COLLR,E-waste collection rate (%)
Northern America,2016.0,54.82776,EN_EWT_COLLR,E-waste collection rate (%)
Northern America,2017.0,53.72053,EN_EWT_COLLR,E-waste collection rate (%)
Northern America,2018.0,53.44774,EN_EWT_COLLR,E-waste collection rate (%)
Northern America,2019.0,51.97706,EN_EWT_COLLR,E-waste collection rate (%)
Northern America,2020.0,52.06398,EN_EWT_COLLR,E-waste collection rate (%)
Northern America,2021.0,52.11351,EN_EWT_COLLR,E-waste collection rate (%)
Northern America,2022.0,52.12798,EN_EWT_COLLR,E-waste collection rate (%)
Northern Europe,2010.0,51.54809,EN_EWT_COLLR,E-waste collection rate (%)
Northern Europe,2011.0,52.69481,EN_EWT_COLLR,E-waste collection rate (%)
Northern Europe,2012.0,49.73386,EN_EWT_COLLR,E-waste collection rate (%)
Northern Europe,2013.0,48.21514,EN_EWT_COLLR,E-waste collection rate (%)
Northern Europe,2014.0,47.68974,EN_EWT_COLLR,E-waste collection rate (%)
Northern Europe,2015.0,52.64585,EN_EWT_COLLR,E-waste collection rate (%)
Northern Europe,2016.0,65.75869,EN_EWT_COLLR,E-waste collection rate (%)
Northern Europe,2017.0,58.97336,EN_EWT_COLLR,E-waste collection rate (%)
Northern Europe,2018.0,55.83877,EN_EWT_COLLR,E-waste collection rate (%)
Northern Europe,2019.0,42.96236,EN_EWT_COLLR,E-waste collection rate (%)
Northern Europe,2020.0,41.38654,EN_EWT_COLLR,E-waste collection rate (%)
Northern Europe,2021.0,42.3701,EN_EWT_COLLR,E-waste collection rate (%)
Northern Europe,2022.0,42.41857,EN_EWT_COLLR,E-waste collection rate (%)
Oceania,2012.0,8.07485,EN_EWT_COLLR,E-waste collection rate (%)
Oceania,2013.0,7.63438,EN_EWT_COLLR,E-waste collection rate (%)
Oceania,2014.0,7.64331,EN_EWT_COLLR,E-waste collection rate (%)
Oceania,2015.0,8.8618,EN_EWT_COLLR,E-waste collection rate (%)
Oceania,2016.0,8.86451,EN_EWT_COLLR,E-waste collection rate (%)
Oceania,2017.0,8.86343,EN_EWT_COLLR,E-waste collection rate (%)
Oceania,2018.0,8.85692,EN_EWT_COLLR,E-waste collection rate (%)
Oceania,2019.0,41.57096,EN_EWT_COLLR,E-waste collection rate (%)
Oceania,2020.0,41.42389,EN_EWT_COLLR,E-waste collection rate (%)
Oceania,2021.0,41.42363,EN_EWT_COLLR,E-waste collection rate (%)
Oceania,2022.0,41.35431,EN_EWT_COLLR,E-waste collection rate (%)
Oman,2023.0,100,EN_EWT_COLLR,E-waste collection rate (%)
Oman,2024.0,100,EN_EWT_COLLR,E-waste collection rate (%)
Poland,2021.0,103.6,EN_EWT_COLLR,E-waste collection rate (%)
Poland,2022.0,100.8,EN_EWT_COLLR,E-waste collection rate (%)
Poland,2023.0,104.5,EN_EWT_COLLR,E-waste collection rate (%)
Republic of Moldova,2021.0,100,EN_EWT_COLLR,E-waste collection rate (%)
Senegal,2014.0,1.39034,EN_EWT_COLLR,E-waste collection rate (%)
Senegal,2015.0,2.04242,EN_EWT_COLLR,E-waste collection rate (%)
Senegal,2016.0,0.68583,EN_EWT_COLLR,E-waste collection rate (%)
Senegal,2017.0,0.23741,EN_EWT_COLLR,E-waste collection rate (%)
Small island developing States (SIDS),2010.0,0.71589,EN_EWT_COLLR,E-waste collection rate (%)
Small island developing States (SIDS),2011.0,0.72294,EN_EWT_COLLR,E-waste collection rate (%)
Small island developing States (SIDS),2012.0,0.02699,EN_EWT_COLLR,E-waste collection rate (%)
Small island developing States (SIDS),2013.0,0.02721,EN_EWT_COLLR,E-waste collection rate (%)
Small island developing States (SIDS),2014.0,0.0275,EN_EWT_COLLR,E-waste collection rate (%)
Small island developing States (SIDS),2015.0,0.03651,EN_EWT_COLLR,E-waste collection rate (%)
Small island developing States (SIDS),2016.0,0.05182,EN_EWT_COLLR,E-waste collection rate (%)
Small island developing States (SIDS),2017.0,0.05145,EN_EWT_COLLR,E-waste collection rate (%)
Small island developing States (SIDS),2018.0,0.05155,EN_EWT_COLLR,E-waste collection rate (%)
Small island developing States (SIDS),2019.0,0.0517,EN_EWT_COLLR,E-waste collection rate (%)
Small island developing States (SIDS),2020.0,0.05189,EN_EWT_COLLR,E-waste collection rate (%)
Small island developing States (SIDS),2021.0,0.05212,EN_EWT_COLLR,E-waste collection rate (%)
Small island developing States (SIDS),2022.0,0.05234,EN_EWT_COLLR,E-waste collection rate (%)
South America,2012.0,0.49794,EN_EWT_COLLR,E-waste collection rate (%)
South America,2013.0,2.20253,EN_EWT_COLLR,E-waste collection rate (%)
South America,2014.0,2.09461,EN_EWT_COLLR,E-waste collection rate (%)
South America,2015.0,2.35363,EN_EWT_COLLR,E-waste collection rate (%)
South America,2016.0,2.15391,EN_EWT_COLLR,E-waste collection rate (%)
South America,2017.0,2.32804,EN_EWT_COLLR,E-waste collection rate (%)
South America,2018.0,2.46617,EN_EWT_COLLR,E-waste collection rate (%)
South America,2019.0,2.61953,EN_EWT_COLLR,E-waste collection rate (%)
South America,2020.0,2.58646,EN_EWT_COLLR,E-waste collection rate (%)
South America,2021.0,2.62949,EN_EWT_COLLR,E-waste collection rate (%)
South America,2022.0,2.63147,EN_EWT_COLLR,E-waste collection rate (%)
Southern Africa,2015.0,0.00072,EN_EWT_COLLR,E-waste collection rate (%)
Southern Africa,2016.0,0.00446,EN_EWT_COLLR,E-waste collection rate (%)
Southern Africa,2017.0,0.00235,EN_EWT_COLLR,E-waste collection rate (%)
Southern Africa,2018.0,0.00972,EN_EWT_COLLR,E-waste collection rate (%)
Southern Africa,2019.0,0.00526,EN_EWT_COLLR,E-waste collection rate (%)
Southern Africa,2020.0,0.00528,EN_EWT_COLLR,E-waste collection rate (%)
Southern Africa,2021.0,0.00532,EN_EWT_COLLR,E-waste collection rate (%)
Southern Africa,2022.0,0.00536,EN_EWT_COLLR,E-waste collection rate (%)
Southern Asia,2016.0,0.86185,EN_EWT_COLLR,E-waste collection rate (%)
Southern Asia,2017.0,0.89263,EN_EWT_COLLR,E-waste collection rate (%)
Southern Asia,2018.0,0.91239,EN_EWT_COLLR,E-waste collection rate (%)
Southern Asia,2019.0,0.93118,EN_EWT_COLLR,E-waste collection rate (%)
Southern Asia,2020.0,0.94829,EN_EWT_COLLR,E-waste collection rate (%)
Southern Asia,2021.0,0.96341,EN_EWT_COLLR,E-waste collection rate (%)
Southern Asia,2022.0,0.97828,EN_EWT_COLLR,E-waste collection rate (%)
Southern Europe,2010.0,35.93676,EN_EWT_COLLR,E-waste collection rate (%)
Southern Europe,2011.0,34.16566,EN_EWT_COLLR,E-waste collection rate (%)
Southern Europe,2012.0,30.70232,EN_EWT_COLLR,E-waste collection rate (%)
Southern Europe,2013.0,30.04447,EN_EWT_COLLR,E-waste collection rate (%)
Southern Europe,2014.0,24.60861,EN_EWT_COLLR,E-waste collection rate (%)
Southern Europe,2015.0,28.43236,EN_EWT_COLLR,E-waste collection rate (%)
Southern Europe,2016.0,31.73161,EN_EWT_COLLR,E-waste collection rate (%)
Southern Europe,2017.0,33.44857,EN_EWT_COLLR,E-waste collection rate (%)
Southern Europe,2018.0,36.57745,EN_EWT_COLLR,E-waste collection rate (%)
Southern Europe,2019.0,39.10199,EN_EWT_COLLR,E-waste collection rate (%)
Southern Europe,2020.0,40.39556,EN_EWT_COLLR,E-waste collection rate (%)
Southern Europe,2021.0,39.61253,EN_EWT_COLLR,E-waste collection rate (%)
Southern Europe,2022.0,39.60086,EN_EWT_COLLR,E-waste collection rate (%)
Spain,2021.0,61.1,EN_EWT_COLLR,E-waste collection rate (%)
Spain,2022.0,61.6,EN_EWT_COLLR,E-waste collection rate (%)
Spain,2023.0,55.7,EN_EWT_COLLR,E-waste collection rate (%)
Sub-Saharan Africa,2010.0,0.21156,EN_EWT_COLLR,E-waste collection rate (%)
Sub-Saharan Africa,2011.0,0.20433,EN_EWT_COLLR,E-waste collection rate (%)
Sub-Saharan Africa,2012.0,0.00732,EN_EWT_COLLR,E-waste collection rate (%)
Sub-Saharan Africa,2013.0,0.00711,EN_EWT_COLLR,E-waste collection rate (%)
Sub-Saharan Africa,2014.0,0.00694,EN_EWT_COLLR,E-waste collection rate (%)
Sub-Saharan Africa,2015.0,0.00702,EN_EWT_COLLR,E-waste collection rate (%)
Sub-Saharan Africa,2016.0,0.00805,EN_EWT_COLLR,E-waste collection rate (%)
Sub-Saharan Africa,2017.0,0.00725,EN_EWT_COLLR,E-waste collection rate (%)
Sub-Saharan Africa,2018.0,0.06389,EN_EWT_COLLR,E-waste collection rate (%)
Sub-Saharan Africa,2019.0,0.09663,EN_EWT_COLLR,E-waste collection rate (%)
Sub-Saharan Africa,2020.0,0.109,EN_EWT_COLLR,E-waste collection rate (%)
Sub-Saharan Africa,2021.0,0.11294,EN_EWT_COLLR,E-waste collection rate (%)
Sub-Saharan Africa,2022.0,0.11705,EN_EWT_COLLR,E-waste collection rate (%)
Ukraine,2010.0,433.33333,EN_EWT_COLLR,E-waste collection rate (%)
Ukraine,2011.0,668.33333,EN_EWT_COLLR,E-waste collection rate (%)
Ukraine,2012.0,533.89831,EN_EWT_COLLR,E-waste collection rate (%)
Ukraine,2013.0,509.7561,EN_EWT_COLLR,E-waste collection rate (%)
Ukraine,2014.0,470.3125,EN_EWT_COLLR,E-waste collection rate (%)
Ukraine,2015.0,518.05556,EN_EWT_COLLR,E-waste collection rate (%)
Ukraine,2016.0,1147.5,EN_EWT_COLLR,E-waste collection rate (%)
Ukraine,2017.0,975.60976,EN_EWT_COLLR,E-waste collection rate (%)
Ukraine,2018.0,573.68421,EN_EWT_COLLR,E-waste collection rate (%)
Ukraine,2019.0,653.33333,EN_EWT_COLLR,E-waste collection rate (%)
Western Asia,2010.0,0.17412,EN_EWT_COLLR,E-waste collection rate (%)
Western Asia,2011.0,0.16801,EN_EWT_COLLR,E-waste collection rate (%)
Western Asia,2012.0,0.14364,EN_EWT_COLLR,E-waste collection rate (%)
Western Asia,2013.0,0.1214,EN_EWT_COLLR,E-waste collection rate (%)
Western Asia,2014.0,0.77341,EN_EWT_COLLR,E-waste collection rate (%)
Western Asia,2015.0,7.02488,EN_EWT_COLLR,E-waste collection rate (%)
Western Asia,2016.0,7.36854,EN_EWT_COLLR,E-waste collection rate (%)
Western Asia,2017.0,7.78007,EN_EWT_COLLR,E-waste collection rate (%)
Western Asia,2018.0,8.04688,EN_EWT_COLLR,E-waste collection rate (%)
Western Asia,2019.0,8.7309,EN_EWT_COLLR,E-waste collection rate (%)
Western Asia,2020.0,9.21607,EN_EWT_COLLR,E-waste collection rate (%)
Western Asia,2021.0,9.82952,EN_EWT_COLLR,E-waste collection rate (%)
Western Asia,2022.0,9.13405,EN_EWT_COLLR,E-waste collection rate (%)
Western Europe,2010.0,48.4332,EN_EWT_COLLR,E-waste collection rate (%)
Western Europe,2011.0,46.38798,EN_EWT_COLLR,E-waste collection rate (%)
Western Europe,2012.0,44.37909,EN_EWT_COLLR,E-waste collection rate (%)
Western Europe,2013.0,44.64568,EN_EWT_COLLR,E-waste collection rate (%)
Western Europe,2014.0,45.20099,EN_EWT_COLLR,E-waste collection rate (%)
Western Europe,2015.0,47.09621,EN_EWT_COLLR,E-waste collection rate (%)
Western Europe,2016.0,51.04761,EN_EWT_COLLR,E-waste collection rate (%)
Western Europe,2017.0,52.99329,EN_EWT_COLLR,E-waste collection rate (%)
Western Europe,2018.0,55.17526,EN_EWT_COLLR,E-waste collection rate (%)
Western Europe,2019.0,58.59317,EN_EWT_COLLR,E-waste collection rate (%)
Western Europe,2020.0,58.67431,EN_EWT_COLLR,E-waste collection rate (%)
Western Europe,2021.0,58.37991,EN_EWT_COLLR,E-waste collection rate (%)
Western Europe,2022.0,58.39033,EN_EWT_COLLR,E-waste collection rate (%)
World,2010.0,23.30576,EN_EWT_COLLR,E-waste collection rate (%)
World,2011.0,22.10493,EN_EWT_COLLR,E-waste collection rate (%)
World,2012.0,20.59492,EN_EWT_COLLR,E-waste collection rate (%)
World,2013.0,23.51723,EN_EWT_COLLR,E-waste collection rate (%)
World,2014.0,20.45365,EN_EWT_COLLR,E-waste collection rate (%)
World,2015.0,23.34538,EN_EWT_COLLR,E-waste collection rate (%)
World,2016.0,23.95613,EN_EWT_COLLR,E-waste collection rate (%)
World,2017.0,23.36231,EN_EWT_COLLR,E-waste collection rate (%)
World,2018.0,23.16736,EN_EWT_COLLR,E-waste collection rate (%)
World,2019.0,23.26944,EN_EWT_COLLR,E-waste collection rate (%)
World,2020.0,23.05686,EN_EWT_COLLR,E-waste collection rate (%)
World,2021.0,22.64333,EN_EWT_COLLR,E-waste collection rate (%)
World,2022.0,22.26381,EN_EWT_COLLR,E-waste collection rate (%)
Zimbabwe,2017.0,0.75,EN_EWT_COLLR,E-waste collection rate (%)
