Entity,Code,Year,"Water productivity, total (constant 2015 US$ GDP per cubic meter of total freshwater withdrawal)"
Afghanistan,AFG,2000,0.3060126
Afghanistan,AFG,2001,0.27714956
Afghanistan,AFG,2002,0.35641435
Afghanistan,AFG,2003,0.38789386
Afghanistan,AFG,2004,0.39337912
Afghanistan,AFG,2005,0.43755448
Afghanistan,AFG,2006,0.46099606
Afghanistan,AFG,2007,0.52473485
Afghanistan,AFG,2008,0.5453306
Afghanistan,AFG,2009,0.6619797
Afghanistan,AFG,2010,0.7570561
Afghanistan,AFG,2011,0.7602839
Afghanistan,AFG,2012,0.85723746
Afghanistan,AFG,2013,0.9052491
Afghanistan,AFG,2014,0.92991304
Afghanistan,AFG,2015,0.943409
Afghanistan,AFG,2016,0.964733
Afghanistan,AFG,2017,0.99026954
Afghanistan,AFG,2018,1.0020461
Afghanistan,AFG,2019,1.0412421
Afghanistan,AFG,2020,1.0167615
Afghanistan,AFG,2021,0.805897
Afghanistan,AFG,2022,0.7556076
Albania,ALB,1990,4.6090493
Albania,ALB,1991,3.3413048
Albania,ALB,1992,3.1226995
Albania,ALB,1993,3.4451382
Albania,ALB,1994,3.7574623
Albania,ALB,1995,4.2882457
Albania,ALB,1996,4.1201205
Albania,ALB,1997,3.2923079
Albania,ALB,1998,3.2567656
Albania,ALB,1999,3.3641033
Albania,ALB,2000,3.3480668
Albania,ALB,2001,3.826691
Albania,ALB,2002,4.2140684
Albania,ALB,2003,4.6848435
Albania,ALB,2004,5.220938
Albania,ALB,2005,5.8309703
Albania,ALB,2006,6.807115
Albania,ALB,2007,7.3929787
Albania,ALB,2008,8.063103
Albania,ALB,2009,8.450584
Albania,ALB,2010,8.884811
Albania,ALB,2011,9.29923
Albania,ALB,2012,9.596879
Albania,ALB,2013,9.979783
Albania,ALB,2014,10.437607
Albania,ALB,2015,12.467578
Albania,ALB,2016,10.914408
Albania,ALB,2017,11.283079
Albania,ALB,2018,13.32128
Albania,ALB,2019,11.516364
Albania,ALB,2020,16.022125
Albania,ALB,2021,17.239904
Albania,ALB,2022,18.049366
Algeria,DZA,1970,19.47806
Algeria,DZA,1971,16.448439
Algeria,DZA,1972,20.00656
Algeria,DZA,1973,19.866426
Algeria,DZA,1974,20.46559
Algeria,DZA,1975,20.638222
Algeria,DZA,1976,21.50875
Algeria,DZA,1977,21.801294
Algeria,DZA,1978,22.959883
Algeria,DZA,1979,23.82586
Algeria,DZA,1980,23.213753
Algeria,DZA,1981,23.13887
Algeria,DZA,1982,23.850391
Algeria,DZA,1983,24.376545
Algeria,DZA,1984,24.984524
Algeria,DZA,1985,25.168695
Algeria,DZA,1986,23.903458
Algeria,DZA,1987,22.518898
Algeria,DZA,1988,21.20621
Algeria,DZA,1989,21.109549
Algeria,DZA,1990,20.626066
Algeria,DZA,1991,19.843071
Algeria,DZA,1992,19.68304
Algeria,DZA,1993,18.788635
Algeria,DZA,1994,18.166027
Algeria,DZA,1995,18.407978
Algeria,DZA,1996,18.717646
Algeria,DZA,1997,18.49401
Algeria,DZA,1998,19.00581
Algeria,DZA,1999,19.188128
Algeria,DZA,2000,19.494013
Algeria,DZA,2001,19.47695
Algeria,DZA,2002,19.725576
Algeria,DZA,2003,20.411173
Algeria,DZA,2004,20.740692
Algeria,DZA,2005,21.273262
Algeria,DZA,2006,21.317362
Algeria,DZA,2007,21.417736
Algeria,DZA,2008,21.407276
Algeria,DZA,2009,21.138517
Algeria,DZA,2010,21.62839
Algeria,DZA,2011,21.761734
Algeria,DZA,2012,21.80794
Algeria,DZA,2013,21.323359
Algeria,DZA,2014,21.201193
Algeria,DZA,2015,20.939676
Algeria,DZA,2016,21.105755
Algeria,DZA,2017,20.172232
Algeria,DZA,2018,19.89512
Algeria,DZA,2019,19.539684
Algeria,DZA,2020,18.08127
Algeria,DZA,2021,19.96486
Algeria,DZA,2022,20.080692
Angola,AGO,1987,63.207504
Angola,AGO,1988,65.4003
Angola,AGO,1989,63.827934
Angola,AGO,1990,60.15512
Angola,AGO,1991,59.335445
Angola,AGO,1992,54.59866
Angola,AGO,1993,40.579727
Angola,AGO,1994,40.22736
Angola,AGO,1995,45.275135
Angola,AGO,1996,50.334206
Angola,AGO,1997,52.89151
Angola,AGO,1998,54.26312
Angola,AGO,1999,54.35759
Angola,AGO,2000,54.938725
Angola,AGO,2001,56.105263
Angola,AGO,2002,62.522854
Angola,AGO,2003,63.45977
Angola,AGO,2004,69.37359
Angola,AGO,2005,77.72768
Angola,AGO,2006,86.932045
Angola,AGO,2007,98.23555
Angola,AGO,2008,108.83186
Angola,AGO,2009,111.0037
Angola,AGO,2010,116.87987
Angola,AGO,2011,121.080376
Angola,AGO,2012,131.37599
Angola,AGO,2013,137.79115
Angola,AGO,2014,144.20633
Angola,AGO,2015,145.30688
Angola,AGO,2016,142.83589
Angola,AGO,2017,142.6225
Angola,AGO,2018,141.77473
Angola,AGO,2019,141.48456
Angola,AGO,2020,135.76512
Angola,AGO,2021,138.61992
Angola,AGO,2022,144.46414
Antigua and Barbuda,ATG,1990,488.44705
Antigua and Barbuda,ATG,1991,440.36447
Antigua and Barbuda,ATG,1992,398.57526
Antigua and Barbuda,ATG,1993,379.65576
Antigua and Barbuda,ATG,1994,369.7854
Antigua and Barbuda,ATG,1995,325.37057
Antigua and Barbuda,ATG,1996,321.16766
Antigua and Barbuda,ATG,1997,315.37817
Antigua and Barbuda,ATG,1998,308.99002
Antigua and Barbuda,ATG,1999,301.02554
Antigua and Barbuda,ATG,2000,301.43124
Antigua and Barbuda,ATG,2001,272.1693
Antigua and Barbuda,ATG,2002,260.86435
Antigua and Barbuda,ATG,2003,263.21774
Antigua and Barbuda,ATG,2004,265.4491
Antigua and Barbuda,ATG,2005,270.07193
Antigua and Barbuda,ATG,2006,310.48096
Antigua and Barbuda,ATG,2007,346.3294
Antigua and Barbuda,ATG,2008,353.4951
Antigua and Barbuda,ATG,2009,317.8283
Antigua and Barbuda,ATG,2010,299.27655
Antigua and Barbuda,ATG,2011,299.9348
Antigua and Barbuda,ATG,2012,317.09866
Antigua and Barbuda,ATG,2013,315.19296
Antigua and Barbuda,ATG,2014,322.12183
Antigua and Barbuda,ATG,2015,326.70117
Antigua and Barbuda,ATG,2016,340.16248
Antigua and Barbuda,ATG,2017,349.39014
Antigua and Barbuda,ATG,2018,372.84122
Antigua and Barbuda,ATG,2019,384.66858
Antigua and Barbuda,ATG,2020,312.08633
Antigua and Barbuda,ATG,2021,337.5927
Antigua and Barbuda,ATG,2022,368.34
Argentina,ARG,1976,9.12714
Argentina,ARG,1977,9.7418375
Argentina,ARG,1978,9.28555
Argentina,ARG,1979,10.215783
Argentina,ARG,1980,10.351715
Argentina,ARG,1981,9.796324
Argentina,ARG,1982,9.706298
Argentina,ARG,1983,10.109763
Argentina,ARG,1984,10.249559
Argentina,ARG,1985,9.699962
Argentina,ARG,1986,10.277826
Argentina,ARG,1987,10.53665
Argentina,ARG,1988,10.402772
Argentina,ARG,1989,9.640478
Argentina,ARG,1990,9.3857355
Argentina,ARG,1991,10.224271
Argentina,ARG,1992,11.01579
Argentina,ARG,1993,11.898279
Argentina,ARG,1994,12.569935
Argentina,ARG,1995,12.190269
Argentina,ARG,1996,12.705066
Argentina,ARG,1997,13.567961
Argentina,ARG,1998,13.920477
Argentina,ARG,1999,13.288992
Argentina,ARG,2000,13.0289345
Argentina,ARG,2001,12.187379
Argentina,ARG,2002,10.631595
Argentina,ARG,2003,11.3331375
Argentina,ARG,2004,12.107466
Argentina,ARG,2005,12.918839
Argentina,ARG,2006,13.688047
Argentina,ARG,2007,14.637474
Argentina,ARG,2008,14.947308
Argentina,ARG,2009,13.805199
Argentina,ARG,2010,14.9297085
Argentina,ARG,2011,15.545882
Argentina,ARG,2012,15.386316
Argentina,ARG,2013,15.756407
Argentina,ARG,2014,15.360509
Argentina,ARG,2015,15.780028
Argentina,ARG,2016,15.451753
Argentina,ARG,2017,15.88726
Argentina,ARG,2018,15.471428
Argentina,ARG,2019,15.161866
Argentina,ARG,2020,13.660768
Argentina,ARG,2021,15.087199
Argentina,ARG,2022,15.995562
Armenia,ARM,1993,0.8558474
Armenia,ARM,1994,0.96707946
Armenia,ARM,1995,1.2184311
Armenia,ARM,1996,1.4337853
Armenia,ARM,1997,1.8233261
Armenia,ARM,1998,1.8151423
Armenia,ARM,1999,1.9017465
Armenia,ARM,2000,2.1162078
Armenia,ARM,2001,2.514212
Armenia,ARM,2002,2.8345916
Armenia,ARM,2003,2.8340466
Armenia,ARM,2004,2.472267
Armenia,ARM,2005,2.5435684
Armenia,ARM,2006,2.822283
Armenia,ARM,2007,3.0118396
Armenia,ARM,2008,3.3754284
Armenia,ARM,2009,3.3807807
Armenia,ARM,2010,4.0025897
Armenia,ARM,2011,3.6561294
Armenia,ARM,2012,3.24904
Armenia,ARM,2013,3.340357
Armenia,ARM,2014,3.5755603
Armenia,ARM,2015,3.2263336
Armenia,ARM,2016,3.3242517
Armenia,ARM,2017,3.960811
Armenia,ARM,2018,4.406278
Armenia,ARM,2019,4.4912724
Armenia,ARM,2020,4.219447
Armenia,ARM,2021,4.258044
Armenia,ARM,2022,4.630681
Australia,AUS,1993,35.408035
Australia,AUS,1994,32.352142
Australia,AUS,1995,35.744152
Australia,AUS,1996,33.255863
Australia,AUS,1997,34.924446
Australia,AUS,1998,36.735374
Australia,AUS,1999,38.77084
Australia,AUS,2000,40.39508
Australia,AUS,2001,41.4554
Australia,AUS,2002,44.541103
Australia,AUS,2003,47.514915
Australia,AUS,2004,51.30377
Australia,AUS,2005,54.900764
Australia,AUS,2006,60.203117
Australia,AUS,2007,66.97263
Australia,AUS,2008,74.77032
Australia,AUS,2009,82.626114
Australia,AUS,2010,89.913536
Australia,AUS,2011,91.788055
Australia,AUS,2012,79.46318
Australia,AUS,2013,67.59935
Australia,AUS,2014,71.93099
Australia,AUS,2015,147.15898
Australia,AUS,2016,131.24301
Australia,AUS,2017,118.269356
Australia,AUS,2018,118.99094
Australia,AUS,2019,141.9837
Australia,AUS,2020,178.6809
Australia,AUS,2021,138.10097
Australia,AUS,2022,137.03595
Austria,AUT,1980,57.365437
Austria,AUT,1981,56.481102
Austria,AUT,1982,56.821968
Austria,AUT,1983,57.714874
Austria,AUT,1984,56.969
Austria,AUT,1985,57.6187
Austria,AUT,1986,58.202755
Austria,AUT,1987,58.259315
Austria,AUT,1988,59.440556
Austria,AUT,1989,61.00204
Austria,AUT,1990,62.89014
Austria,AUT,1991,66.302216
Austria,AUT,1992,69.01383
Austria,AUT,1993,70.76101
Austria,AUT,1994,73.93527
Austria,AUT,1995,77.48459
Austria,AUT,1996,77.02284
Austria,AUT,1997,76.5694
Austria,AUT,1998,78.983635
Austria,AUT,1999,81.686676
Austria,AUT,2000,84.98757
Austria,AUT,2001,86.79913
Austria,AUT,2002,88.82634
Austria,AUT,2003,90.11432
Austria,AUT,2004,92.7087
Austria,AUT,2005,95.15093
Austria,AUT,2006,98.564156
Austria,AUT,2007,102.600945
Austria,AUT,2008,104.4144
Austria,AUT,2009,100.982544
Austria,AUT,2010,103.129654
Austria,AUT,2011,107.34488
Austria,AUT,2012,109.25036
Austria,AUT,2013,110.23276
Austria,AUT,2014,112.36123
Austria,AUT,2015,115.169075
Austria,AUT,2016,119.01185
Austria,AUT,2017,123.18711
Austria,AUT,2018,127.791794
Austria,AUT,2019,131.64499
Austria,AUT,2020,123.327324
Austria,AUT,2021,129.39883
Austria,AUT,2022,136.29704
Azerbaijan,AZE,1992,0.9756499
Azerbaijan,AZE,1993,0.74402934
Azerbaijan,AZE,1994,0.66706955
Azerbaijan,AZE,1995,0.61627805
Azerbaijan,AZE,1996,0.64808846
Azerbaijan,AZE,1997,0.7371116
Azerbaijan,AZE,1998,0.9916834
Azerbaijan,AZE,1999,0.91084313
Azerbaijan,AZE,2000,1.1019999
Azerbaijan,AZE,2001,1.3413247
Azerbaijan,AZE,2002,1.4685233
Azerbaijan,AZE,2003,1.5262647
Azerbaijan,AZE,2004,1.5694665
Azerbaijan,AZE,2005,1.9019408
Azerbaijan,AZE,2006,2.485023
Azerbaijan,AZE,2007,3.133011
Azerbaijan,AZE,2008,3.6316233
Azerbaijan,AZE,2009,4.11094
Azerbaijan,AZE,2010,4.374563
Azerbaijan,AZE,2011,4.1814885
Azerbaijan,AZE,2012,4.031285
Azerbaijan,AZE,2013,4.26009
Azerbaijan,AZE,2014,4.531139
Azerbaijan,AZE,2015,4.5406995
Azerbaijan,AZE,2016,4.3315535
Azerbaijan,AZE,2017,4.2515864
Azerbaijan,AZE,2018,4.2987075
Azerbaijan,AZE,2019,4.257297
Azerbaijan,AZE,2020,4.207852
Azerbaijan,AZE,2021,4.182088
Azerbaijan,AZE,2022,4.359379
Bahrain,BHR,1990,48.45758
Bahrain,BHR,1991,52.98344
Bahrain,BHR,1992,53.943855
Bahrain,BHR,1993,58.058193
Bahrain,BHR,1994,55.342335
Bahrain,BHR,1995,55.07266
Bahrain,BHR,1996,54.99857
Bahrain,BHR,1997,54.4786
Bahrain,BHR,1998,54.936134
Bahrain,BHR,1999,55.21693
Bahrain,BHR,2000,56.105347
Bahrain,BHR,2001,60.968433
Bahrain,BHR,2002,67.05095
Bahrain,BHR,2003,76.41212
Bahrain,BHR,2004,83.64505
Bahrain,BHR,2005,91.430534
Bahrain,BHR,2006,99.71438
Bahrain,BHR,2007,110.680534
Bahrain,BHR,2008,120.60346
Bahrain,BHR,2009,126.916306
Bahrain,BHR,2010,135.99074
Bahrain,BHR,2011,142.45729
Bahrain,BHR,2012,152.0933
Bahrain,BHR,2013,164.84546
Bahrain,BHR,2014,177.15025
Bahrain,BHR,2015,204.42047
Bahrain,BHR,2016,217.6922
Bahrain,BHR,2017,228.4763
Bahrain,BHR,2018,233.16599
Bahrain,BHR,2019,237.9526
Bahrain,BHR,2020,223.88635
Bahrain,BHR,2021,233.6255
Bahrain,BHR,2022,248.06393
Bangladesh,BGD,2008,3.6106272
Bangladesh,BGD,2009,3.7927878
Bangladesh,BGD,2010,4.0041137
Bangladesh,BGD,2011,4.262955
Bangladesh,BGD,2012,4.5409617
Bangladesh,BGD,2013,4.8140373
Bangladesh,BGD,2014,5.105819
Bangladesh,BGD,2015,5.440385
Bangladesh,BGD,2016,5.8273854
Bangladesh,BGD,2017,6.211425
Bangladesh,BGD,2018,6.6660647
Bangladesh,BGD,2019,7.1914783
Bangladesh,BGD,2020,7.4394417
Bangladesh,BGD,2021,7.955641
Bangladesh,BGD,2022,8.520477
Barbados,BRB,1962,74.21964
Barbados,BRB,1963,67.09567
Barbados,BRB,1964,67.25129
Barbados,BRB,1965,71.68305
Barbados,BRB,1966,71.44642
Barbados,BRB,1967,75.883736
Barbados,BRB,1968,78.01565
Barbados,BRB,1969,80.77447
Barbados,BRB,1970,85.29651
Barbados,BRB,1971,85.57758
Barbados,BRB,1972,83.77875
Barbados,BRB,1973,82.1632
Barbados,BRB,1974,75.89373
Barbados,BRB,1975,72.19564
Barbados,BRB,1976,73.12753
Barbados,BRB,1977,73.625534
Barbados,BRB,1978,75.07131
Barbados,BRB,1979,78.807594
Barbados,BRB,1980,80.089325
Barbados,BRB,1981,76.55327
Barbados,BRB,1982,70.98141
Barbados,BRB,1983,69.59727
Barbados,BRB,1984,70.38629
Barbados,BRB,1985,69.50443
Barbados,BRB,1986,71.391785
Barbados,BRB,1987,71.61393
Barbados,BRB,1988,72.51288
Barbados,BRB,1989,73.52497
Barbados,BRB,1990,69.61196
Barbados,BRB,1991,65.531906
Barbados,BRB,1992,60.56546
Barbados,BRB,1993,59.84881
Barbados,BRB,1994,59.87816
Barbados,BRB,1995,59.931572
Barbados,BRB,1996,61.16076
Barbados,BRB,1997,64.059845
Barbados,BRB,1998,66.448296
Barbados,BRB,1999,66.67067
Barbados,BRB,2000,69.635635
Barbados,BRB,2001,67.988434
Barbados,BRB,2002,68.52377
Barbados,BRB,2003,70.014496
Barbados,BRB,2004,71.002815
Barbados,BRB,2005,85.410225
Barbados,BRB,2006,90.59509
Barbados,BRB,2007,92.47873
Barbados,BRB,2008,93.064545
Barbados,BRB,2009,88.39524
Barbados,BRB,2010,86.43489
Barbados,BRB,2011,86.166664
Barbados,BRB,2012,83.22501
Barbados,BRB,2013,81.75095
Barbados,BRB,2014,82.36623
Barbados,BRB,2015,81.402145
Barbados,BRB,2016,82.62033
Barbados,BRB,2017,83.205605
Barbados,BRB,2018,82.143875
Barbados,BRB,2019,82.33093
Barbados,BRB,2020,70.504326
Barbados,BRB,2021,70.4361
Barbados,BRB,2022,82.56975
Belarus,BLR,1995,9.70659
Belarus,BLR,1996,10.1246195
Belarus,BLR,1997,11.446589
Belarus,BLR,1998,12.5954485
Belarus,BLR,1999,13.223349
Belarus,BLR,2000,14.208117
Belarus,BLR,2001,15.094781
Belarus,BLR,2002,16.089144
Belarus,BLR,2003,17.478943
Belarus,BLR,2004,19.774881
Belarus,BLR,2005,21.965961
Belarus,BLR,2006,24.618563
Belarus,BLR,2007,27.250036
Belarus,BLR,2008,30.6185
Belarus,BLR,2009,31.293486
Belarus,BLR,2010,34.40705
Belarus,BLR,2011,36.58448
Belarus,BLR,2012,37.485756
Belarus,BLR,2013,38.143543
Belarus,BLR,2014,37.366543
Belarus,BLR,2015,38.988102
Belarus,BLR,2016,37.924515
Belarus,BLR,2017,40.30135
Belarus,BLR,2018,41.86959
Belarus,BLR,2019,43.476105
Belarus,BLR,2020,44.159153
Belarus,BLR,2021,42.156902
Belarus,BLR,2022,40.505745
Belgium,BEL,1980,26.783836
Belgium,BEL,1981,26.863602
Belgium,BEL,1982,27.180735
Belgium,BEL,1983,27.425133
Belgium,BEL,1984,28.267042
Belgium,BEL,1985,28.904182
Belgium,BEL,1986,29.606434
Belgium,BEL,1987,30.470947
Belgium,BEL,1988,32.10262
Belgium,BEL,1989,33.417873
Belgium,BEL,1990,34.676746
Belgium,BEL,1991,35.529305
Belgium,BEL,1992,36.29609
Belgium,BEL,1993,36.17052
Belgium,BEL,1994,37.571392
Belgium,BEL,1995,38.70962
Belgium,BEL,1996,40.60166
Belgium,BEL,1997,43.679398
Belgium,BEL,1998,44.836388
Belgium,BEL,1999,46.739735
Belgium,BEL,2000,48.8242
Belgium,BEL,2001,52.119576
Belgium,BEL,2002,56.146927
Belgium,BEL,2003,57.728455
Belgium,BEL,2004,60.861553
Belgium,BEL,2005,63.410984
Belgium,BEL,2006,65.91452
Belgium,BEL,2007,69.28109
Belgium,BEL,2008,70.562645
Belgium,BEL,2009,70.68202
Belgium,BEL,2010,73.19528
Belgium,BEL,2011,87.39594
Belgium,BEL,2012,83.98201
Belgium,BEL,2013,92.45484
Belgium,BEL,2014,99.72497
Belgium,BEL,2015,115.43434
Belgium,BEL,2016,111.26708
Belgium,BEL,2017,107.790924
Belgium,BEL,2018,115.525085
Belgium,BEL,2019,117.67081
Belgium,BEL,2020,110.77447
Belgium,BEL,2021,116.24136
Belgium,BEL,2022,120.84015
Belize,BLZ,1987,27.250708
Belize,BLZ,1988,25.915375
Belize,BLZ,1989,25.831215
Belize,BLZ,1990,25.725546
Belize,BLZ,1991,26.010345
Belize,BLZ,1992,26.767551
Belize,BLZ,1993,26.133003
Belize,BLZ,1994,20.88644
Belize,BLZ,1995,17.523876
Belize,BLZ,1996,15.41959
Belize,BLZ,1997,14.227267
Belize,BLZ,1998,13.258889
Belize,BLZ,1999,13.153659
Belize,BLZ,2000,13.502974
Belize,BLZ,2001,14.177254
Belize,BLZ,2002,14.942694
Belize,BLZ,2003,16.386938
Belize,BLZ,2004,17.170343
Belize,BLZ,2005,17.551386
Belize,BLZ,2006,18.343208
Belize,BLZ,2007,18.955761
Belize,BLZ,2008,18.64726
Belize,BLZ,2009,18.563961
Belize,BLZ,2010,18.82709
Belize,BLZ,2011,18.8026
Belize,BLZ,2012,19.544155
Belize,BLZ,2013,20.338911
Belize,BLZ,2014,21.130554
Belize,BLZ,2015,21.713814
Belize,BLZ,2016,21.709743
Belize,BLZ,2017,21.311752
Belize,BLZ,2018,21.48695
Belize,BLZ,2019,22.40156
Belize,BLZ,2020,19.372221
Belize,BLZ,2021,22.857267
Belize,BLZ,2022,24.971682
Benin,BEN,1985,32.66243
Benin,BEN,1986,31.971376
Benin,BEN,1987,30.223684
Benin,BEN,1988,30.043089
Benin,BEN,1989,28.097952
Benin,BEN,1990,29.519943
Benin,BEN,1991,29.696047
Benin,BEN,1992,29.545567
Benin,BEN,1993,30.251942
Benin,BEN,1994,29.890114
Benin,BEN,1995,32.404133
Benin,BEN,1996,34.57672
Benin,BEN,1997,37.413254
Benin,BEN,1998,39.82511
Benin,BEN,1999,42.97992
Benin,BEN,2000,46.639954
Benin,BEN,2001,50.392624
Benin,BEN,2002,52.73237
Benin,BEN,2003,54.54825
Benin,BEN,2004,56.96456
Benin,BEN,2005,57.94046
Benin,BEN,2006,60.22548
Benin,BEN,2007,63.830788
Benin,BEN,2008,66.95631
Benin,BEN,2009,68.509224
Benin,BEN,2010,69.95755
Benin,BEN,2011,72.03092
Benin,BEN,2012,75.49649
Benin,BEN,2013,80.925766
Benin,BEN,2014,86.07077
Benin,BEN,2015,87.60124
Benin,BEN,2016,90.52683
Benin,BEN,2017,95.66112
Benin,BEN,2018,102.06779
Benin,BEN,2019,109.07544
Benin,BEN,2020,113.27353
Benin,BEN,2021,121.37876
Benin,BEN,2022,128.9685
Bhutan,BTN,2008,4.0985255
Bhutan,BTN,2009,4.4127793
Bhutan,BTN,2010,4.9393067
Bhutan,BTN,2011,5.3586173
Bhutan,BTN,2012,5.6353803
Bhutan,BTN,2013,5.7332296
Bhutan,BTN,2014,6.070406
Bhutan,BTN,2015,6.4747434
Bhutan,BTN,2016,7.023539
Bhutan,BTN,2017,7.1701093
Bhutan,BTN,2018,7.4211974
Bhutan,BTN,2019,7.8482985
Bhutan,BTN,2020,7.046328
Bhutan,BTN,2021,7.357872
Bhutan,BTN,2022,7.741502
Bolivia,BOL,1987,8.640544
Bolivia,BOL,1988,8.485251
Bolivia,BOL,1989,8.421674
Bolivia,BOL,1990,8.442825
Bolivia,BOL,1991,8.530029
Bolivia,BOL,1992,8.335246
Bolivia,BOL,1993,8.367583
Bolivia,BOL,1994,8.443807
Bolivia,BOL,1995,8.53261
Bolivia,BOL,1996,8.606572
Bolivia,BOL,1997,8.740293
Bolivia,BOL,1998,8.89178
Bolivia,BOL,1999,8.658021
Bolivia,BOL,2000,8.807192
Bolivia,BOL,2001,8.887437
Bolivia,BOL,2002,9.039651
Bolivia,BOL,2003,9.21525
Bolivia,BOL,2004,9.528509
Bolivia,BOL,2005,9.8764305
Bolivia,BOL,2006,10.274434
Bolivia,BOL,2007,10.665322
Bolivia,BOL,2008,11.243803
Bolivia,BOL,2009,11.621258
Bolivia,BOL,2010,12.033828
Bolivia,BOL,2011,12.590362
Bolivia,BOL,2012,13.162788
Bolivia,BOL,2013,13.980764
Bolivia,BOL,2014,14.664318
Bolivia,BOL,2015,15.293739
Bolivia,BOL,2016,15.860394
Bolivia,BOL,2017,16.437675
Bolivia,BOL,2018,16.81946
Bolivia,BOL,2019,16.982832
Bolivia,BOL,2020,88.81799
Bolivia,BOL,2021,99.837234
Bolivia,BOL,2022,103.57855
Bosnia and Herzegovina,BIH,2000,28.723917
Bosnia and Herzegovina,BIH,2001,29.278242
Bosnia and Herzegovina,BIH,2002,30.594595
Bosnia and Herzegovina,BIH,2003,31.617746
Bosnia and Herzegovina,BIH,2004,33.47573
Bosnia and Herzegovina,BIH,2005,34.807896
Bosnia and Herzegovina,BIH,2006,36.52842
Bosnia and Herzegovina,BIH,2007,37.755543
Bosnia and Herzegovina,BIH,2008,39.5765
Bosnia and Herzegovina,BIH,2009,34.994274
Bosnia and Herzegovina,BIH,2010,34.851334
Bosnia and Herzegovina,BIH,2011,36.165886
Bosnia and Herzegovina,BIH,2012,34.713192
Bosnia and Herzegovina,BIH,2013,35.683804
Bosnia and Herzegovina,BIH,2014,38.14364
Bosnia and Herzegovina,BIH,2015,39.197964
Bosnia and Herzegovina,BIH,2016,40.362774
Bosnia and Herzegovina,BIH,2017,43.615982
Bosnia and Herzegovina,BIH,2018,58.18966
Bosnia and Herzegovina,BIH,2019,61.142735
Bosnia and Herzegovina,BIH,2020,60.12982
Bosnia and Herzegovina,BIH,2021,63.578354
Bosnia and Herzegovina,BIH,2022,64.98406
Botswana,BWA,1985,33.580833
Botswana,BWA,1986,35.048065
Botswana,BWA,1987,37.88046
Botswana,BWA,1988,43.76168
Botswana,BWA,1989,47.902958
Botswana,BWA,1990,49.570618
Botswana,BWA,1991,51.66554
Botswana,BWA,1992,51.619827
Botswana,BWA,1993,48.279438
Botswana,BWA,1994,46.22672
Botswana,BWA,1995,45.98039
Botswana,BWA,1996,45.453236
Botswana,BWA,1997,46.192616
Botswana,BWA,1998,43.695305
Botswana,BWA,1999,45.282146
Botswana,BWA,2000,43.773125
Botswana,BWA,2001,43.817104
Botswana,BWA,2002,46.407112
Botswana,BWA,2003,48.481373
Botswana,BWA,2004,49.71897
Botswana,BWA,2005,51.907116
Botswana,BWA,2006,56.164967
Botswana,BWA,2007,59.330177
Botswana,BWA,2008,61.16887
Botswana,BWA,2009,52.439297
Botswana,BWA,2010,57.660698
Botswana,BWA,2011,61.512894
Botswana,BWA,2012,62.29227
Botswana,BWA,2013,70.38523
Botswana,BWA,2014,75.681946
Botswana,BWA,2015,72.01037
Botswana,BWA,2016,72.05942
Botswana,BWA,2017,78.25065
Botswana,BWA,2018,77.132195
Botswana,BWA,2019,80.25751
Botswana,BWA,2020,67.12811
Botswana,BWA,2021,70.88442
Botswana,BWA,2022,81.913895
Brazil,BRA,1987,26.544191
Brazil,BRA,1988,24.958841
Brazil,BRA,1989,24.309385
Brazil,BRA,1990,22.021873
Brazil,BRA,1991,21.13131
Brazil,BRA,1992,20.010927
Brazil,BRA,1993,20.037802
Brazil,BRA,1994,20.28449
Brazil,BRA,1995,20.256811
Brazil,BRA,1996,19.887363
Brazil,BRA,1997,20.4432
Brazil,BRA,1998,20.393984
Brazil,BRA,1999,20.371891
Brazil,BRA,2000,21.14452
Brazil,BRA,2001,21.316833
Brazil,BRA,2002,21.843864
Brazil,BRA,2003,21.969187
Brazil,BRA,2004,23.105051
Brazil,BRA,2005,23.712687
Brazil,BRA,2006,24.516237
Brazil,BRA,2007,24.253166
Brazil,BRA,2008,23.88375
Brazil,BRA,2009,22.439472
Brazil,BRA,2010,22.778294
Brazil,BRA,2011,24.48766
Brazil,BRA,2012,25.83522
Brazil,BRA,2013,27.580801
Brazil,BRA,2014,28.735863
Brazil,BRA,2015,28.221296
Brazil,BRA,2016,26.288237
Brazil,BRA,2017,26.891487
Brazil,BRA,2018,27.033634
Brazil,BRA,2019,26.98225
Brazil,BRA,2020,26.23818
Brazil,BRA,2021,27.393864
Brazil,BRA,2022,27.958569
Brunei,BRN,1991,152.72424
Brunei,BRN,1992,138.25612
Brunei,BRN,1993,128.9259
Brunei,BRN,1994,122.65763
Brunei,BRN,1995,124.31019
Brunei,BRN,1996,124.27624
Brunei,BRN,1997,132.16025
Brunei,BRN,1998,123.36213
Brunei,BRN,1999,128.61826
Brunei,BRN,2000,133.08731
Brunei,BRN,2001,135.03845
Brunei,BRN,2002,140.38792
Brunei,BRN,2003,145.41862
Brunei,BRN,2004,145.57065
Brunei,BRN,2005,145.56493
Brunei,BRN,2006,151.53078
Brunei,BRN,2007,145.82773
Brunei,BRN,2008,140.13942
Brunei,BRN,2009,137.47641
Brunei,BRN,2010,141.24513
Brunei,BRN,2011,146.53394
Brunei,BRN,2012,147.87198
Brunei,BRN,2013,144.73003
Brunei,BRN,2014,141.10036
Brunei,BRN,2015,140.5467
Brunei,BRN,2016,137.06407
Brunei,BRN,2017,138.88528
Brunei,BRN,2018,138.95802
Brunei,BRN,2019,144.33409
Brunei,BRN,2020,145.97021
Brunei,BRN,2021,143.64818
Brunei,BRN,2022,141.30911
Bulgaria,BGR,1980,2.1417913
Bulgaria,BGR,1981,2.2495983
Bulgaria,BGR,1982,2.3050463
Bulgaria,BGR,1983,2.3871543
Bulgaria,BGR,1984,2.471382
Bulgaria,BGR,1985,2.540942
Bulgaria,BGR,1986,2.7514462
Bulgaria,BGR,1987,3.0368428
Bulgaria,BGR,1988,3.5122185
Bulgaria,BGR,1989,3.5472288
Bulgaria,BGR,1990,5.060922
Bulgaria,BGR,1991,4.725916
Bulgaria,BGR,1992,4.4714026
Bulgaria,BGR,1993,4.49672
Bulgaria,BGR,1994,4.67559
Bulgaria,BGR,1995,4.9153132
Bulgaria,BGR,1996,5.285726
Bulgaria,BGR,1997,4.6424656
Bulgaria,BGR,1998,4.930059
Bulgaria,BGR,1999,4.6232896
Bulgaria,BGR,2000,4.9531393
Bulgaria,BGR,2001,5.406386
Bulgaria,BGR,2002,5.0676885
Bulgaria,BGR,2003,5.396469
Bulgaria,BGR,2004,5.81693
Bulgaria,BGR,2005,6.3032007
Bulgaria,BGR,2006,6.8149414
Bulgaria,BGR,2007,7.3591223
Bulgaria,BGR,2008,7.538883
Bulgaria,BGR,2009,7.6493077
Bulgaria,BGR,2010,7.9772177
Bulgaria,BGR,2011,7.6018753
Bulgaria,BGR,2012,8.557281
Bulgaria,BGR,2013,8.894664
Bulgaria,BGR,2014,9.132774
Bulgaria,BGR,2015,9.017998
Bulgaria,BGR,2016,9.193604
Bulgaria,BGR,2017,9.497808
Bulgaria,BGR,2018,10.136551
Bulgaria,BGR,2019,10.526884
Bulgaria,BGR,2020,11.126669
Bulgaria,BGR,2021,11.4383135
Bulgaria,BGR,2022,11.399265
Burkina Faso,BFA,1985,9.067931
Burkina Faso,BFA,1986,9.391631
Burkina Faso,BFA,1987,9.003665
Burkina Faso,BFA,1988,9.16759
Burkina Faso,BFA,1989,9.025608
Burkina Faso,BFA,1990,8.657684
Burkina Faso,BFA,1991,9.123583
Burkina Faso,BFA,1992,8.845662
Burkina Faso,BFA,1993,8.706242
Burkina Faso,BFA,1994,8.411189
Burkina Faso,BFA,1995,8.497472
Burkina Faso,BFA,1996,9.032673
Burkina Faso,BFA,1997,9.211891
Burkina Faso,BFA,1998,8.04819
Burkina Faso,BFA,1999,8.164749
Burkina Faso,BFA,2000,7.882451
Burkina Faso,BFA,2001,7.984794
Burkina Faso,BFA,2002,7.936698
Burkina Faso,BFA,2003,8.168088
Burkina Faso,BFA,2004,8.1638
Burkina Faso,BFA,2005,8.502219
Burkina Faso,BFA,2006,9.033877
Burkina Faso,BFA,2007,9.405294
Burkina Faso,BFA,2008,9.9508
Burkina Faso,BFA,2009,10.245538
Burkina Faso,BFA,2010,11.110906
Burkina Faso,BFA,2011,11.846732
Burkina Faso,BFA,2012,12.611162
Burkina Faso,BFA,2013,13.341675
Burkina Faso,BFA,2014,13.918948
Burkina Faso,BFA,2015,14.464743
Burkina Faso,BFA,2016,15.326549
Burkina Faso,BFA,2017,16.277328
Burkina Faso,BFA,2018,17.352377
Burkina Faso,BFA,2019,18.374294
Burkina Faso,BFA,2020,18.74376
Burkina Faso,BFA,2021,20.04505
Burkina Faso,BFA,2022,20.371128
Burundi,BDI,1987,18.927713
Burundi,BDI,1988,17.368256
Burundi,BDI,1989,15.628119
Burundi,BDI,1990,14.543684
Burundi,BDI,1991,13.871366
Burundi,BDI,1992,12.835504
Burundi,BDI,1993,11.102732
Burundi,BDI,1994,9.910154
Burundi,BDI,1995,8.513447
Burundi,BDI,1996,7.3402305
Burundi,BDI,1997,6.7964697
Burundi,BDI,1998,6.721906
Burundi,BDI,1999,6.302228
Burundi,BDI,2000,5.93448
Burundi,BDI,2001,6.0898914
Burundi,BDI,2002,6.395962
Burundi,BDI,2003,6.3529325
Burundi,BDI,2004,6.6973686
Burundi,BDI,2005,6.795764
Burundi,BDI,2006,7.1636734
Burundi,BDI,2007,7.4104257
Burundi,BDI,2008,7.774184
Burundi,BDI,2009,8.068599
Burundi,BDI,2010,8.479592
Burundi,BDI,2011,8.820847
Burundi,BDI,2012,9.210996
Burundi,BDI,2013,9.664538
Burundi,BDI,2014,10.074789
Burundi,BDI,2015,10.034034
Burundi,BDI,2016,10.355141
Burundi,BDI,2017,10.751935
Burundi,BDI,2018,11.326329
Burundi,BDI,2019,11.831409
Burundi,BDI,2020,11.867666
Burundi,BDI,2021,12.251831
Burundi,BDI,2022,12.535792
Cambodia,KHM,2006,5.9143996
Cambodia,KHM,2007,6.529406
Cambodia,KHM,2008,7.0175686
Cambodia,KHM,2009,7.303519
Cambodia,KHM,2010,7.6743126
Cambodia,KHM,2011,8.233514
Cambodia,KHM,2012,8.863399
Cambodia,KHM,2013,9.55984
Cambodia,KHM,2014,10.324657
Cambodia,KHM,2015,11.068759
Cambodia,KHM,2016,11.9438
Cambodia,KHM,2017,12.908267
Cambodia,KHM,2018,14.041125
Cambodia,KHM,2019,15.155562
Cambodia,KHM,2020,14.6166725
Cambodia,KHM,2021,15.068305
Cambodia,KHM,2022,15.841294
Cameroon,CMR,1987,45.81526
Cameroon,CMR,1988,42.145702
Cameroon,CMR,1989,41.295765
Cameroon,CMR,1990,38.69651
Cameroon,CMR,1991,37.14812
Cameroon,CMR,1992,35.924534
Cameroon,CMR,1993,28.101084
Cameroon,CMR,1994,24.886063
Cameroon,CMR,1995,22.645908
Cameroon,CMR,1996,21.154736
Cameroon,CMR,1997,20.036133
Cameroon,CMR,1998,19.181791
Cameroon,CMR,1999,18.46235
Cameroon,CMR,2000,17.765488
Cameroon,CMR,2001,18.077291
Cameroon,CMR,2002,18.432684
Cameroon,CMR,2003,18.981628
Cameroon,CMR,2004,19.853642
Cameroon,CMR,2005,19.841034
Cameroon,CMR,2006,20.596895
Cameroon,CMR,2007,21.488243
Cameroon,CMR,2008,22.100159
Cameroon,CMR,2009,22.670177
Cameroon,CMR,2010,23.327393
Cameroon,CMR,2011,24.115673
Cameroon,CMR,2012,25.23126
Cameroon,CMR,2013,26.491695
Cameroon,CMR,2014,28.006971
Cameroon,CMR,2015,29.594114
Cameroon,CMR,2016,30.936441
Cameroon,CMR,2017,32.031956
Cameroon,CMR,2018,33.298985
Cameroon,CMR,2019,34.456142
Cameroon,CMR,2020,34.545708
Cameroon,CMR,2021,35.69914
Cameroon,CMR,2022,37.03314
Canada,CAN,1986,18.668137
Canada,CAN,1987,19.16553
Canada,CAN,1988,19.743845
Canada,CAN,1989,19.939236
Canada,CAN,1990,19.7212
Canada,CAN,1991,19.060753
Canada,CAN,1992,19.479315
Canada,CAN,1993,20.259161
Canada,CAN,1994,21.450817
Canada,CAN,1995,22.322716
Canada,CAN,1996,23.009493
Canada,CAN,1997,24.04061
Canada,CAN,1998,25.024742
Canada,CAN,1999,26.362202
Canada,CAN,2000,27.770596
Canada,CAN,2001,28.346304
Canada,CAN,2002,29.253334
Canada,CAN,2003,29.839869
Canada,CAN,2004,30.822762
Canada,CAN,2005,31.874622
Canada,CAN,2006,32.779663
Canada,CAN,2007,33.51739
Canada,CAN,2008,34.91581
Canada,CAN,2009,34.99887
Canada,CAN,2010,37.631218
Canada,CAN,2011,40.55466
Canada,CAN,2012,40.3154
Canada,CAN,2013,40.32354
Canada,CAN,2014,42.36289
Canada,CAN,2015,43.56308
Canada,CAN,2016,43.695705
Canada,CAN,2017,44.696613
Canada,CAN,2018,45.922623
Canada,CAN,2019,46.799026
Canada,CAN,2020,44.44118
Canada,CAN,2021,47.24858
Canada,CAN,2022,49.22784
Cape Verde,CPV,2001,43.812576
Cape Verde,CPV,2002,38.813904
Cape Verde,CPV,2003,34.909126
Cape Verde,CPV,2004,33.843807
Cape Verde,CPV,2005,29.884775
Cape Verde,CPV,2006,27.486145
Cape Verde,CPV,2007,27.568579
Cape Verde,CPV,2008,26.134644
Cape Verde,CPV,2009,23.100096
Cape Verde,CPV,2010,21.334936
Cape Verde,CPV,2011,20.284428
Cape Verde,CPV,2012,18.895405
Cape Verde,CPV,2013,17.631424
Cape Verde,CPV,2014,16.55015
Cape Verde,CPV,2015,15.644073
Cape Verde,CPV,2016,15.339491
Cape Verde,CPV,2017,15.133844
Cape Verde,CPV,2018,14.857558
Cape Verde,CPV,2019,14.407065
Cape Verde,CPV,2020,8.102076
Cape Verde,CPV,2021,10.456485
Cape Verde,CPV,2022,11.604527
Central African Republic,CAF,1987,75.81493
Central African Republic,CAF,1988,65.04187
Central African Republic,CAF,1989,57.351208
Central African Republic,CAF,1990,49.429825
Central African Republic,CAF,1991,43.921078
Central African Republic,CAF,1992,37.143448
Central African Republic,CAF,1993,33.99567
Central African Republic,CAF,1994,32.78294
Central African Republic,CAF,1995,32.518513
Central African Republic,CAF,1996,29.048168
Central African Republic,CAF,1997,28.600056
Central African Republic,CAF,1998,28.11719
Central African Republic,CAF,1999,27.454227
Central African Republic,CAF,2000,25.31496
Central African Republic,CAF,2001,25.951271
Central African Republic,CAF,2002,26.396778
Central African Republic,CAF,2003,24.52239
Central African Republic,CAF,2004,25.532759
Central African Republic,CAF,2005,25.316877
Central African Republic,CAF,2006,26.524767
Central African Republic,CAF,2007,27.746904
Central African Republic,CAF,2008,28.316864
Central African Republic,CAF,2009,30.748507
Central African Republic,CAF,2010,32.172413
Central African Republic,CAF,2011,33.521923
Central African Republic,CAF,2012,35.21604
Central African Republic,CAF,2013,22.400227
Central African Republic,CAF,2014,22.418386
Central African Republic,CAF,2015,23.3907
Central African Republic,CAF,2016,24.501831
Central African Republic,CAF,2017,25.611097
Central African Republic,CAF,2018,26.581615
Central African Republic,CAF,2019,27.405645
Central African Republic,CAF,2020,27.652296
Central African Republic,CAF,2021,27.924097
Central African Republic,CAF,2022,28.050844
Chad,TCD,1987,17.163954
Chad,TCD,1988,15.803038
Chad,TCD,1989,13.781173
Chad,TCD,1990,11.300559
Chad,TCD,1991,10.718948
Chad,TCD,1992,10.280646
Chad,TCD,1993,7.793151
Chad,TCD,1994,7.7980504
Chad,TCD,1995,7.2328973
Chad,TCD,1996,6.8214135
Chad,TCD,1997,6.689781
Chad,TCD,1998,6.6756907
Chad,TCD,1999,6.2139754
Chad,TCD,2000,5.795561
Chad,TCD,2001,6.147576
Chad,TCD,2002,6.3519063
Chad,TCD,2003,7.2359376
Chad,TCD,2004,9.6020355
Chad,TCD,2005,11.1884365
Chad,TCD,2006,11.127703
Chad,TCD,2007,11.595085
Chad,TCD,2008,11.952352
Chad,TCD,2009,11.784029
Chad,TCD,2010,13.395357
Chad,TCD,2011,13.997536
Chad,TCD,2012,15.2659645
Chad,TCD,2013,15.699245
Chad,TCD,2014,16.023094
Chad,TCD,2015,16.552523
Chad,TCD,2016,15.870145
Chad,TCD,2017,15.61345
Chad,TCD,2018,16.509836
Chad,TCD,2019,17.398531
Chad,TCD,2020,17.330044
Chad,TCD,2021,17.380898
Chad,TCD,2022,18.098675
Chile,CHL,1992,4.2106886
Chile,CHL,1993,4.2648344
Chile,CHL,1994,4.265464
Chile,CHL,1995,4.446063
Chile,CHL,1996,4.5531297
Chile,CHL,1997,4.6838713
Chile,CHL,1998,4.682601
Chile,CHL,1999,4.4884915
Chile,CHL,2000,4.5355577
Chile,CHL,2001,4.510807
Chile,CHL,2002,4.494093
Chile,CHL,2003,4.553853
Chile,CHL,2004,4.7003207
Chile,CHL,2005,4.8184867
Chile,CHL,2006,4.954446
Chile,CHL,2007,5.209325
Chile,CHL,2008,5.4067264
Chile,CHL,2009,5.346277
Chile,CHL,2010,5.6591225
Chile,CHL,2011,6.0113406
Chile,CHL,2012,6.381359
Chile,CHL,2013,6.592487
Chile,CHL,2014,6.710667
Chile,CHL,2015,6.855077
Chile,CHL,2016,6.975249
Chile,CHL,2017,7.0699515
Chile,CHL,2018,7.3520446
Chile,CHL,2019,7.3986835
Chile,CHL,2020,6.9441476
Chile,CHL,2021,7.729872
Chile,CHL,2022,7.8963733
China,CHN,1980,0.9655153
China,CHN,1981,0.9960619
China,CHN,1982,1.0665226
China,CHN,1983,1.1598185
China,CHN,1984,1.3130133
China,CHN,1985,1.4775648
China,CHN,1986,1.5970109
China,CHN,1987,1.7688949
China,CHN,1988,1.9522763
China,CHN,1989,2.0188653
China,CHN,1990,2.0825438
China,CHN,1991,2.2395818
China,CHN,1992,2.5179067
China,CHN,1993,2.8224008
China,CHN,1994,3.16939
China,CHN,1995,3.4949973
China,CHN,1996,3.817558
China,CHN,1997,4.143973
China,CHN,1998,4.4422393
China,CHN,1999,4.7540774
China,CHN,2000,5.128147
China,CHN,2001,5.547986
China,CHN,2002,6.0537834
China,CHN,2003,6.6585994
China,CHN,2004,7.3247294
China,CHN,2005,8.154585
China,CHN,2006,8.963301
China,CHN,2007,10.219013
China,CHN,2008,11.06326
China,CHN,2009,11.956155
China,CHN,2010,13.141266
China,CHN,2011,14.187089
China,CHN,2012,15.204547
China,CHN,2013,16.278526
China,CHN,2014,17.77032
China,CHN,2015,19.06187
China,CHN,2016,19.941645
China,CHN,2017,21.59474
China,CHN,2018,23.182537
China,CHN,2019,24.640903
China,CHN,2020,26.246246
China,CHN,2021,28.495573
China,CHN,2022,29.388678
Colombia,COL,2000,20.270697
Colombia,COL,2001,19.35403
Colombia,COL,2002,18.700077
Colombia,COL,2003,18.377302
Colombia,COL,2004,18.360136
Colombia,COL,2005,18.30375
Colombia,COL,2006,18.620895
Colombia,COL,2007,18.988743
Colombia,COL,2008,18.76971
Colombia,COL,2009,15.679022
Colombia,COL,2010,13.948744
Colombia,COL,2011,14.322958
Colombia,COL,2012,14.645614
Colombia,COL,2013,14.7155905
Colombia,COL,2014,14.982928
Colombia,COL,2015,14.8581915
Colombia,COL,2016,14.936714
Colombia,COL,2017,14.41153
Colombia,COL,2018,14.549603
Colombia,COL,2019,14.704625
Colombia,COL,2020,13.163274
Colombia,COL,2021,14.039989
Colombia,COL,2022,14.620762
Comoros,COM,1999,62.321194
Comoros,COM,2000,61.693607
Comoros,COM,2001,65.037155
Comoros,COM,2002,68.02736
Comoros,COM,2003,69.3433
Comoros,COM,2004,71.493225
Comoros,COM,2005,75.543465
Comoros,COM,2006,74.218094
Comoros,COM,2007,74.81451
Comoros,COM,2008,77.78061
Comoros,COM,2009,80.30117
Comoros,COM,2010,83.334854
Comoros,COM,2011,86.78789
Comoros,COM,2012,89.537636
Comoros,COM,2013,93.53654
Comoros,COM,2014,95.50704
Comoros,COM,2015,96.60296
Comoros,COM,2016,99.81056
Comoros,COM,2017,103.61904
Comoros,COM,2018,107.39346
Comoros,COM,2019,109.28434
Comoros,COM,2020,109.0706
Comoros,COM,2021,111.25223
Comoros,COM,2022,114.14813
Congo,COG,1987,133.39874
Congo,COG,1988,134.41081
Congo,COG,1989,136.55331
Congo,COG,1990,136.57983
Congo,COG,1991,138.5067
Congo,COG,1992,140.77086
Congo,COG,1993,138.07674
Congo,COG,1994,129.27252
Congo,COG,1995,133.17978
Congo,COG,1996,137.61958
Congo,COG,1997,135.51645
Congo,COG,1998,139.31494
Congo,COG,1999,134.50578
Congo,COG,2000,143.41542
Congo,COG,2001,147.56308
Congo,COG,2002,152.98227
Congo,COG,2003,154.22643
Congo,COG,2004,159.5883
Congo,COG,2005,171.96559
Congo,COG,2006,185.69917
Congo,COG,2007,173.41704
Congo,COG,2008,184.35338
Congo,COG,2009,205.80711
Congo,COG,2010,226.24635
Congo,COG,2011,231.23717
Congo,COG,2012,254.23868
Congo,COG,2013,252.4274
Congo,COG,2014,269.2039
Congo,COG,2015,270.3216
Congo,COG,2016,246.84352
Congo,COG,2017,233.03317
Congo,COG,2018,227.66336
Congo,COG,2019,230.22337
Congo,COG,2020,215.79349
Congo,COG,2021,217.98395
Congo,COG,2022,221.19998
Costa Rica,CRI,2012,21.943249
Costa Rica,CRI,2013,21.325163
Costa Rica,CRI,2014,19.84672
Costa Rica,CRI,2015,17.671135
Costa Rica,CRI,2016,20.12342
Costa Rica,CRI,2017,25.106668
Costa Rica,CRI,2018,20.586044
Costa Rica,CRI,2019,20.516197
Costa Rica,CRI,2020,19.652306
Costa Rica,CRI,2021,19.299503
Costa Rica,CRI,2022,20.17792
Cote d'Ivoire,CIV,1987,31.155838
Cote d'Ivoire,CIV,1988,26.616997
Cote d'Ivoire,CIV,1989,23.718597
Cote d'Ivoire,CIV,1990,20.679167
Cote d'Ivoire,CIV,1991,20.085077
Cote d'Ivoire,CIV,1992,19.468903
Cote d'Ivoire,CIV,1993,18.896618
Cote d'Ivoire,CIV,1994,18.539642
Cote d'Ivoire,CIV,1995,19.396803
Cote d'Ivoire,CIV,1996,20.419075
Cote d'Ivoire,CIV,1997,21.88963
Cote d'Ivoire,CIV,1998,22.324772
Cote d'Ivoire,CIV,1999,22.102781
Cote d'Ivoire,CIV,2000,21.582958
Cote d'Ivoire,CIV,2001,20.705362
Cote d'Ivoire,CIV,2002,19.753958
Cote d'Ivoire,CIV,2003,18.466452
Cote d'Ivoire,CIV,2004,18.702866
Cote d'Ivoire,CIV,2005,18.546783
Cote d'Ivoire,CIV,2006,19.613667
Cote d'Ivoire,CIV,2007,20.427345
Cote d'Ivoire,CIV,2008,22.061346
Cote d'Ivoire,CIV,2009,23.566679
Cote d'Ivoire,CIV,2010,25.988272
Cote d'Ivoire,CIV,2011,25.407606
Cote d'Ivoire,CIV,2012,28.269194
Cote d'Ivoire,CIV,2013,32.428898
Cote d'Ivoire,CIV,2014,36.78132
Cote d'Ivoire,CIV,2015,39.427715
Cote d'Ivoire,CIV,2016,42.25577
Cote d'Ivoire,CIV,2017,45.387245
Cote d'Ivoire,CIV,2018,47.585415
Cote d'Ivoire,CIV,2019,50.78381
Cote d'Ivoire,CIV,2020,51.139156
Cote d'Ivoire,CIV,2021,54.751286
Cote d'Ivoire,CIV,2022,58.255302
Croatia,HRV,2002,75.48151
Croatia,HRV,2003,74.65782
Croatia,HRV,2004,78.44329
Croatia,HRV,2005,80.69782
Croatia,HRV,2006,82.26037
Croatia,HRV,2007,84.208435
Croatia,HRV,2008,84.29914
Croatia,HRV,2009,75.51575
Croatia,HRV,2010,75.24818
Croatia,HRV,2011,77.26861
Croatia,HRV,2012,76.88855
Croatia,HRV,2013,79.697
Croatia,HRV,2014,85.94848
Croatia,HRV,2015,82.14472
Croatia,HRV,2016,82.88696
Croatia,HRV,2017,80.62392
Croatia,HRV,2018,83.872604
Croatia,HRV,2019,86.050064
Croatia,HRV,2020,80.57725
Croatia,HRV,2021,89.80062
Croatia,HRV,2022,94.36446
Cuba,CUB,1995,7.0212646
Cuba,CUB,1996,7.56429
Cuba,CUB,1997,7.767293
Cuba,CUB,1998,7.7721133
Cuba,CUB,1999,8.245118
Cuba,CUB,2000,8.724348
Cuba,CUB,2001,8.994207
Cuba,CUB,2002,9.113549
Cuba,CUB,2003,9.450077
Cuba,CUB,2004,9.985764
Cuba,CUB,2005,11.093643
Cuba,CUB,2006,12.420227
Cuba,CUB,2007,14.21288
Cuba,CUB,2008,12.730791
Cuba,CUB,2009,12.236231
Cuba,CUB,2010,12.606674
Cuba,CUB,2011,12.318895
Cuba,CUB,2012,12.092166
Cuba,CUB,2013,11.866193
Cuba,CUB,2014,11.9905
Cuba,CUB,2015,12.522679
Cuba,CUB,2016,12.586901
Cuba,CUB,2017,12.814697
Cuba,CUB,2018,13.102765
Cuba,CUB,2019,13.081396
Cuba,CUB,2020,11.649057
Cuba,CUB,2021,11.795193
Cuba,CUB,2022,12.004517
Cyprus,CYP,1975,19.985222
Cyprus,CYP,1976,23.372023
Cyprus,CYP,1977,26.465609
Cyprus,CYP,1978,27.777779
Cyprus,CYP,1979,29.751059
Cyprus,CYP,1980,30.680586
Cyprus,CYP,1981,30.656103
Cyprus,CYP,1982,31.699171
Cyprus,CYP,1983,32.66178
Cyprus,CYP,1984,34.68602
Cyprus,CYP,1985,35.542847
Cyprus,CYP,1986,36.030632
Cyprus,CYP,1987,37.51287
Cyprus,CYP,1988,39.77353
Cyprus,CYP,1989,41.923363
Cyprus,CYP,1990,44.583153
Cyprus,CYP,1991,45.942955
Cyprus,CYP,1992,51.441444
Cyprus,CYP,1993,53.046764
Cyprus,CYP,1994,58.050404
Cyprus,CYP,1995,65.07558
Cyprus,CYP,1996,68.243004
Cyprus,CYP,1997,72.64157
Cyprus,CYP,1998,80.047676
Cyprus,CYP,1999,87.41322
Cyprus,CYP,2000,96.4906
Cyprus,CYP,2001,107.70114
Cyprus,CYP,2002,98.12678
Cyprus,CYP,2003,101.48571
Cyprus,CYP,2004,107.42383
Cyprus,CYP,2005,113.528786
Cyprus,CYP,2006,119.82891
Cyprus,CYP,2007,126.951096
Cyprus,CYP,2008,134.53233
Cyprus,CYP,2009,114.79834
Cyprus,CYP,2010,107.716705
Cyprus,CYP,2011,98.41696
Cyprus,CYP,2012,82.18305
Cyprus,CYP,2013,94.77365
Cyprus,CYP,2014,88.71474
Cyprus,CYP,2015,85.81586
Cyprus,CYP,2016,97.33043
Cyprus,CYP,2017,103.88077
Cyprus,CYP,2018,115.19564
Cyprus,CYP,2019,124.98299
Cyprus,CYP,2020,105.772575
Cyprus,CYP,2021,115.82248
Cyprus,CYP,2022,132.15358
Czechia,CZE,1993,35.683323
Czechia,CZE,1994,38.560204
Czechia,CZE,1995,43.11824
Czechia,CZE,1996,47.066345
Czechia,CZE,1997,49.138813
Czechia,CZE,1998,51.353737
Czechia,CZE,1999,54.755535
Czechia,CZE,2000,60.059414
Czechia,CZE,2001,65.37918
Czechia,CZE,2002,70.43406
Czechia,CZE,2003,72.29296
Czechia,CZE,2004,75.23512
Czechia,CZE,2005,79.525276
Czechia,CZE,2006,84.25952
Czechia,CZE,2007,88.3293
Czechia,CZE,2008,89.797806
Czechia,CZE,2009,87.28925
Czechia,CZE,2010,89.47504
Czechia,CZE,2011,94.14932
Czechia,CZE,2012,95.78929
Czechia,CZE,2013,106.7787
Czechia,CZE,2014,109.19596
Czechia,CZE,2015,117.94169
Czechia,CZE,2016,118.661804
Czechia,CZE,2017,125.168365
Czechia,CZE,2018,131.94902
Czechia,CZE,2019,144.27617
Czechia,CZE,2020,150.6248
Czechia,CZE,2021,158.66814
Czechia,CZE,2022,152.34428
Democratic Republic of Congo,COD,1995,43.981453
Democratic Republic of Congo,COD,1996,41.6422
Democratic Republic of Congo,COD,1997,37.668346
Democratic Republic of Congo,COD,1998,35.576756
Democratic Republic of Congo,COD,1999,32.749767
Democratic Republic of Congo,COD,2000,29.359068
Democratic Republic of Congo,COD,2001,27.795498
Democratic Republic of Congo,COD,2002,27.70214
Democratic Republic of Congo,COD,2003,28.343275
Democratic Republic of Congo,COD,2004,29.346058
Democratic Republic of Congo,COD,2005,30.23979
Democratic Republic of Congo,COD,2006,31.784725
Democratic Republic of Congo,COD,2007,34.49594
Democratic Republic of Congo,COD,2008,37.049232
Democratic Republic of Congo,COD,2009,37.25874
Democratic Republic of Congo,COD,2010,40.180946
Democratic Republic of Congo,COD,2011,43.232014
Democratic Republic of Congo,COD,2012,46.97962
Democratic Republic of Congo,COD,2013,51.501167
Democratic Republic of Congo,COD,2014,55.261925
Democratic Republic of Congo,COD,2015,58.77644
Democratic Republic of Congo,COD,2016,59.00792
Democratic Republic of Congo,COD,2017,61.51057
Democratic Republic of Congo,COD,2018,65.2453
Democratic Republic of Congo,COD,2019,65.607666
Democratic Republic of Congo,COD,2020,66.1164
Democratic Republic of Congo,COD,2021,70.36743
Democratic Republic of Congo,COD,2022,76.919464
Denmark,DNK,1970,180.42076
Denmark,DNK,1971,164.05267
Denmark,DNK,1972,152.21115
Denmark,DNK,1973,144.10167
Denmark,DNK,1974,130.2184
Denmark,DNK,1975,118.04793
Denmark,DNK,1976,125.12302
Denmark,DNK,1977,127.60725
Denmark,DNK,1978,130.6915
Denmark,DNK,1979,135.98882
Denmark,DNK,1980,134.96696
Denmark,DNK,1981,123.70122
Denmark,DNK,1982,119.368774
Denmark,DNK,1983,114.39574
Denmark,DNK,1984,111.92301
Denmark,DNK,1985,109.734245
Denmark,DNK,1986,128.7752
Denmark,DNK,1987,147.09349
Denmark,DNK,1988,170.90689
Denmark,DNK,1989,162.05894
Denmark,DNK,1990,155.66853
Denmark,DNK,1991,164.84302
Denmark,DNK,1992,175.86575
Denmark,DNK,1993,184.14525
Denmark,DNK,1994,203.65115
Denmark,DNK,1995,220.95564
Denmark,DNK,1996,240.07341
Denmark,DNK,1997,262.35785
Denmark,DNK,1998,284.86035
Denmark,DNK,1999,312.3961
Denmark,DNK,2000,346.5783
Denmark,DNK,2001,376.03867
Denmark,DNK,2002,408.29263
Denmark,DNK,2003,415.21976
Denmark,DNK,2004,432.14957
Denmark,DNK,2005,448.01773
Denmark,DNK,2006,494.09277
Denmark,DNK,2007,532.1212
Denmark,DNK,2008,422.85516
Denmark,DNK,2009,423.9305
Denmark,DNK,2010,351.21002
Denmark,DNK,2011,332.46817
Denmark,DNK,2012,395.0612
Denmark,DNK,2013,289.20734
Denmark,DNK,2014,298.76624
Denmark,DNK,2015,371.71585
Denmark,DNK,2016,350.65823
Denmark,DNK,2017,357.8248
Denmark,DNK,2018,295.2575
Denmark,DNK,2019,351.19568
Denmark,DNK,2020,344.33118
Denmark,DNK,2021,362.1685
Denmark,DNK,2022,373.43726
Djibouti,DJI,2013,110.92942
Djibouti,DJI,2014,118.90856
Djibouti,DJI,2015,127.59957
Djibouti,DJI,2016,136.68904
Djibouti,DJI,2017,144.14964
Djibouti,DJI,2018,151.03185
Djibouti,DJI,2019,159.40668
Djibouti,DJI,2020,161.32294
Djibouti,DJI,2021,168.4327
Djibouti,DJI,2022,177.13483
Dominica,DMA,1996,26.07081
Dominica,DMA,1997,26.640621
Dominica,DMA,1998,27.6461
Dominica,DMA,1999,27.743988
Dominica,DMA,2000,28.39326
Dominica,DMA,2001,28.375132
Dominica,DMA,2002,27.499071
Dominica,DMA,2003,29.09538
Dominica,DMA,2004,30.287663
Dominica,DMA,2005,29.555943
Dominica,DMA,2006,29.870613
Dominica,DMA,2007,30.496548
Dominica,DMA,2008,31.687098
Dominica,DMA,2009,30.413727
Dominica,DMA,2010,29.520794
Dominica,DMA,2011,29.533411
Dominica,DMA,2012,29.486927
Dominica,DMA,2013,29.488255
Dominica,DMA,2014,30.17687
Dominica,DMA,2015,29.15889
Dominica,DMA,2016,29.580889
Dominica,DMA,2017,27.3492
Dominica,DMA,2018,28.159832
Dominica,DMA,2019,29.27161
Dominica,DMA,2020,24.674093
Dominica,DMA,2021,26.00152
Dominica,DMA,2022,28.704847
Dominican Republic,DOM,2000,7.275133
Dominican Republic,DOM,2001,7.279419
Dominican Republic,DOM,2002,7.4312005
Dominican Republic,DOM,2003,7.166225
Dominican Republic,DOM,2004,7.189977
Dominican Republic,DOM,2005,7.6989512
Dominican Republic,DOM,2006,7.91539
Dominican Republic,DOM,2007,8.034523
Dominican Republic,DOM,2008,7.864179
Dominican Republic,DOM,2009,7.549197
Dominican Republic,DOM,2010,7.7967763
Dominican Republic,DOM,2011,8.045647
Dominican Republic,DOM,2012,8.268968
Dominican Republic,DOM,2013,8.677019
Dominican Republic,DOM,2014,9.294061
Dominican Republic,DOM,2015,9.943503
Dominican Republic,DOM,2016,10.611681
Dominican Republic,DOM,2017,11.02913
Dominican Republic,DOM,2018,11.811924
Dominican Republic,DOM,2019,12.390003
Dominican Republic,DOM,2020,11.407594
Dominican Republic,DOM,2021,13.006074
Dominican Republic,DOM,2022,13.687326
East Asia and Pacific (WB),WB_EAP,1975,118.77722
East Asia and Pacific (WB),WB_EAP,1976,93.96881
East Asia and Pacific (WB),WB_EAP,1977,79.45994
East Asia and Pacific (WB),WB_EAP,1978,70.85687
East Asia and Pacific (WB),WB_EAP,1979,66.1997
East Asia and Pacific (WB),WB_EAP,1980,5.234546
East Asia and Pacific (WB),WB_EAP,1981,5.379666
East Asia and Pacific (WB),WB_EAP,1982,5.513261
East Asia and Pacific (WB),WB_EAP,1983,5.68848
East Asia and Pacific (WB),WB_EAP,1984,5.5847774
East Asia and Pacific (WB),WB_EAP,1985,5.891758
East Asia and Pacific (WB),WB_EAP,1986,6.094148
East Asia and Pacific (WB),WB_EAP,1987,6.1457353
East Asia and Pacific (WB),WB_EAP,1988,6.5480037
East Asia and Pacific (WB),WB_EAP,1989,6.799855
East Asia and Pacific (WB),WB_EAP,1990,7.0764537
East Asia and Pacific (WB),WB_EAP,1991,7.331063
East Asia and Pacific (WB),WB_EAP,1992,7.5168004
East Asia and Pacific (WB),WB_EAP,1993,8.297125
East Asia and Pacific (WB),WB_EAP,1994,8.606723
East Asia and Pacific (WB),WB_EAP,1995,9.00574
East Asia and Pacific (WB),WB_EAP,1996,9.394617
East Asia and Pacific (WB),WB_EAP,1997,9.672439
East Asia and Pacific (WB),WB_EAP,1998,9.622445
East Asia and Pacific (WB),WB_EAP,1999,9.859713
East Asia and Pacific (WB),WB_EAP,2000,10.275938
East Asia and Pacific (WB),WB_EAP,2001,10.550628
East Asia and Pacific (WB),WB_EAP,2002,10.936034
East Asia and Pacific (WB),WB_EAP,2003,11.375406
East Asia and Pacific (WB),WB_EAP,2004,11.904976
East Asia and Pacific (WB),WB_EAP,2005,12.465268
East Asia and Pacific (WB),WB_EAP,2006,12.2142
East Asia and Pacific (WB),WB_EAP,2007,12.651349
East Asia and Pacific (WB),WB_EAP,2008,13.074088
East Asia and Pacific (WB),WB_EAP,2009,13.31273
East Asia and Pacific (WB),WB_EAP,2010,14.176291
East Asia and Pacific (WB),WB_EAP,2011,14.737952
East Asia and Pacific (WB),WB_EAP,2012,15.334728
East Asia and Pacific (WB),WB_EAP,2013,15.95229
East Asia and Pacific (WB),WB_EAP,2014,16.754045
East Asia and Pacific (WB),WB_EAP,2015,17.607887
East Asia and Pacific (WB),WB_EAP,2016,18.131376
East Asia and Pacific (WB),WB_EAP,2017,19.092424
East Asia and Pacific (WB),WB_EAP,2018,20.068905
East Asia and Pacific (WB),WB_EAP,2019,21.07238
East Asia and Pacific (WB),WB_EAP,2020,21.482574
East Asia and Pacific (WB),WB_EAP,2021,22.763845
East Asia and Pacific (WB),WB_EAP,2022,23.424189
East Timor,TLS,2004,0.7574256
East Timor,TLS,2005,0.7800316
East Timor,TLS,2006,0.7479248
East Timor,TLS,2007,0.82470214
East Timor,TLS,2008,0.91867536
East Timor,TLS,2009,1.0118929
East Timor,TLS,2010,1.1063176
East Timor,TLS,2011,1.1722382
East Timor,TLS,2012,1.2292162
East Timor,TLS,2013,1.2673757
East Timor,TLS,2014,1.324059
East Timor,TLS,2015,1.3568962
East Timor,TLS,2016,1.3977379
East Timor,TLS,2017,1.3532561
East Timor,TLS,2018,1.3469431
East Timor,TLS,2019,1.6730767
East Timor,TLS,2020,2.203873
East Timor,TLS,2021,2.3222165
East Timor,TLS,2022,1.8456401
Ecuador,ECU,2000,5.355956
Ecuador,ECU,2001,5.516514
Ecuador,ECU,2002,5.722012
Ecuador,ECU,2003,5.8203363
Ecuador,ECU,2004,6.148316
Ecuador,ECU,2005,6.4084177
Ecuador,ECU,2006,6.686616
Ecuador,ECU,2007,6.8138237
Ecuador,ECU,2008,7.261146
Ecuador,ECU,2009,7.340366
Ecuador,ECU,2010,7.6361194
Ecuador,ECU,2011,8.283775
Ecuador,ECU,2012,8.762843
Ecuador,ECU,2013,9.3947525
Ecuador,ECU,2014,9.791781
Ecuador,ECU,2015,9.803501
Ecuador,ECU,2016,9.736057
Ecuador,ECU,2017,10.317339
Ecuador,ECU,2018,10.425082
Ecuador,ECU,2019,10.442327
Ecuador,ECU,2020,9.476923
Ecuador,ECU,2021,10.369828
Ecuador,ECU,2022,10.978374
Egypt,EGY,1975,0.84603804
Egypt,EGY,1976,0.95082736
Egypt,EGY,1977,1.0283171
Egypt,EGY,1978,1.1083714
Egypt,EGY,1979,1.149845
Egypt,EGY,1980,1.2552844
Egypt,EGY,1981,1.3373009
Egypt,EGY,1982,1.4587168
Egypt,EGY,1983,1.5215669
Egypt,EGY,1984,1.657462
Egypt,EGY,1985,1.7405361
Egypt,EGY,1986,1.8097835
Egypt,EGY,1987,1.8655052
Egypt,EGY,1988,1.953206
Egypt,EGY,1989,2.0346553
Egypt,EGY,1990,2.1356733
Egypt,EGY,1991,2.144464
Egypt,EGY,1992,2.2246802
Egypt,EGY,1993,2.2815654
Egypt,EGY,1994,2.296741
Egypt,EGY,1995,2.3292582
Egypt,EGY,1996,2.3722138
Egypt,EGY,1997,2.4297304
Egypt,EGY,1998,2.492711
Egypt,EGY,1999,2.5709543
Egypt,EGY,2000,3.1506782
Egypt,EGY,2001,3.1688797
Egypt,EGY,2002,3.154512
Egypt,EGY,2003,3.167287
Egypt,EGY,2004,3.2101507
Egypt,EGY,2005,3.267724
Egypt,EGY,2006,3.4040933
Egypt,EGY,2007,3.5564735
Egypt,EGY,2008,3.7202628
Egypt,EGY,2009,3.8035867
Egypt,EGY,2010,3.9084864
Egypt,EGY,2011,4.0968056
Egypt,EGY,2012,4.1503572
Egypt,EGY,2013,4.200394
Egypt,EGY,2014,5.1988435
Egypt,EGY,2015,5.408318
Egypt,EGY,2016,5.666661
Egypt,EGY,2017,4.62004
Egypt,EGY,2018,4.8663397
Egypt,EGY,2019,5.1365232
Egypt,EGY,2020,5.318878
Egypt,EGY,2021,5.4939036
Egypt,EGY,2022,5.8558335
El Salvador,SLV,1992,18.89528
El Salvador,SLV,1993,17.99801
El Salvador,SLV,1994,17.131723
El Salvador,SLV,1995,16.449274
El Salvador,SLV,1996,15.308536
El Salvador,SLV,1997,14.662266
El Salvador,SLV,1998,14.048679
El Salvador,SLV,1999,13.456179
El Salvador,SLV,2000,12.8081455
El Salvador,SLV,2001,11.662499
El Salvador,SLV,2002,10.794687
El Salvador,SLV,2003,10.070015
El Salvador,SLV,2004,9.394261
El Salvador,SLV,2005,8.969694
El Salvador,SLV,2006,9.405593
El Salvador,SLV,2007,9.627602
El Salvador,SLV,2008,9.884788
El Salvador,SLV,2009,9.725554
El Salvador,SLV,2010,9.985851
El Salvador,SLV,2011,10.415922
El Salvador,SLV,2012,10.772053
El Salvador,SLV,2013,11.064348
El Salvador,SLV,2014,11.314436
El Salvador,SLV,2015,11.646764
El Salvador,SLV,2016,12.0054655
El Salvador,SLV,2017,12.340384
El Salvador,SLV,2018,12.705449
El Salvador,SLV,2019,13.084885
El Salvador,SLV,2020,12.117011
El Salvador,SLV,2021,13.632959
El Salvador,SLV,2022,14.112203
Equatorial Guinea,GNQ,1987,17.441296
Equatorial Guinea,GNQ,1988,16.940123
Equatorial Guinea,GNQ,1989,15.876815
Equatorial Guinea,GNQ,1990,14.839252
Equatorial Guinea,GNQ,1991,14.006557
Equatorial Guinea,GNQ,1992,18.036884
Equatorial Guinea,GNQ,1993,19.177164
Equatorial Guinea,GNQ,1994,21.463072
Equatorial Guinea,GNQ,1995,24.229906
Equatorial Guinea,GNQ,1996,38.84295
Equatorial Guinea,GNQ,1997,93.57472
Equatorial Guinea,GNQ,1998,111.76733
Equatorial Guinea,GNQ,1999,135.70113
Equatorial Guinea,GNQ,2000,155.16948
Equatorial Guinea,GNQ,2001,246.7099
Equatorial Guinea,GNQ,2002,287.02136
Equatorial Guinea,GNQ,2003,318.74277
Equatorial Guinea,GNQ,2004,428.93274
Equatorial Guinea,GNQ,2005,488.63345
Equatorial Guinea,GNQ,2006,526.2823
Equatorial Guinea,GNQ,2007,606.7093
Equatorial Guinea,GNQ,2008,714.6982
Equatorial Guinea,GNQ,2009,724.29913
Equatorial Guinea,GNQ,2010,659.6614
Equatorial Guinea,GNQ,2011,702.6972
Equatorial Guinea,GNQ,2012,761.1115
Equatorial Guinea,GNQ,2013,729.65326
Equatorial Guinea,GNQ,2014,732.6818
Equatorial Guinea,GNQ,2015,665.9342
Equatorial Guinea,GNQ,2016,607.22266
Equatorial Guinea,GNQ,2017,572.8082
Equatorial Guinea,GNQ,2018,537.08484
Equatorial Guinea,GNQ,2019,507.64276
Equatorial Guinea,GNQ,2020,483.3212
Equatorial Guinea,GNQ,2021,487.47906
Equatorial Guinea,GNQ,2022,503.193
Eritrea,ERI,2000,4.5937076
Eritrea,ERI,2001,4.533658
Eritrea,ERI,2002,4.2744207
Eritrea,ERI,2003,3.8360403
Eritrea,ERI,2004,3.60988
Eritrea,ERI,2005,3.7028146
Eritrea,ERI,2006,3.6669261
Eritrea,ERI,2007,3.7192466
Eritrea,ERI,2008,3.3553917
Eritrea,ERI,2009,3.4854636
Eritrea,ERI,2010,3.5619411
Eritrea,ERI,2011,3.8711107
Estonia,EST,1992,4.0420966
Estonia,EST,1993,4.542366
Estonia,EST,1994,5.530797
Estonia,EST,1995,7.5861745
Estonia,EST,1996,7.915032
Estonia,EST,1997,8.896399
Estonia,EST,1998,9.229319
Estonia,EST,1999,9.1377535
Estonia,EST,2000,10.002571
Estonia,EST,2001,10.531159
Estonia,EST,2002,11.198228
Estonia,EST,2003,11.3722105
Estonia,EST,2004,11.499771
Estonia,EST,2005,11.958993
Estonia,EST,2006,12.495604
Estonia,EST,2007,12.825222
Estonia,EST,2008,13.911902
Estonia,EST,2009,13.824386
Estonia,EST,2010,10.595375
Estonia,EST,2011,11.206676
Estonia,EST,2012,13.349161
Estonia,EST,2013,12.674436
Estonia,EST,2014,13.308764
Estonia,EST,2015,14.431519
Estonia,EST,2016,13.722101
Estonia,EST,2017,14.223241
Estonia,EST,2018,16.366585
Estonia,EST,2019,27.132393
Estonia,EST,2020,31.091894
Estonia,EST,2021,28.716278
Estonia,EST,2022,23.52353
Eswatini,SWZ,1980,1.1112844
Eswatini,SWZ,1981,1.2377273
Eswatini,SWZ,1982,1.217581
Eswatini,SWZ,1983,1.1990339
Eswatini,SWZ,1984,1.2395318
Eswatini,SWZ,1985,1.2536613
Eswatini,SWZ,1986,1.3723447
Eswatini,SWZ,1987,1.5345577
Eswatini,SWZ,1988,1.5965579
Eswatini,SWZ,1989,1.7608943
Eswatini,SWZ,1990,2.0827098
Eswatini,SWZ,1991,2.0724118
Eswatini,SWZ,1992,2.092897
Eswatini,SWZ,1993,2.1121185
Eswatini,SWZ,1994,2.1178865
Eswatini,SWZ,1995,2.1749003
Eswatini,SWZ,1996,2.213409
Eswatini,SWZ,1997,2.2374535
Eswatini,SWZ,1998,2.2516794
Eswatini,SWZ,1999,2.2744923
Eswatini,SWZ,2000,2.2717686
Eswatini,SWZ,2001,2.2924106
Eswatini,SWZ,2002,2.374349
Eswatini,SWZ,2003,2.4699087
Eswatini,SWZ,2004,2.5467265
Eswatini,SWZ,2005,2.6861906
Eswatini,SWZ,2006,2.8669393
Eswatini,SWZ,2007,2.9907258
Eswatini,SWZ,2008,3.033809
Eswatini,SWZ,2009,3.0772867
Eswatini,SWZ,2010,3.1949756
Eswatini,SWZ,2011,3.2537546
Eswatini,SWZ,2012,3.386849
Eswatini,SWZ,2013,3.5255263
Eswatini,SWZ,2014,3.59806
Eswatini,SWZ,2015,3.65938
Eswatini,SWZ,2016,3.7673013
Eswatini,SWZ,2017,3.8999462
Eswatini,SWZ,2018,3.9024966
Eswatini,SWZ,2019,4.1535
Eswatini,SWZ,2020,4.0308957
Eswatini,SWZ,2021,4.2016535
Eswatini,SWZ,2022,4.2178745
Ethiopia,ETH,2002,3.3003716
Ethiopia,ETH,2003,2.837156
Ethiopia,ETH,2004,2.8734982
Ethiopia,ETH,2005,2.899324
Ethiopia,ETH,2006,3.1166134
Ethiopia,ETH,2007,3.3718948
Ethiopia,ETH,2008,3.6294215
Ethiopia,ETH,2009,3.8399937
Ethiopia,ETH,2010,4.205695
Ethiopia,ETH,2011,4.553358
Ethiopia,ETH,2012,4.8208623
Ethiopia,ETH,2013,5.198346
Ethiopia,ETH,2014,5.5923886
Ethiopia,ETH,2015,6.0272183
Ethiopia,ETH,2016,6.4418893
Ethiopia,ETH,2017,7.059275
Ethiopia,ETH,2018,7.540446
Ethiopia,ETH,2019,8.171135
Ethiopia,ETH,2020,8.666267
Ethiopia,ETH,2021,9.155178
Ethiopia,ETH,2022,9.642394
Europe and Central Asia (WB),WB_ECA,1985,36.292194
Europe and Central Asia (WB),WB_ECA,1986,37.354683
Europe and Central Asia (WB),WB_ECA,1987,39.013214
Europe and Central Asia (WB),WB_ECA,1988,41.163692
Europe and Central Asia (WB),WB_ECA,1989,43.06894
Europe and Central Asia (WB),WB_ECA,1990,39.357967
Europe and Central Asia (WB),WB_ECA,1991,41.407784
Europe and Central Asia (WB),WB_ECA,1992,28.103342
Europe and Central Asia (WB),WB_ECA,1993,26.86035
Europe and Central Asia (WB),WB_ECA,1994,23.48249
Europe and Central Asia (WB),WB_ECA,1995,24.232277
Europe and Central Asia (WB),WB_ECA,1996,25.098524
Europe and Central Asia (WB),WB_ECA,1997,26.350174
Europe and Central Asia (WB),WB_ECA,1998,27.372002
Europe and Central Asia (WB),WB_ECA,1999,28.308542
Europe and Central Asia (WB),WB_ECA,2000,29.172777
Europe and Central Asia (WB),WB_ECA,2001,30.741245
Europe and Central Asia (WB),WB_ECA,2002,31.471687
Europe and Central Asia (WB),WB_ECA,2003,32.267284
Europe and Central Asia (WB),WB_ECA,2004,33.371357
Europe and Central Asia (WB),WB_ECA,2005,34.098877
Europe and Central Asia (WB),WB_ECA,2006,36.211163
Europe and Central Asia (WB),WB_ECA,2007,38.586124
Europe and Central Asia (WB),WB_ECA,2008,37.43083
Europe and Central Asia (WB),WB_ECA,2009,36.654198
Europe and Central Asia (WB),WB_ECA,2010,37.973686
Europe and Central Asia (WB),WB_ECA,2011,39.079693
Europe and Central Asia (WB),WB_ECA,2012,39.188244
Europe and Central Asia (WB),WB_ECA,2013,40.946594
Europe and Central Asia (WB),WB_ECA,2014,40.862217
Europe and Central Asia (WB),WB_ECA,2015,42.33048
Europe and Central Asia (WB),WB_ECA,2016,43.22025
Europe and Central Asia (WB),WB_ECA,2017,43.791527
Europe and Central Asia (WB),WB_ECA,2018,44.820007
Europe and Central Asia (WB),WB_ECA,2019,45.830696
Europe and Central Asia (WB),WB_ECA,2020,44.104076
Europe and Central Asia (WB),WB_ECA,2021,48.1115
Europe and Central Asia (WB),WB_ECA,2022,49.259987
European Union (27),OWID_EU27,1970,24.809795
European Union (27),OWID_EU27,1971,25.013477
European Union (27),OWID_EU27,1972,25.689487
European Union (27),OWID_EU27,1973,26.957851
European Union (27),OWID_EU27,1974,27.510975
European Union (27),OWID_EU27,1975,22.209187
European Union (27),OWID_EU27,1976,22.95218
European Union (27),OWID_EU27,1977,23.088318
European Union (27),OWID_EU27,1978,23.375511
European Union (27),OWID_EU27,1979,23.939384
European Union (27),OWID_EU27,1980,27.244987
European Union (27),OWID_EU27,1981,27.13783
European Union (27),OWID_EU27,1982,27.228395
European Union (27),OWID_EU27,1983,27.365383
European Union (27),OWID_EU27,1984,27.797144
European Union (27),OWID_EU27,1985,28.181538
European Union (27),OWID_EU27,1986,28.953947
European Union (27),OWID_EU27,1987,30.228367
European Union (27),OWID_EU27,1988,31.961626
European Union (27),OWID_EU27,1989,33.62743
European Union (27),OWID_EU27,1990,31.02438
European Union (27),OWID_EU27,1991,35.0373
European Union (27),OWID_EU27,1992,34.52132
European Union (27),OWID_EU27,1993,34.58075
European Union (27),OWID_EU27,1994,36.100212
European Union (27),OWID_EU27,1995,37.36906
European Union (27),OWID_EU27,1996,39.013474
European Union (27),OWID_EU27,1997,40.782246
European Union (27),OWID_EU27,1998,42.080315
European Union (27),OWID_EU27,1999,43.343193
European Union (27),OWID_EU27,2000,45.458145
European Union (27),OWID_EU27,2001,47.09499
European Union (27),OWID_EU27,2002,47.897213
European Union (27),OWID_EU27,2003,48.746708
European Union (27),OWID_EU27,2004,50.55876
European Union (27),OWID_EU27,2005,52.01353
European Union (27),OWID_EU27,2006,55.245964
European Union (27),OWID_EU27,2007,59.813522
European Union (27),OWID_EU27,2008,54.5007
European Union (27),OWID_EU27,2009,56.322655
European Union (27),OWID_EU27,2010,60.45202
European Union (27),OWID_EU27,2011,60.38943
European Union (27),OWID_EU27,2012,61.35363
European Union (27),OWID_EU27,2013,65.743385
European Union (27),OWID_EU27,2014,66.15158
European Union (27),OWID_EU27,2015,69.13832
European Union (27),OWID_EU27,2016,73.42531
European Union (27),OWID_EU27,2017,74.95371
European Union (27),OWID_EU27,2018,77.31317
European Union (27),OWID_EU27,2019,79.8385
European Union (27),OWID_EU27,2020,76.31498
European Union (27),OWID_EU27,2021,80.86203
European Union (27),OWID_EU27,2022,83.13968
Fiji,FJI,1987,76.7084
Fiji,FJI,1988,68.37718
Fiji,FJI,1989,65.76578
Fiji,FJI,1990,62.98086
Fiji,FJI,1991,55.971737
Fiji,FJI,1992,54.651615
Fiji,FJI,1993,51.6945
Fiji,FJI,1994,50.595173
Fiji,FJI,1995,48.52361
Fiji,FJI,1996,47.778866
Fiji,FJI,1997,44.064198
Fiji,FJI,1998,42.229885
Fiji,FJI,1999,43.59515
Fiji,FJI,2000,40.76802
Fiji,FJI,2001,41.260166
Fiji,FJI,2002,42.252083
Fiji,FJI,2003,42.347984
Fiji,FJI,2004,44.253723
Fiji,FJI,2005,44.22757
Fiji,FJI,2006,45.04688
Fiji,FJI,2007,44.663685
Fiji,FJI,2008,45.12497
Fiji,FJI,2009,44.49952
Fiji,FJI,2010,45.814335
Fiji,FJI,2011,47.053677
Fiji,FJI,2012,47.71775
Fiji,FJI,2013,49.976814
Fiji,FJI,2014,52.777275
Fiji,FJI,2015,55.152885
Fiji,FJI,2016,56.50173
Fiji,FJI,2017,59.526474
Fiji,FJI,2018,61.795834
Fiji,FJI,2019,61.436214
Fiji,FJI,2020,50.879303
Fiji,FJI,2021,48.668106
Fiji,FJI,2022,57.304325
Finland,FIN,1970,23.932444
Finland,FIN,1971,24.130892
Finland,FIN,1972,25.615217
Finland,FIN,1973,27.006979
Finland,FIN,1974,27.482767
Finland,FIN,1975,27.584736
Finland,FIN,1976,27.44778
Finland,FIN,1977,27.284876
Finland,FIN,1978,27.850073
Finland,FIN,1979,29.589664
Finland,FIN,1980,30.93142
Finland,FIN,1981,30.830294
Finland,FIN,1982,31.282745
Finland,FIN,1983,31.754946
Finland,FIN,1984,32.28035
Finland,FIN,1985,32.921745
Finland,FIN,1986,36.916866
Finland,FIN,1987,42.072083
Finland,FIN,1988,49.21709
Finland,FIN,1989,58.22108
Finland,FIN,1990,67.05329
Finland,FIN,1991,61.735893
Finland,FIN,1992,58.419464
Finland,FIN,1993,56.75437
Finland,FIN,1994,57.798256
Finland,FIN,1995,59.03887
Finland,FIN,1996,62.768658
Finland,FIN,1997,68.53975
Finland,FIN,1998,74.2291
Finland,FIN,1999,79.63688
Finland,FIN,2000,66.78
Finland,FIN,2001,56.784885
Finland,FIN,2002,49.28791
Finland,FIN,2003,43.905304
Finland,FIN,2004,40.526176
Finland,FIN,2005,37.43936
Finland,FIN,2006,35.36746
Finland,FIN,2007,39.83364
Finland,FIN,2008,43.142864
Finland,FIN,2009,42.857807
Finland,FIN,2010,48.095413
Finland,FIN,2011,53.98177
Finland,FIN,2012,58.817093
Finland,FIN,2013,65.17714
Finland,FIN,2014,73.63528
Finland,FIN,2015,85.54425
Finland,FIN,2016,104.00381
Finland,FIN,2017,107.43944
Finland,FIN,2018,89.30667
Finland,FIN,2019,84.47794
Finland,FIN,2020,82.373566
Finland,FIN,2021,84.57817
Finland,FIN,2022,85.22353
France,FRA,1980,41.148464
France,FRA,1981,40.60948
France,FRA,1982,40.59905
France,FRA,1983,40.14422
France,FRA,1984,39.852726
France,FRA,1985,39.568527
France,FRA,1986,39.87436
France,FRA,1987,40.25664
France,FRA,1988,41.548874
France,FRA,1989,42.725235
France,FRA,1990,43.281734
France,FRA,1991,42.940643
France,FRA,1992,42.73691
France,FRA,1993,44.605217
France,FRA,1994,47.94472
France,FRA,1995,51.622795
France,FRA,1996,55.241882
France,FRA,1997,59.957237
France,FRA,1998,60.454063
France,FRA,1999,60.962826
France,FRA,2000,61.954754
France,FRA,2001,63.466373
France,FRA,2002,64.48603
France,FRA,2003,64.38445
France,FRA,2004,65.50112
France,FRA,2005,66.01054
France,FRA,2006,70.386246
France,FRA,2007,75.026855
France,FRA,2008,81.44006
France,FRA,2009,79.66706
France,FRA,2010,80.954414
France,FRA,2011,78.61438
France,FRA,2012,84.60484
France,FRA,2013,88.11086
France,FRA,2014,88.53365
France,FRA,2015,86.87166
France,FRA,2016,93.18693
France,FRA,2017,93.32811
France,FRA,2018,94.94551
France,FRA,2019,99.49748
France,FRA,2020,97.84475
France,FRA,2021,105.6229
France,FRA,2022,108.492424
Gabon,GAB,1987,106.3056
Gabon,GAB,1988,111.35252
Gabon,GAB,1989,112.775185
Gabon,GAB,1990,111.186226
Gabon,GAB,1991,111.01584
Gabon,GAB,1992,101.58677
Gabon,GAB,1993,100.01929
Gabon,GAB,1994,98.52929
Gabon,GAB,1995,98.48953
Gabon,GAB,1996,97.40707
Gabon,GAB,1997,98.5059
Gabon,GAB,1998,97.673134
Gabon,GAB,1999,85.3812
Gabon,GAB,2000,80.54341
Gabon,GAB,2001,79.76997
Gabon,GAB,2002,77.23062
Gabon,GAB,2003,76.709724
Gabon,GAB,2004,75.092834
Gabon,GAB,2005,75.018326
Gabon,GAB,2006,72.91287
Gabon,GAB,2007,77.29356
Gabon,GAB,2008,74.73636
Gabon,GAB,2009,74.83376
Gabon,GAB,2010,80.13939
Gabon,GAB,2011,85.82268
Gabon,GAB,2012,90.32929
Gabon,GAB,2013,95.42269
Gabon,GAB,2014,99.540146
Gabon,GAB,2015,103.40121
Gabon,GAB,2016,105.56378
Gabon,GAB,2017,106.06272
Gabon,GAB,2018,106.95144
Gabon,GAB,2019,111.1448
Gabon,GAB,2020,109.10223
Gabon,GAB,2021,110.7038
Gabon,GAB,2022,114.06655
Gambia,GMB,1982,24.966099
Gambia,GMB,1983,23.083492
Gambia,GMB,1984,20.494307
Gambia,GMB,1985,17.792706
Gambia,GMB,1986,16.46698
Gambia,GMB,1987,15.187128
Gambia,GMB,1988,14.426988
Gambia,GMB,1989,14.006388
Gambia,GMB,1990,13.390681
Gambia,GMB,1991,12.821837
Gambia,GMB,1992,12.372463
Gambia,GMB,1993,11.949481
Gambia,GMB,1994,11.264692
Gambia,GMB,1995,10.733341
Gambia,GMB,1996,10.395088
Gambia,GMB,1997,10.359728
Gambia,GMB,1998,10.212179
Gambia,GMB,1999,10.372274
Gambia,GMB,2000,10.610235
Gambia,GMB,2001,10.956853
Gambia,GMB,2002,10.352876
Gambia,GMB,2003,10.811316
Gambia,GMB,2004,11.314978
Gambia,GMB,2005,10.807458
Gambia,GMB,2006,10.747414
Gambia,GMB,2007,11.074485
Gambia,GMB,2008,11.767294
Gambia,GMB,2009,12.551669
Gambia,GMB,2010,13.293264
Gambia,GMB,2011,12.212462
Gambia,GMB,2012,12.852587
Gambia,GMB,2013,13.221812
Gambia,GMB,2014,13.03573
Gambia,GMB,2015,13.564731
Gambia,GMB,2016,13.8283415
Gambia,GMB,2017,14.495229
Gambia,GMB,2018,15.543943
Gambia,GMB,2019,16.511095
Gambia,GMB,2020,16.608757
Gambia,GMB,2021,17.481707
Gambia,GMB,2022,18.441977
Georgia,GEO,1992,2.3365743
Georgia,GEO,1993,1.7373766
Georgia,GEO,1994,1.6416075
Georgia,GEO,1995,1.7813706
Georgia,GEO,1996,2.1021714
Georgia,GEO,1997,2.4748063
Georgia,GEO,1998,2.729513
Georgia,GEO,1999,3.0182755
Georgia,GEO,2000,3.3229449
Georgia,GEO,2001,3.520376
Georgia,GEO,2002,3.7537022
Georgia,GEO,2003,4.2148595
Georgia,GEO,2004,4.5088844
Georgia,GEO,2005,4.9972286
Georgia,GEO,2006,5.4580064
Georgia,GEO,2007,6.1331263
Georgia,GEO,2008,6.270161
Georgia,GEO,2009,6.140129
Georgia,GEO,2010,6.632215
Georgia,GEO,2011,7.279563
Georgia,GEO,2012,7.8920116
Georgia,GEO,2013,8.4424095
Georgia,GEO,2014,8.944392
Georgia,GEO,2015,9.411893
Georgia,GEO,2016,9.916601
Georgia,GEO,2017,12.048981
Georgia,GEO,2018,13.6049795
Georgia,GEO,2019,11.774282
Georgia,GEO,2020,10.489323
Georgia,GEO,2021,11.928547
Georgia,GEO,2022,16.465418
Germany,DEU,1991,53.7033
Germany,DEU,1992,50.75222
Germany,DEU,1993,50.673264
Germany,DEU,1994,52.348045
Germany,DEU,1995,53.537453
Germany,DEU,1996,55.300022
Germany,DEU,1997,56.780052
Germany,DEU,1998,59.96443
Germany,DEU,1999,61.83011
Germany,DEU,2000,64.29357
Germany,DEU,2001,65.58137
Germany,DEU,2002,65.826355
Germany,DEU,2003,67.78257
Germany,DEU,2004,70.87916
Germany,DEU,2005,73.65065
Germany,DEU,2006,77.66384
Germany,DEU,2007,98.43163
Germany,DEU,2008,82.40711
Germany,DEU,2009,76.23231
Germany,DEU,2010,95.49872
Germany,DEU,2011,89.75138
Germany,DEU,2012,97.60559
Germany,DEU,2013,130.1898
Germany,DEU,2014,107.61025
Germany,DEU,2015,114.80753
Germany,DEU,2016,143.2399
Germany,DEU,2017,129.70741
Germany,DEU,2018,135.2116
Germany,DEU,2019,142.50769
Germany,DEU,2020,136.61938
Germany,DEU,2021,141.96121
Germany,DEU,2022,144.52965
Ghana,GHA,1970,34.27666
Ghana,GHA,1971,33.52419
Ghana,GHA,1972,30.539051
Ghana,GHA,1973,29.48005
Ghana,GHA,1974,29.668394
Ghana,GHA,1975,24.552374
Ghana,GHA,1976,22.451777
Ghana,GHA,1977,21.825407
Ghana,GHA,1978,22.558369
Ghana,GHA,1979,21.000294
Ghana,GHA,1980,20.189758
Ghana,GHA,1981,18.677319
Ghana,GHA,1982,16.694223
Ghana,GHA,1983,15.324156
Ghana,GHA,1984,16.037136
Ghana,GHA,1985,16.255962
Ghana,GHA,1986,16.515411
Ghana,GHA,1987,16.734152
Ghana,GHA,1988,17.109375
Ghana,GHA,1989,17.421104
Ghana,GHA,1990,17.458765
Ghana,GHA,1991,17.843397
Ghana,GHA,1992,18.008986
Ghana,GHA,1993,18.360758
Ghana,GHA,1994,18.456757
Ghana,GHA,1995,18.7127
Ghana,GHA,1996,19.074564
Ghana,GHA,1997,19.380554
Ghana,GHA,1998,19.798962
Ghana,GHA,1999,20.180262
Ghana,GHA,2000,20.442472
Ghana,GHA,2001,20.688704
Ghana,GHA,2002,21.053776
Ghana,GHA,2003,21.583597
Ghana,GHA,2004,22.225346
Ghana,GHA,2005,22.965403
Ghana,GHA,2006,23.856173
Ghana,GHA,2007,24.316963
Ghana,GHA,2008,25.94146
Ghana,GHA,2009,26.596497
Ghana,GHA,2010,28.076422
Ghana,GHA,2011,31.268728
Ghana,GHA,2012,33.339912
Ghana,GHA,2013,35.18612
Ghana,GHA,2014,35.570847
Ghana,GHA,2015,34.36751
Ghana,GHA,2016,35.278572
Ghana,GHA,2017,38.14633
Ghana,GHA,2018,40.511433
Ghana,GHA,2019,43.147827
Ghana,GHA,2020,43.36958
Ghana,GHA,2021,45.57122
Ghana,GHA,2022,47.305138
Greece,GRC,1970,22.047375
Greece,GRC,1971,23.751804
Greece,GRC,1972,26.13826
Greece,GRC,1973,28.2246
Greece,GRC,1974,26.380476
Greece,GRC,1975,28.031458
Greece,GRC,1976,28.93151
Greece,GRC,1977,28.80098
Greece,GRC,1978,29.902771
Greece,GRC,1979,29.929415
Greece,GRC,1980,29.228474
Greece,GRC,1981,28.26192
Greece,GRC,1982,27.452923
Greece,GRC,1983,26.689825
Greece,GRC,1984,26.766178
Greece,GRC,1985,26.981758
Greece,GRC,1986,24.96781
Greece,GRC,1987,22.608553
Greece,GRC,1988,21.962317
Greece,GRC,1989,21.334929
Greece,GRC,1990,20.049181
Greece,GRC,1991,20.428745
Greece,GRC,1992,20.33373
Greece,GRC,1993,20.218847
Greece,GRC,1994,20.842451
Greece,GRC,1995,21.508726
Greece,GRC,1996,20.617283
Greece,GRC,1997,20.255817
Greece,GRC,1998,20.689478
Greece,GRC,1999,20.976736
Greece,GRC,2000,21.577703
Greece,GRC,2001,22.308475
Greece,GRC,2002,23.074572
Greece,GRC,2003,24.058338
Greece,GRC,2004,24.989964
Greece,GRC,2005,24.92956
Greece,GRC,2006,26.568657
Greece,GRC,2007,27.534405
Greece,GRC,2008,27.327019
Greece,GRC,2009,25.989437
Greece,GRC,2010,24.3155
Greece,GRC,2011,21.738392
Greece,GRC,2012,19.927336
Greece,GRC,2013,19.494186
Greece,GRC,2014,19.666458
Greece,GRC,2015,19.637402
Greece,GRC,2016,19.189573
Greece,GRC,2017,19.476103
Greece,GRC,2018,19.901787
Greece,GRC,2019,20.369072
Greece,GRC,2020,18.483095
Greece,GRC,2021,20.152397
Greece,GRC,2022,21.349873
Grenada,GRD,2005,89.574905
Grenada,GRD,2006,82.24918
Grenada,GRD,2007,83.641365
Grenada,GRD,2008,81.049934
Grenada,GRD,2009,72.77326
Grenada,GRD,2010,69.7149
Grenada,GRD,2011,67.734825
Grenada,GRD,2012,64.63999
Grenada,GRD,2013,63.95083
Grenada,GRD,2014,66.42829
Grenada,GRD,2015,70.70975
Grenada,GRD,2016,73.35401
Grenada,GRD,2017,76.609955
Grenada,GRD,2018,79.951256
Grenada,GRD,2019,80.492134
Grenada,GRD,2020,69.419136
Grenada,GRD,2021,72.68025
Grenada,GRD,2022,77.993355
Guatemala,GTM,2001,15.612451
Guatemala,GTM,2002,15.096501
Guatemala,GTM,2003,14.4863825
Guatemala,GTM,2004,14.037365
Guatemala,GTM,2005,13.67048
Guatemala,GTM,2006,13.625029
Guatemala,GTM,2007,14.488544
Guatemala,GTM,2008,14.965728
Guatemala,GTM,2009,15.037099
Guatemala,GTM,2010,15.470796
Guatemala,GTM,2011,16.114985
Guatemala,GTM,2012,16.594358
Guatemala,GTM,2013,17.20749
Guatemala,GTM,2014,17.972187
Guatemala,GTM,2015,18.70764
Guatemala,GTM,2016,19.208593
Guatemala,GTM,2017,19.80019
Guatemala,GTM,2018,20.474758
Guatemala,GTM,2019,21.297413
Guatemala,GTM,2020,20.917135
Guatemala,GTM,2021,22.59923
Guatemala,GTM,2022,23.544899
Guinea,GIN,1987,4.133812
Guinea,GIN,1988,4.4698496
Guinea,GIN,1989,4.7298126
Guinea,GIN,1990,5.0218477
Guinea,GIN,1991,5.246135
Guinea,GIN,1992,5.517356
Guinea,GIN,1993,5.9042273
Guinea,GIN,1994,6.255819
Guinea,GIN,1995,6.671426
Guinea,GIN,1996,7.1073995
Guinea,GIN,1997,7.627059
Guinea,GIN,1998,8.068383
Guinea,GIN,1999,8.552723
Guinea,GIN,2000,8.955812
Guinea,GIN,2001,9.633451
Guinea,GIN,2002,10.054266
Guinea,GIN,2003,10.103297
Guinea,GIN,2004,10.262598
Guinea,GIN,2005,10.491933
Guinea,GIN,2006,10.185414
Guinea,GIN,2007,10.45504
Guinea,GIN,2008,10.478072
Guinea,GIN,2009,9.985251
Guinea,GIN,2010,10.100116
Guinea,GIN,2011,10.306746
Guinea,GIN,2012,10.559835
Guinea,GIN,2013,10.629289
Guinea,GIN,2014,10.684246
Guinea,GIN,2015,10.763003
Guinea,GIN,2016,11.583037
Guinea,GIN,2017,12.417353
Guinea,GIN,2018,12.846201
Guinea,GIN,2019,13.567761
Guinea,GIN,2020,14.206069
Guinea,GIN,2021,14.9991
Guinea,GIN,2022,15.594925
Guinea-Bissau,GNB,1991,35.08712
Guinea-Bissau,GNB,1992,12.196626
Guinea-Bissau,GNB,1993,7.518997
Guinea-Bissau,GNB,1994,5.5576677
Guinea-Bissau,GNB,1995,4.5196633
Guinea-Bissau,GNB,1996,4.1308465
Guinea-Bissau,GNB,1997,4.3993516
Guinea-Bissau,GNB,1998,3.411885
Guinea-Bissau,GNB,1999,3.9855943
Guinea-Bissau,GNB,2000,4.0294466
Guinea-Bissau,GNB,2001,4.222295
Guinea-Bissau,GNB,2002,4.376575
Guinea-Bissau,GNB,2003,4.364061
Guinea-Bissau,GNB,2004,4.415203
Guinea-Bissau,GNB,2005,4.70483
Guinea-Bissau,GNB,2006,4.8302846
Guinea-Bissau,GNB,2007,4.953932
Guinea-Bissau,GNB,2008,5.1780763
Guinea-Bissau,GNB,2009,5.304833
Guinea-Bissau,GNB,2010,5.602188
Guinea-Bissau,GNB,2011,6.055127
Guinea-Bissau,GNB,2012,5.951411
Guinea-Bissau,GNB,2013,6.145193
Guinea-Bissau,GNB,2014,6.204465
Guinea-Bissau,GNB,2015,6.5850525
Guinea-Bissau,GNB,2016,6.942797
Guinea-Bissau,GNB,2017,7.266587
Guinea-Bissau,GNB,2018,7.539916
Guinea-Bissau,GNB,2019,7.941605
Guinea-Bissau,GNB,2020,8.171228
Guinea-Bissau,GNB,2021,8.583921
Guinea-Bissau,GNB,2022,9.0586
Guyana,GUY,1992,1.3954297
Guyana,GUY,1993,1.4865977
Guyana,GUY,1994,1.5893193
Guyana,GUY,1995,1.6446966
Guyana,GUY,1996,1.7497667
Guyana,GUY,1997,1.8313301
Guyana,GUY,1998,1.7751801
Guyana,GUY,1999,1.8023038
Guyana,GUY,2000,1.7533344
Guyana,GUY,2001,1.8102566
Guyana,GUY,2002,1.848234
Guyana,GUY,2003,1.8542472
Guyana,GUY,2004,1.9015602
Guyana,GUY,2005,1.8827817
Guyana,GUY,2006,2.0098326
Guyana,GUY,2007,2.1880486
Guyana,GUY,2008,2.261818
Guyana,GUY,2009,2.3813279
Guyana,GUY,2010,2.5205595
Guyana,GUY,2011,2.651534
Guyana,GUY,2012,2.7914379
Guyana,GUY,2013,2.89342
Guyana,GUY,2014,2.942217
Guyana,GUY,2015,2.9624422
Guyana,GUY,2016,3.0752358
Guyana,GUY,2017,3.1900802
Guyana,GUY,2018,3.331749
Guyana,GUY,2019,3.5100923
Guyana,GUY,2020,5.036268
Guyana,GUY,2021,6.046543
Guyana,GUY,2022,9.8761
Haiti,HTI,1991,11.597184
Haiti,HTI,1992,10.189291
Haiti,HTI,1993,8.988077
Haiti,HTI,1994,7.415077
Haiti,HTI,1995,7.6657753
Haiti,HTI,1996,7.9104466
Haiti,HTI,1997,8.051032
Haiti,HTI,1998,8.153065
Haiti,HTI,1999,8.29975
Haiti,HTI,2000,8.298352
Haiti,HTI,2001,8.19783
Haiti,HTI,2002,8.212478
Haiti,HTI,2003,8.425534
Haiti,HTI,2004,8.2438755
Haiti,HTI,2005,8.425577
Haiti,HTI,2006,8.50299
Haiti,HTI,2007,8.829443
Haiti,HTI,2008,8.989673
Haiti,HTI,2009,9.441638
Haiti,HTI,2010,8.908043
Haiti,HTI,2011,9.362194
Haiti,HTI,2012,9.409232
Haiti,HTI,2013,9.816161
Haiti,HTI,2014,10.099728
Haiti,HTI,2015,10.241123
Haiti,HTI,2016,10.426741
Haiti,HTI,2017,10.68848
Haiti,HTI,2018,10.866744
Haiti,HTI,2019,10.6795
Haiti,HTI,2020,10.326488
Haiti,HTI,2021,10.140793
Haiti,HTI,2022,9.970226
High-income countries,OWID_HIC,1970,24.808401
High-income countries,OWID_HIC,1971,25.04161
High-income countries,OWID_HIC,1972,25.73712
High-income countries,OWID_HIC,1973,26.954124
High-income countries,OWID_HIC,1974,27.502792
High-income countries,OWID_HIC,1975,25.43451
High-income countries,OWID_HIC,1976,26.03318
High-income countries,OWID_HIC,1977,26.165758
High-income countries,OWID_HIC,1978,26.435223
High-income countries,OWID_HIC,1979,27.04183
High-income countries,OWID_HIC,1980,20.181225
High-income countries,OWID_HIC,1981,20.649405
High-income countries,OWID_HIC,1982,20.76335
High-income countries,OWID_HIC,1983,21.528057
High-income countries,OWID_HIC,1984,22.681606
High-income countries,OWID_HIC,1985,23.611563
High-income countries,OWID_HIC,1986,24.195837
High-income countries,OWID_HIC,1987,25.258902
High-income countries,OWID_HIC,1988,26.611355
High-income countries,OWID_HIC,1989,27.824467
High-income countries,OWID_HIC,1990,27.899235
High-income countries,OWID_HIC,1991,29.29104
High-income countries,OWID_HIC,1992,27.063051
High-income countries,OWID_HIC,1993,27.827572
High-income countries,OWID_HIC,1994,28.944017
High-income countries,OWID_HIC,1995,29.83085
High-income countries,OWID_HIC,1996,30.756605
High-income countries,OWID_HIC,1997,31.905188
High-income countries,OWID_HIC,1998,32.719837
High-income countries,OWID_HIC,1999,33.80865
High-income countries,OWID_HIC,2000,34.971855
High-income countries,OWID_HIC,2001,35.963596
High-income countries,OWID_HIC,2002,36.631157
High-income countries,OWID_HIC,2003,37.48926
High-income countries,OWID_HIC,2004,38.821682
High-income countries,OWID_HIC,2005,39.796234
High-income countries,OWID_HIC,2006,41.946987
High-income countries,OWID_HIC,2007,44.402355
High-income countries,OWID_HIC,2008,44.39435
High-income countries,OWID_HIC,2009,44.396812
High-income countries,OWID_HIC,2010,46.59324
High-income countries,OWID_HIC,2011,47.51151
High-income countries,OWID_HIC,2012,47.81654
High-income countries,OWID_HIC,2013,48.978115
High-income countries,OWID_HIC,2014,49.193176
High-income countries,OWID_HIC,2015,51.16724
High-income countries,OWID_HIC,2016,52.36553
High-income countries,OWID_HIC,2017,53.516766
High-income countries,OWID_HIC,2018,54.81595
High-income countries,OWID_HIC,2019,56.150913
High-income countries,OWID_HIC,2020,54.137325
High-income countries,OWID_HIC,2021,57.07352
High-income countries,OWID_HIC,2022,58.39504
Honduras,HND,2003,8.161611
Honduras,HND,2004,8.670267
Honduras,HND,2005,9.19487
Honduras,HND,2006,9.798719
Honduras,HND,2007,10.405096
Honduras,HND,2008,10.845399
Honduras,HND,2009,10.581678
Honduras,HND,2010,10.976496
Honduras,HND,2011,11.39752
Honduras,HND,2012,11.868089
Honduras,HND,2013,12.199393
Honduras,HND,2014,12.57246
Honduras,HND,2015,13.055253
Honduras,HND,2016,13.563491
Honduras,HND,2017,14.220359
Honduras,HND,2018,14.767131
Honduras,HND,2019,15.145115
Honduras,HND,2020,13.787343
Honduras,HND,2021,15.519762
Honduras,HND,2022,16.162832
Hungary,HUN,1970,16.564919
Hungary,HUN,1971,16.50082
Hungary,HUN,1972,16.484911
Hungary,HUN,1973,16.649982
Hungary,HUN,1974,16.710272
Hungary,HUN,1975,16.864408
Hungary,HUN,1976,16.762123
Hungary,HUN,1977,17.332294
Hungary,HUN,1978,17.415382
Hungary,HUN,1979,17.238235
Hungary,HUN,1980,16.66937
Hungary,HUN,1981,16.110847
Hungary,HUN,1982,15.624231
Hungary,HUN,1983,14.8886
Hungary,HUN,1984,14.502343
Hungary,HUN,1985,13.761552
Hungary,HUN,1986,13.729867
Hungary,HUN,1987,14.041975
Hungary,HUN,1988,13.797047
Hungary,HUN,1989,13.669001
Hungary,HUN,1990,12.976625
Hungary,HUN,1991,11.250566
Hungary,HUN,1992,10.7341385
Hungary,HUN,1993,11.110685
Hungary,HUN,1994,11.928106
Hungary,HUN,1995,12.647558
Hungary,HUN,1996,13.253507
Hungary,HUN,1997,13.743683
Hungary,HUN,1998,14.37313
Hungary,HUN,1999,14.9218445
Hungary,HUN,2000,15.691161
Hungary,HUN,2001,16.446089
Hungary,HUN,2002,17.348892
Hungary,HUN,2003,18.205006
Hungary,HUN,2004,19.293407
Hungary,HUN,2005,20.319658
Hungary,HUN,2006,21.327364
Hungary,HUN,2007,21.611448
Hungary,HUN,2008,22.0458
Hungary,HUN,2009,17.609783
Hungary,HUN,2010,21.019358
Hungary,HUN,2011,22.01673
Hungary,HUN,2012,22.470106
Hungary,HUN,2013,22.057703
Hungary,HUN,2014,30.798433
Hungary,HUN,2015,31.077948
Hungary,HUN,2016,32.406765
Hungary,HUN,2017,28.204176
Hungary,HUN,2018,28.683535
Hungary,HUN,2019,33.21515
Hungary,HUN,2020,31.644106
Hungary,HUN,2021,34.02464
Hungary,HUN,2022,33.73218
Iceland,ISL,1980,67.167694
Iceland,ISL,1981,69.517456
Iceland,ISL,1982,70.496895
Iceland,ISL,1983,68.48053
Iceland,ISL,1984,70.795166
Iceland,ISL,1985,72.60401
Iceland,ISL,1986,70.256485
Iceland,ISL,1987,70.00037
Iceland,ISL,1988,64.63195
Iceland,ISL,1989,60.229824
Iceland,ISL,1990,56.92051
Iceland,ISL,1991,56.793278
Iceland,ISL,1992,54.877132
Iceland,ISL,1993,55.764874
Iceland,ISL,1994,57.951378
Iceland,ISL,1995,58.194225
Iceland,ISL,1996,60.995876
Iceland,ISL,1997,63.71471
Iceland,ISL,1998,68.38929
Iceland,ISL,1999,71.27239
Iceland,ISL,2000,74.99778
Iceland,ISL,2001,77.403534
Iceland,ISL,2002,77.35162
Iceland,ISL,2003,79.1163
Iceland,ISL,2004,85.147026
Iceland,ISL,2005,82.91226
Iceland,ISL,2006,80.365814
Iceland,ISL,2007,80.71297
Iceland,ISL,2008,76.25762
Iceland,ISL,2009,65.27783
Iceland,ISL,2010,59.859734
Iceland,ISL,2011,57.30499
Iceland,ISL,2012,54.953064
Iceland,ISL,2013,57.496845
Iceland,ISL,2014,61.93774
Iceland,ISL,2015,63.329113
Iceland,ISL,2016,72.312
Iceland,ISL,2017,67.090866
Iceland,ISL,2018,70.21781
Iceland,ISL,2019,71.017044
Iceland,ISL,2020,66.29733
Iceland,ISL,2021,69.73192
Iceland,ISL,2022,75.88276
India,IND,1975,0.61156684
India,IND,1976,0.60321283
India,IND,1977,0.6282553
India,IND,1978,0.645469
India,IND,1979,0.59492886
India,IND,1980,0.6180968
India,IND,1981,0.63822967
India,IND,1982,0.6437198
India,IND,1983,0.67361313
India,IND,1984,0.6825235
India,IND,1985,0.7015068
India,IND,1986,0.73403937
India,IND,1987,0.76213527
India,IND,1988,0.8344062
India,IND,1989,0.88286275
India,IND,1990,0.93048567
India,IND,1991,0.92000574
India,IND,1992,0.949923
India,IND,1993,0.97444594
India,IND,1994,1.0182475
India,IND,1995,1.0735935
India,IND,1996,1.1321325
India,IND,1997,1.155454
India,IND,1998,1.2038891
India,IND,1999,1.2862452
India,IND,2000,1.3114927
India,IND,2001,1.3416568
India,IND,2002,1.3599479
India,IND,2003,1.4331486
India,IND,2004,1.6217495
India,IND,2005,1.7399234
India,IND,2006,1.8691481
India,IND,2007,2.0006082
India,IND,2008,2.050407
India,IND,2009,2.1988626
India,IND,2010,2.3720431
India,IND,2011,2.4963694
India,IND,2012,2.632581
India,IND,2013,2.8007004
India,IND,2014,3.0082388
India,IND,2015,3.248785
India,IND,2016,3.5170147
India,IND,2017,3.7560093
India,IND,2018,3.9984167
India,IND,2019,4.153213
India,IND,2020,3.9132516
India,IND,2021,4.29243
India,IND,2022,4.619056
Indonesia,IDN,1990,3.6314886
Indonesia,IDN,1991,3.6891987
Indonesia,IDN,1992,3.7425733
Indonesia,IDN,1993,3.8052397
Indonesia,IDN,1994,3.9149108
Indonesia,IDN,1995,4.0607963
Indonesia,IDN,1996,4.2037687
Indonesia,IDN,1997,4.232617
Indonesia,IDN,1998,3.5412602
Indonesia,IDN,1999,3.4421926
Indonesia,IDN,2000,3.4873521
Indonesia,IDN,2001,3.4087129
Indonesia,IDN,2002,3.370281
Indonesia,IDN,2003,3.3509555
Indonesia,IDN,2004,3.3484483
Indonesia,IDN,2005,3.3749976
Indonesia,IDN,2006,3.402903
Indonesia,IDN,2007,3.4652917
Indonesia,IDN,2008,3.5241728
Indonesia,IDN,2009,3.5431054
Indonesia,IDN,2010,3.6219807
Indonesia,IDN,2011,3.705976
Indonesia,IDN,2012,3.791917
Indonesia,IDN,2013,3.867288
Indonesia,IDN,2014,3.9280763
Indonesia,IDN,2015,3.9891357
Indonesia,IDN,2016,4.0612736
Indonesia,IDN,2017,4.2671714
Indonesia,IDN,2018,4.487967
Indonesia,IDN,2019,4.713231
Indonesia,IDN,2020,4.615879
Indonesia,IDN,2021,4.7867994
Indonesia,IDN,2022,5.0408444
Iran,IRN,1975,4.858706
Iran,IRN,1976,5.5736527
Iran,IRN,1977,5.2613187
Iran,IRN,1978,4.4560094
Iran,IRN,1979,3.812523
Iran,IRN,1980,2.9089644
Iran,IRN,1981,2.671714
Iran,IRN,1982,3.207154
Iran,IRN,1983,3.4744256
Iran,IRN,1984,3.1483305
Iran,IRN,1985,3.1314
Iran,IRN,1986,2.7598279
Iran,IRN,1987,2.692956
Iran,IRN,1988,2.4733999
Iran,IRN,1989,2.5684352
Iran,IRN,1990,2.8559935
Iran,IRN,1991,3.1527097
Iran,IRN,1992,3.1906986
Iran,IRN,1993,3.081329
Iran,IRN,1994,2.7724607
Iran,IRN,1995,2.6173542
Iran,IRN,1996,2.7471604
Iran,IRN,1997,2.7483099
Iran,IRN,1998,2.7697146
Iran,IRN,1999,2.789625
Iran,IRN,2000,2.915992
Iran,IRN,2001,2.9474213
Iran,IRN,2002,3.1451662
Iran,IRN,2003,3.3741238
Iran,IRN,2004,3.4825454
Iran,IRN,2005,3.5936317
Iran,IRN,2006,3.773306
Iran,IRN,2007,4.081048
Iran,IRN,2008,4.0912857
Iran,IRN,2009,4.1325006
Iran,IRN,2010,4.3721004
Iran,IRN,2011,4.487774
Iran,IRN,2012,4.3196096
Iran,IRN,2013,4.2538657
Iran,IRN,2014,4.4659114
Iran,IRN,2015,4.4022775
Iran,IRN,2016,4.790342
Iran,IRN,2017,4.9353385
Iran,IRN,2018,4.7503643
Iran,IRN,2019,4.6381874
Iran,IRN,2020,4.844207
Iran,IRN,2021,5.044316
Iran,IRN,2022,5.2638855
Iraq,IRQ,1975,0.46497965
Iraq,IRQ,1976,0.5442098
Iraq,IRQ,1977,0.5539084
Iraq,IRQ,1978,0.64763963
Iraq,IRQ,1979,0.7818943
Iraq,IRQ,1980,0.9743185
Iraq,IRQ,1981,0.9661526
Iraq,IRQ,1982,0.99823016
Iraq,IRQ,1983,0.86677444
Iraq,IRQ,1984,0.852963
Iraq,IRQ,1985,0.8644148
Iraq,IRQ,1986,0.8968062
Iraq,IRQ,1987,0.9718943
Iraq,IRQ,1988,0.9634901
Iraq,IRQ,1989,0.92561406
Iraq,IRQ,1990,1.4486336
Iraq,IRQ,1991,0.49404562
Iraq,IRQ,1992,0.6230308
Iraq,IRQ,1993,0.773899
Iraq,IRQ,1994,0.7679256
Iraq,IRQ,1995,0.75076175
Iraq,IRQ,1996,0.79940915
Iraq,IRQ,1997,0.9312193
Iraq,IRQ,1998,1.2096167
Iraq,IRQ,1999,1.370447
Iraq,IRQ,2000,1.5443583
Iraq,IRQ,2001,1.6171587
Iraq,IRQ,2002,1.5287677
Iraq,IRQ,2003,0.9981409
Iraq,IRQ,2004,1.5795636
Iraq,IRQ,2005,1.6586329
Iraq,IRQ,2006,1.8114898
Iraq,IRQ,2007,1.910398
Iraq,IRQ,2008,2.1426957
Iraq,IRQ,2009,2.2986035
Iraq,IRQ,2010,2.54158
Iraq,IRQ,2011,2.8448179
Iraq,IRQ,2012,3.3794322
Iraq,IRQ,2013,3.7986965
Iraq,IRQ,2014,4.0651565
Iraq,IRQ,2015,4.77808
Iraq,IRQ,2016,4.927756
Iraq,IRQ,2017,4.326558
Iraq,IRQ,2018,5.69723
Iraq,IRQ,2019,3.5636263
Iraq,IRQ,2020,3.940482
Iraq,IRQ,2021,4.246338
Iraq,IRQ,2022,4.5843062
Ireland,IRL,1980,53.972622
Ireland,IRL,1981,55.375484
Ireland,IRL,1982,56.24477
Ireland,IRL,1983,55.718594
Ireland,IRL,1984,57.74468
Ireland,IRL,1985,59.119633
Ireland,IRL,1986,58.466827
Ireland,IRL,1987,60.780613
Ireland,IRL,1988,63.523506
Ireland,IRL,1989,66.769554
Ireland,IRL,1990,71.944016
Ireland,IRL,1991,72.850845
Ireland,IRL,1992,74.79541
Ireland,IRL,1993,76.31163
Ireland,IRL,1994,80.1844
Ireland,IRL,1995,90.54861
Ireland,IRL,1996,100.23978
Ireland,IRL,1997,114.842026
Ireland,IRL,1998,129.02986
Ireland,IRL,1999,147.48186
Ireland,IRL,2000,167.04916
Ireland,IRL,2001,182.3531
Ireland,IRL,2002,200.44977
Ireland,IRL,2003,214.64851
Ireland,IRL,2004,238.647
Ireland,IRL,2005,263.16904
Ireland,IRL,2006,288.76407
Ireland,IRL,2007,318.4695
Ireland,IRL,2008,298.66583
Ireland,IRL,2009,278.39163
Ireland,IRL,2010,257.73123
Ireland,IRL,2011,240.35709
Ireland,IRL,2012,221.20529
Ireland,IRL,2013,210.10152
Ireland,IRL,2014,214.67015
Ireland,IRL,2015,250.98427
Ireland,IRL,2016,239.2556
Ireland,IRL,2017,248.94182
Ireland,IRL,2018,254.09666
Ireland,IRL,2019,247.48206
Ireland,IRL,2020,264.15564
Ireland,IRL,2021,299.91547
Ireland,IRL,2022,304.7111
Israel,ISR,1970,28.003357
Israel,ISR,1971,30.826853
Israel,ISR,1972,34.337276
Israel,ISR,1973,36.01213
Israel,ISR,1974,38.088284
Israel,ISR,1975,39.062576
Israel,ISR,1976,38.930317
Israel,ISR,1977,39.07587
Israel,ISR,1978,40.978306
Israel,ISR,1979,43.280506
Israel,ISR,1980,43.7605
Israel,ISR,1981,45.248863
Israel,ISR,1982,45.35639
Israel,ISR,1983,46.282635
Israel,ISR,1984,46.126823
Israel,ISR,1985,47.392677
Israel,ISR,1986,49.70032
Israel,ISR,1987,55.399452
Israel,ISR,1988,58.073063
Israel,ISR,1989,59.514923
Israel,ISR,1990,66.37066
Israel,ISR,1991,71.97458
Israel,ISR,1992,78.07914
Israel,ISR,1993,81.84203
Israel,ISR,1994,88.518456
Israel,ISR,1995,94.26473
Israel,ISR,1996,98.72557
Israel,ISR,1997,101.23288
Israel,ISR,1998,104.31558
Israel,ISR,1999,106.662224
Israel,ISR,2000,114.653175
Israel,ISR,2001,117.51753
Israel,ISR,2002,120.017395
Israel,ISR,2003,109.262314
Israel,ISR,2004,138.5948
Israel,ISR,2005,146.03105
Israel,ISR,2006,155.66913
Israel,ISR,2007,167.09236
Israel,ISR,2008,174.1383
Israel,ISR,2009,178.00906
Israel,ISR,2010,189.70657
Israel,ISR,2011,206.14508
Israel,ISR,2012,217.68074
Israel,ISR,2013,233.87383
Israel,ISR,2014,250.69899
Israel,ISR,2015,264.80753
Israel,ISR,2016,264.38992
Israel,ISR,2017,275.42334
Israel,ISR,2018,309.3774
Israel,ISR,2019,306.52304
Israel,ISR,2020,273.9654
Israel,ISR,2021,249.93443
Italy,ITA,1970,20.459032
Italy,ITA,1971,20.566076
Italy,ITA,1972,21.057264
Italy,ITA,1973,22.27801
Italy,ITA,1974,23.215408
Italy,ITA,1975,22.455088
Italy,ITA,1976,23.768524
Italy,ITA,1977,24.090126
Italy,ITA,1978,24.581284
Italy,ITA,1979,25.746534
Italy,ITA,1980,26.32683
Italy,ITA,1981,26.87638
Italy,ITA,1982,27.324389
Italy,ITA,1983,27.99327
Italy,ITA,1984,29.266201
Italy,ITA,1985,30.475218
Italy,ITA,1986,31.760082
Italy,ITA,1987,33.25044
Italy,ITA,1988,35.127865
Italy,ITA,1989,36.83138
Italy,ITA,1990,38.10121
Italy,ITA,1991,38.22249
Italy,ITA,1992,38.083733
Italy,ITA,1993,37.31587
Italy,ITA,1994,37.676422
Italy,ITA,1995,38.31963
Italy,ITA,1996,38.395035
Italy,ITA,1997,38.69578
Italy,ITA,1998,38.957344
Italy,ITA,1999,39.664566
Italy,ITA,2000,41.21551
Italy,ITA,2001,43.65564
Italy,ITA,2002,45.52008
Italy,ITA,2003,47.443413
Italy,ITA,2004,50.230267
Italy,ITA,2005,52.975143
Italy,ITA,2006,56.44046
Italy,ITA,2007,60.06361
Italy,ITA,2008,37.08918
Italy,ITA,2009,55.998512
Italy,ITA,2010,56.67339
Italy,ITA,2011,56.886032
Italy,ITA,2012,54.9335
Italy,ITA,2013,53.827625
Italy,ITA,2014,53.845425
Italy,ITA,2015,54.34104
Italy,ITA,2016,55.161774
Italy,ITA,2017,56.19857
Italy,ITA,2018,56.817398
Italy,ITA,2019,56.791485
Italy,ITA,2020,51.79641
Italy,ITA,2021,56.534184
Italy,ITA,2022,59.203876
Jamaica,JAM,1993,14.325341
Jamaica,JAM,1994,14.073721
Jamaica,JAM,1995,13.971741
Jamaica,JAM,1996,13.548845
Jamaica,JAM,1997,13.014767
Jamaica,JAM,1998,12.360662
Jamaica,JAM,1999,12.155208
Jamaica,JAM,2000,11.941768
Jamaica,JAM,2001,11.794343
Jamaica,JAM,2002,11.731321
Jamaica,JAM,2003,11.866885
Jamaica,JAM,2004,11.739643
Jamaica,JAM,2005,11.570956
Jamaica,JAM,2006,11.63758
Jamaica,JAM,2007,11.543583
Jamaica,JAM,2008,11.202524
Jamaica,JAM,2009,10.4891405
Jamaica,JAM,2010,10.122248
Jamaica,JAM,2011,10.088483
Jamaica,JAM,2012,9.827197
Jamaica,JAM,2013,9.685476
Jamaica,JAM,2014,9.565782
Jamaica,JAM,2015,18.028421
Jamaica,JAM,2016,11.390112
Jamaica,JAM,2017,11.773501
Jamaica,JAM,2018,12.197646
Jamaica,JAM,2019,12.551401
Jamaica,JAM,2020,12.591155
Jamaica,JAM,2021,11.873049
Jamaica,JAM,2022,12.63759
Japan,JPN,1980,25.605331
Japan,JPN,1981,26.611898
Japan,JPN,1982,27.3981
Japan,JPN,1983,28.303526
Japan,JPN,1984,29.459429
Japan,JPN,1985,30.882782
Japan,JPN,1986,31.800814
Japan,JPN,1987,33.17596
Japan,JPN,1988,35.276592
Japan,JPN,1989,36.900135
Japan,JPN,1990,38.567547
Japan,JPN,1991,39.838127
Japan,JPN,1992,40.108215
Japan,JPN,1993,40.29435
Japan,JPN,1994,41.112232
Japan,JPN,1995,42.611843
Japan,JPN,1996,43.860847
Japan,JPN,1997,44.20432
Japan,JPN,1998,43.446304
Japan,JPN,1999,43.107162
Japan,JPN,2000,44.101276
Japan,JPN,2001,45.77808
Japan,JPN,2002,47.410633
Japan,JPN,2003,48.33304
Japan,JPN,2004,49.59011
Japan,JPN,2005,50.690407
Japan,JPN,2006,51.596325
Japan,JPN,2007,52.577145
Japan,JPN,2008,52.417397
Japan,JPN,2009,49.898136
Japan,JPN,2010,52.082344
Japan,JPN,2011,52.23495
Japan,JPN,2012,53.09595
Japan,JPN,2013,54.307133
Japan,JPN,2014,54.61578
Japan,JPN,2015,55.61904
Japan,JPN,2016,56.19119
Japan,JPN,2017,57.42076
Japan,JPN,2018,57.93632
Japan,JPN,2019,58.21853
Japan,JPN,2020,54.881508
Japan,JPN,2021,56.36143
Japan,JPN,2022,56.892353
Jordan,JOR,1976,12.249913
Jordan,JOR,1977,12.806542
Jordan,JOR,1978,14.1944
Jordan,JOR,1979,16.591335
Jordan,JOR,1980,17.867779
Jordan,JOR,1981,20.299784
Jordan,JOR,1982,21.084112
Jordan,JOR,1983,20.024452
Jordan,JOR,1984,20.301228
Jordan,JOR,1985,19.215612
Jordan,JOR,1986,18.685543
Jordan,JOR,1987,17.730963
Jordan,JOR,1988,16.772036
Jordan,JOR,1989,14.022979
Jordan,JOR,1990,13.890502
Jordan,JOR,1991,13.307945
Jordan,JOR,1992,14.3955345
Jordan,JOR,1993,15.425449
Jordan,JOR,1994,16.59134
Jordan,JOR,1995,18.065321
Jordan,JOR,1996,18.92037
Jordan,JOR,1997,20.066467
Jordan,JOR,1998,21.232584
Jordan,JOR,1999,22.769411
Jordan,JOR,2000,24.65384
Jordan,JOR,2001,27.716839
Jordan,JOR,2002,27.710087
Jordan,JOR,2003,28.68631
Jordan,JOR,2004,28.833397
Jordan,JOR,2005,28.89923
Jordan,JOR,2006,29.507511
Jordan,JOR,2007,31.40636
Jordan,JOR,2008,33.819168
Jordan,JOR,2009,38.19332
Jordan,JOR,2010,37.764645
Jordan,JOR,2011,43.526268
Jordan,JOR,2012,41.800476
Jordan,JOR,2013,40.416027
Jordan,JOR,2014,38.819496
Jordan,JOR,2015,44.444847
Jordan,JOR,2016,43.555237
Jordan,JOR,2017,44.47021
Jordan,JOR,2018,44.53304
Jordan,JOR,2019,44.40651
Jordan,JOR,2020,43.19765
Jordan,JOR,2021,46.31996
Jordan,JOR,2022,46.332405
Kazakhstan,KAZ,1993,2.1946504
Kazakhstan,KAZ,1994,1.952426
Kazakhstan,KAZ,1995,1.8249625
Kazakhstan,KAZ,1996,1.9914109
Kazakhstan,KAZ,1997,2.2152867
Kazakhstan,KAZ,1998,2.3982098
Kazakhstan,KAZ,1999,2.7474318
Kazakhstan,KAZ,2000,3.1515465
Kazakhstan,KAZ,2001,3.6051612
Kazakhstan,KAZ,2002,3.7055607
Kazakhstan,KAZ,2003,3.9251418
Kazakhstan,KAZ,2004,4.179833
Kazakhstan,KAZ,2005,4.3716593
Kazakhstan,KAZ,2006,5.6479344
Kazakhstan,KAZ,2007,5.72631
Kazakhstan,KAZ,2008,6.5934978
Kazakhstan,KAZ,2009,5.724822
Kazakhstan,KAZ,2010,6.6630063
Kazakhstan,KAZ,2011,7.3564
Kazakhstan,KAZ,2012,7.301391
Kazakhstan,KAZ,2013,7.56797
Kazakhstan,KAZ,2014,7.8936825
Kazakhstan,KAZ,2015,8.514426
Kazakhstan,KAZ,2016,8.618033
Kazakhstan,KAZ,2017,8.643317
Kazakhstan,KAZ,2018,8.581099
Kazakhstan,KAZ,2019,8.977162
Kazakhstan,KAZ,2020,8.3721485
Kazakhstan,KAZ,2021,8.756371
Kazakhstan,KAZ,2022,8.874056
Kenya,KEN,1990,14.852103
Kenya,KEN,1991,15.434126
Kenya,KEN,1992,15.694505
Kenya,KEN,1993,16.15487
Kenya,KEN,1994,17.01772
Kenya,KEN,1995,18.249125
Kenya,KEN,1996,19.535368
Kenya,KEN,1997,20.190628
Kenya,KEN,1998,21.47022
Kenya,KEN,1999,22.632923
Kenya,KEN,2000,23.48251
Kenya,KEN,2001,20.965034
Kenya,KEN,2002,18.49543
Kenya,KEN,2003,16.958752
Kenya,KEN,2004,16.890413
Kenya,KEN,2005,16.997438
Kenya,KEN,2006,17.239265
Kenya,KEN,2007,17.586205
Kenya,KEN,2008,16.86347
Kenya,KEN,2009,16.697805
Kenya,KEN,2010,17.324093
Kenya,KEN,2011,18.209015
Kenya,KEN,2012,19.038559
Kenya,KEN,2013,19.75916
Kenya,KEN,2014,20.748514
Kenya,KEN,2015,21.776537
Kenya,KEN,2016,18.123756
Kenya,KEN,2017,18.819338
Kenya,KEN,2018,19.882244
Kenya,KEN,2019,20.899054
Kenya,KEN,2020,20.842049
Kenya,KEN,2021,22.42406
Kenya,KEN,2022,23.513866
Kuwait,KWT,1993,159.71957
Kuwait,KWT,1994,205.24117
Kuwait,KWT,1995,201.19363
Kuwait,KWT,1996,190.03256
Kuwait,KWT,1997,183.51004
Kuwait,KWT,1998,179.86449
Kuwait,KWT,1999,163.99742
Kuwait,KWT,2000,160.22318
Kuwait,KWT,2001,153.99422
Kuwait,KWT,2002,152.39944
Kuwait,KWT,2003,170.43864
Kuwait,KWT,2004,179.49423
Kuwait,KWT,2005,190.0429
Kuwait,KWT,2006,195.94127
Kuwait,KWT,2007,199.49638
Kuwait,KWT,2008,196.69167
Kuwait,KWT,2009,176.09671
Kuwait,KWT,2010,165.86308
Kuwait,KWT,2011,175.64311
Kuwait,KWT,2012,181.11516
Kuwait,KWT,2013,177.35785
Kuwait,KWT,2014,172.74039
Kuwait,KWT,2015,168.55774
Kuwait,KWT,2016,164.94884
Kuwait,KWT,2017,145.93027
Kuwait,KWT,2018,149.93361
Kuwait,KWT,2019,153.32784
Kuwait,KWT,2020,145.94154
Kuwait,KWT,2021,148.38188
Kuwait,KWT,2022,158.41052
Kyrgyzstan,KGZ,1994,0.28926927
Kyrgyzstan,KGZ,1995,0.27223578
Kyrgyzstan,KGZ,1996,0.29009715
Kyrgyzstan,KGZ,1997,0.31730977
Kyrgyzstan,KGZ,1998,0.32247373
Kyrgyzstan,KGZ,1999,0.3326522
Kyrgyzstan,KGZ,2000,0.3490777
Kyrgyzstan,KGZ,2001,0.38266873
Kyrgyzstan,KGZ,2002,0.39889258
Kyrgyzstan,KGZ,2003,0.44592205
Kyrgyzstan,KGZ,2004,0.49946782
Kyrgyzstan,KGZ,2005,0.5229285
Kyrgyzstan,KGZ,2006,0.5668222
Kyrgyzstan,KGZ,2007,0.6152451
Kyrgyzstan,KGZ,2008,0.6669356
Kyrgyzstan,KGZ,2009,0.68618536
Kyrgyzstan,KGZ,2010,0.68294954
Kyrgyzstan,KGZ,2011,0.72362787
Kyrgyzstan,KGZ,2012,0.72299
Kyrgyzstan,KGZ,2013,0.8019077
Kyrgyzstan,KGZ,2014,0.83417684
Kyrgyzstan,KGZ,2015,0.86650807
Kyrgyzstan,KGZ,2016,0.9040786
Kyrgyzstan,KGZ,2017,0.94693136
Kyrgyzstan,KGZ,2018,0.98251617
Kyrgyzstan,KGZ,2019,1.0277181
Kyrgyzstan,KGZ,2020,0.95424676
Kyrgyzstan,KGZ,2021,1.0067972
Kyrgyzstan,KGZ,2022,1.0970818
Laos,LAO,2005,1.9302069
Laos,LAO,2006,1.85589
Laos,LAO,2007,1.7912443
Laos,LAO,2008,1.7510843
Laos,LAO,2009,1.7217025
Laos,LAO,2010,1.7215089
Laos,LAO,2011,1.7242433
Laos,LAO,2012,1.7360163
Laos,LAO,2013,1.755987
Laos,LAO,2014,1.7765726
Laos,LAO,2015,1.8377554
Laos,LAO,2016,2.0156033
Laos,LAO,2017,2.2546031
Laos,LAO,2018,2.39547
Laos,LAO,2019,2.5158973
Laos,LAO,2020,2.528553
Laos,LAO,2021,2.5924835
Laos,LAO,2022,2.6626732
Latin America and Caribbean (WB),WB_LAC,1962,74.21964
Latin America and Caribbean (WB),WB_LAC,1963,67.09567
Latin America and Caribbean (WB),WB_LAC,1964,67.25129
Latin America and Caribbean (WB),WB_LAC,1965,29.261232
Latin America and Caribbean (WB),WB_LAC,1966,26.769485
Latin America and Caribbean (WB),WB_LAC,1967,23.592722
Latin America and Caribbean (WB),WB_LAC,1968,21.968529
Latin America and Caribbean (WB),WB_LAC,1969,21.338446
Latin America and Caribbean (WB),WB_LAC,1970,14.777943
Latin America and Caribbean (WB),WB_LAC,1971,14.259176
Latin America and Caribbean (WB),WB_LAC,1972,13.717402
Latin America and Caribbean (WB),WB_LAC,1973,13.818799
Latin America and Caribbean (WB),WB_LAC,1974,13.515189
Latin America and Caribbean (WB),WB_LAC,1975,13.433791
Latin America and Caribbean (WB),WB_LAC,1976,10.043139
Latin America and Caribbean (WB),WB_LAC,1977,10.594564
Latin America and Caribbean (WB),WB_LAC,1978,10.242252
Latin America and Caribbean (WB),WB_LAC,1979,10.965272
Latin America and Caribbean (WB),WB_LAC,1980,10.348204
Latin America and Caribbean (WB),WB_LAC,1981,10.656336
Latin America and Caribbean (WB),WB_LAC,1982,10.517179
Latin America and Caribbean (WB),WB_LAC,1983,10.139612
Latin America and Caribbean (WB),WB_LAC,1984,10.338543
Latin America and Caribbean (WB),WB_LAC,1985,10.215518
Latin America and Caribbean (WB),WB_LAC,1986,10.107576
Latin America and Caribbean (WB),WB_LAC,1987,14.53399
Latin America and Caribbean (WB),WB_LAC,1988,14.273176
Latin America and Caribbean (WB),WB_LAC,1989,14.100434
Latin America and Caribbean (WB),WB_LAC,1990,14.107982
Latin America and Caribbean (WB),WB_LAC,1991,14.264175
Latin America and Caribbean (WB),WB_LAC,1992,13.046915
Latin America and Caribbean (WB),WB_LAC,1993,13.3027525
Latin America and Caribbean (WB),WB_LAC,1994,13.617585
Latin America and Caribbean (WB),WB_LAC,1995,13.164048
Latin America and Caribbean (WB),WB_LAC,1996,13.373269
Latin America and Caribbean (WB),WB_LAC,1997,13.941427
Latin America and Caribbean (WB),WB_LAC,1998,14.100339
Latin America and Caribbean (WB),WB_LAC,1999,13.992451
Latin America and Caribbean (WB),WB_LAC,2000,14.006228
Latin America and Caribbean (WB),WB_LAC,2001,13.74758
Latin America and Caribbean (WB),WB_LAC,2002,13.262962
Latin America and Caribbean (WB),WB_LAC,2003,13.109748
Latin America and Caribbean (WB),WB_LAC,2004,13.559668
Latin America and Caribbean (WB),WB_LAC,2005,13.779848
Latin America and Caribbean (WB),WB_LAC,2006,14.183244
Latin America and Caribbean (WB),WB_LAC,2007,14.444987
Latin America and Caribbean (WB),WB_LAC,2008,14.358851
Latin America and Caribbean (WB),WB_LAC,2009,13.5633955
Latin America and Caribbean (WB),WB_LAC,2010,14.041534
Latin America and Caribbean (WB),WB_LAC,2011,14.590318
Latin America and Caribbean (WB),WB_LAC,2012,14.849465
Latin America and Caribbean (WB),WB_LAC,2013,15.248407
Latin America and Caribbean (WB),WB_LAC,2014,15.249648
Latin America and Caribbean (WB),WB_LAC,2015,15.177637
Latin America and Caribbean (WB),WB_LAC,2016,14.798199
Latin America and Caribbean (WB),WB_LAC,2017,14.876529
Latin America and Caribbean (WB),WB_LAC,2018,14.842857
Latin America and Caribbean (WB),WB_LAC,2019,14.757454
Latin America and Caribbean (WB),WB_LAC,2020,13.8015585
Latin America and Caribbean (WB),WB_LAC,2021,15.276445
Latin America and Caribbean (WB),WB_LAC,2022,15.778364
Latvia,LVA,1995,28.520155
Latvia,LVA,1996,30.936495
Latvia,LVA,1997,35.942474
Latvia,LVA,1998,40.924503
Latvia,LVA,1999,45.177883
Latvia,LVA,2000,51.61965
Latvia,LVA,2001,59.702812
Latvia,LVA,2002,70.327805
Latvia,LVA,2003,78.69555
Latvia,LVA,2004,88.389786
Latvia,LVA,2005,102.028725
Latvia,LVA,2006,119.187904
Latvia,LVA,2007,136.42911
Latvia,LVA,2008,119.01705
Latvia,LVA,2009,57.896244
Latvia,LVA,2010,80.036865
Latvia,LVA,2011,61.487225
Latvia,LVA,2012,98.11787
Latvia,LVA,2013,105.35302
Latvia,LVA,2014,150.64801
Latvia,LVA,2015,149.09206
Latvia,LVA,2016,145.36267
Latvia,LVA,2017,154.2373
Latvia,LVA,2018,158.92645
Latvia,LVA,2019,164.22754
Latvia,LVA,2020,156.27129
Latvia,LVA,2021,164.1858
Latvia,LVA,2022,179.08278
Lebanon,LBN,1988,12.11462
Lebanon,LBN,1989,6.798944
Lebanon,LBN,1990,8.39475
Lebanon,LBN,1991,12.269653
Lebanon,LBN,1992,13.953925
Lebanon,LBN,1993,15.109495
Lebanon,LBN,1994,15.973231
Lebanon,LBN,1995,16.701464
Lebanon,LBN,1996,18.262173
Lebanon,LBN,1997,18.138437
Lebanon,LBN,1998,18.486406
Lebanon,LBN,1999,18.084427
Lebanon,LBN,2000,20.377918
Lebanon,LBN,2001,21.579683
Lebanon,LBN,2002,22.769598
Lebanon,LBN,2003,23.989388
Lebanon,LBN,2004,26.130934
Lebanon,LBN,2005,28.585697
Lebanon,LBN,2006,27.248531
Lebanon,LBN,2007,28.064554
Lebanon,LBN,2008,28.937763
Lebanon,LBN,2009,30.24656
Lebanon,LBN,2010,31.050531
Lebanon,LBN,2011,29.849932
Lebanon,LBN,2012,29.243074
Lebanon,LBN,2013,29.059757
Lebanon,LBN,2014,28.556404
Lebanon,LBN,2015,27.554823
Lebanon,LBN,2016,27.983175
Lebanon,LBN,2017,28.235872
Lebanon,LBN,2018,27.703709
Lebanon,LBN,2019,25.788017
Lebanon,LBN,2020,20.269407
Lebanon,LBN,2021,18.850298
Lebanon,LBN,2022,18.73311
Lesotho,LSO,1987,15.857646
Lesotho,LSO,1988,17.442196
Lesotho,LSO,1989,18.69233
Lesotho,LSO,1990,20.08282
Lesotho,LSO,1991,21.767927
Lesotho,LSO,1992,23.596352
Lesotho,LSO,1993,24.75862
Lesotho,LSO,1994,26.603043
Lesotho,LSO,1995,27.864967
Lesotho,LSO,1996,29.844286
Lesotho,LSO,1997,31.397448
Lesotho,LSO,1998,32.34832
Lesotho,LSO,1999,32.986637
Lesotho,LSO,2000,33.181854
Lesotho,LSO,2001,34.363655
Lesotho,LSO,2002,34.612392
Lesotho,LSO,2003,36.19064
Lesotho,LSO,2004,36.80312
Lesotho,LSO,2005,38.078762
Lesotho,LSO,2006,39.68953
Lesotho,LSO,2007,41.351692
Lesotho,LSO,2008,43.63572
Lesotho,LSO,2009,43.088634
Lesotho,LSO,2010,45.359264
Lesotho,LSO,2011,47.453236
Lesotho,LSO,2012,50.45896
Lesotho,LSO,2013,51.363453
Lesotho,LSO,2014,52.24205
Lesotho,LSO,2015,53.874126
Lesotho,LSO,2016,55.818394
Lesotho,LSO,2017,54.066715
Lesotho,LSO,2018,53.266186
Lesotho,LSO,2019,52.51087
Lesotho,LSO,2020,48.228107
Lesotho,LSO,2021,49.3213
Lesotho,LSO,2022,50.498985
Liberia,LBR,1987,36.670876
Liberia,LBR,1988,35.905094
Liberia,LBR,1989,26.317312
Liberia,LBR,1990,12.881268
Liberia,LBR,1991,11.043659
Liberia,LBR,1992,7.165531
Liberia,LBR,1993,4.800402
Liberia,LBR,1994,3.7539499
Liberia,LBR,1995,3.592104
Liberia,LBR,1996,4.025612
Liberia,LBR,1997,8.300112
Liberia,LBR,1998,10.802331
Liberia,LBR,1999,13.144724
Liberia,LBR,2000,16.898256
Liberia,LBR,2001,16.99924
Liberia,LBR,2002,17.249641
Liberia,LBR,2003,11.789525
Liberia,LBR,2004,11.842673
Liberia,LBR,2005,12.210031
Liberia,LBR,2006,13.192195
Liberia,LBR,2007,14.450107
Liberia,LBR,2008,15.482667
Liberia,LBR,2009,16.303331
Liberia,LBR,2010,17.297806
Liberia,LBR,2011,18.71636
Liberia,LBR,2012,20.212511
Liberia,LBR,2013,21.96843
Liberia,LBR,2014,22.122515
Liberia,LBR,2015,22.118408
Liberia,LBR,2016,21.774475
Liberia,LBR,2017,22.309072
Liberia,LBR,2018,22.567318
Liberia,LBR,2019,22.010515
Liberia,LBR,2020,21.354053
Liberia,LBR,2021,22.418919
Liberia,LBR,2022,23.496843
Libya,LBY,1975,35.937553
Libya,LBY,1976,42.258762
Libya,LBY,1977,44.10074
Libya,LBY,1978,43.751957
Libya,LBY,1979,45.853333
Libya,LBY,1980,44.471607
Libya,LBY,1981,29.365211
Libya,LBY,1982,25.521803
Libya,LBY,1983,21.557884
Libya,LBY,1984,18.053555
Libya,LBY,1985,17.491282
Libya,LBY,1986,14.024358
Libya,LBY,1987,10.919378
Libya,LBY,1988,10.804798
Libya,LBY,1989,10.7226715
Libya,LBY,1990,10.352872
Libya,LBY,1991,12.075099
Libya,LBY,1992,11.847996
Libya,LBY,1993,11.500427
Libya,LBY,1994,11.824875
Libya,LBY,1995,11.678388
Libya,LBY,1996,12.0485735
Libya,LBY,1997,12.806493
Libya,LBY,1998,12.530483
Libya,LBY,1999,12.757003
Libya,LBY,2000,13.365754
Libya,LBY,2001,12.786724
Libya,LBY,2002,12.341331
Libya,LBY,2003,13.601021
Libya,LBY,2004,13.863284
Libya,LBY,2005,15.141748
Libya,LBY,2006,15.742438
Libya,LBY,2007,16.334625
Libya,LBY,2008,15.937839
Libya,LBY,2009,14.898243
Libya,LBY,2010,15.307342
Libya,LBY,2011,7.4402437
Libya,LBY,2012,13.611006
Libya,LBY,2013,11.161303
Libya,LBY,2014,8.589425
Libya,LBY,2015,8.517046
Libya,LBY,2016,8.390061
Libya,LBY,2017,11.116144
Libya,LBY,2018,11.998918
Libya,LBY,2019,10.655509
Libya,LBY,2020,7.516897
Libya,LBY,2021,9.6441555
Libya,LBY,2022,8.843708
Lithuania,LTU,1995,4.1107035
Lithuania,LTU,1996,4.5955844
Lithuania,LTU,1997,5.319896
Lithuania,LTU,1998,6.1398683
Lithuania,LTU,1999,6.5576653
Lithuania,LTU,2000,7.370717
Lithuania,LTU,2001,8.594946
Lithuania,LTU,2002,9.523091
Lithuania,LTU,2003,10.946334
Lithuania,LTU,2004,12.140527
Lithuania,LTU,2005,13.643801
Lithuania,LTU,2006,14.958278
Lithuania,LTU,2007,16.969082
Lithuania,LTU,2008,21.253456
Lithuania,LTU,2009,23.22708
Lithuania,LTU,2010,32.54603
Lithuania,LTU,2011,57.220547
Lithuania,LTU,2012,69.69805
Lithuania,LTU,2013,87.04835
Lithuania,LTU,2014,112.96587
Lithuania,LTU,2015,108.80292
Lithuania,LTU,2016,138.52191
Lithuania,LTU,2017,172.27051
Lithuania,LTU,2018,184.01878
Lithuania,LTU,2019,149.49472
Lithuania,LTU,2020,122.19729
Lithuania,LTU,2021,146.97401
Lithuania,LTU,2022,178.03346
Low-income countries,OWID_LIC,1975,2.2126863
Low-income countries,OWID_LIC,1976,2.147127
Low-income countries,OWID_LIC,1977,1.8567817
Low-income countries,OWID_LIC,1978,1.8236859
Low-income countries,OWID_LIC,1979,1.6625721
Low-income countries,OWID_LIC,1980,1.7364405
Low-income countries,OWID_LIC,1981,1.7199283
Low-income countries,OWID_LIC,1982,2.3279543
Low-income countries,OWID_LIC,1983,2.2470214
Low-income countries,OWID_LIC,1984,0.9034015
Low-income countries,OWID_LIC,1985,1.0201647
Low-income countries,OWID_LIC,1986,0.98323464
Low-income countries,OWID_LIC,1987,1.734309
Low-income countries,OWID_LIC,1988,1.9096555
Low-income countries,OWID_LIC,1989,1.8037825
Low-income countries,OWID_LIC,1990,2.3038945
Low-income countries,OWID_LIC,1991,2.3619084
Low-income countries,OWID_LIC,1992,2.360596
Low-income countries,OWID_LIC,1993,2.3494048
Low-income countries,OWID_LIC,1994,2.4151478
Low-income countries,OWID_LIC,1995,2.9692104
Low-income countries,OWID_LIC,1996,3.032661
Low-income countries,OWID_LIC,1997,3.0704541
Low-income countries,OWID_LIC,1998,3.13789
Low-income countries,OWID_LIC,1999,3.1818154
Low-income countries,OWID_LIC,2000,2.3544538
Low-income countries,OWID_LIC,2001,2.3967109
Low-income countries,OWID_LIC,2002,2.4757128
Low-income countries,OWID_LIC,2003,2.6725101
Low-income countries,OWID_LIC,2004,2.8283303
Low-income countries,OWID_LIC,2005,2.9868462
Low-income countries,OWID_LIC,2006,3.1263416
Low-income countries,OWID_LIC,2007,3.293363
Low-income countries,OWID_LIC,2008,3.458555
Low-income countries,OWID_LIC,2009,3.614693
Low-income countries,OWID_LIC,2010,3.870047
Low-income countries,OWID_LIC,2011,3.9017665
Low-income countries,OWID_LIC,2012,3.4315648
Low-income countries,OWID_LIC,2013,3.5147893
Low-income countries,OWID_LIC,2014,3.6147113
Low-income countries,OWID_LIC,2015,3.5213106
Low-income countries,OWID_LIC,2016,3.4579127
Low-income countries,OWID_LIC,2017,3.5364392
Low-income countries,OWID_LIC,2018,3.6145506
Low-income countries,OWID_LIC,2019,3.4527967
Low-income countries,OWID_LIC,2020,3.4297981
Low-income countries,OWID_LIC,2021,3.4889262
Low-income countries,OWID_LIC,2022,3.6193674
Lower-middle-income countries,OWID_LMC,1970,34.27666
Lower-middle-income countries,OWID_LMC,1971,33.52419
Lower-middle-income countries,OWID_LMC,1972,30.539051
Lower-middle-income countries,OWID_LMC,1973,29.48005
Lower-middle-income countries,OWID_LMC,1974,29.668394
Lower-middle-income countries,OWID_LMC,1975,0.6030307
Lower-middle-income countries,OWID_LMC,1976,0.62279975
Lower-middle-income countries,OWID_LMC,1977,0.6514154
Lower-middle-income countries,OWID_LMC,1978,0.67911917
Lower-middle-income countries,OWID_LMC,1979,0.655701
Lower-middle-income countries,OWID_LMC,1980,0.69393253
Lower-middle-income countries,OWID_LMC,1981,0.7215955
Lower-middle-income countries,OWID_LMC,1982,0.7421396
Lower-middle-income countries,OWID_LMC,1983,0.7724902
Lower-middle-income countries,OWID_LMC,1984,0.7966035
Lower-middle-income countries,OWID_LMC,1985,0.8331506
Lower-middle-income countries,OWID_LMC,1986,0.87074965
Lower-middle-income countries,OWID_LMC,1987,1.1595753
Lower-middle-income countries,OWID_LMC,1988,1.2515866
Lower-middle-income countries,OWID_LMC,1989,1.2922034
Lower-middle-income countries,OWID_LMC,1990,1.4027352
Lower-middle-income countries,OWID_LMC,1991,1.4220831
Lower-middle-income countries,OWID_LMC,1992,1.4610959
Lower-middle-income countries,OWID_LMC,1993,1.466267
Lower-middle-income countries,OWID_LMC,1994,1.431452
Lower-middle-income countries,OWID_LMC,1995,1.4776475
Lower-middle-income countries,OWID_LMC,1996,1.545043
Lower-middle-income countries,OWID_LMC,1997,1.5754043
Lower-middle-income countries,OWID_LMC,1998,1.6278604
Lower-middle-income countries,OWID_LMC,1999,1.6889212
Lower-middle-income countries,OWID_LMC,2000,1.758417
Lower-middle-income countries,OWID_LMC,2001,1.7986553
Lower-middle-income countries,OWID_LMC,2002,1.8470383
Lower-middle-income countries,OWID_LMC,2003,1.9369212
Lower-middle-income countries,OWID_LMC,2004,2.1252954
Lower-middle-income countries,OWID_LMC,2005,2.2552085
Lower-middle-income countries,OWID_LMC,2006,2.4068534
Lower-middle-income countries,OWID_LMC,2007,2.5521429
Lower-middle-income countries,OWID_LMC,2008,2.6773014
Lower-middle-income countries,OWID_LMC,2009,2.827387
Lower-middle-income countries,OWID_LMC,2010,2.9990175
Lower-middle-income countries,OWID_LMC,2011,3.1576421
Lower-middle-income countries,OWID_LMC,2012,3.2957802
Lower-middle-income countries,OWID_LMC,2013,3.4917548
Lower-middle-income countries,OWID_LMC,2014,3.7061915
Lower-middle-income countries,OWID_LMC,2015,3.8978589
Lower-middle-income countries,OWID_LMC,2016,4.113661
Lower-middle-income countries,OWID_LMC,2017,4.2572794
Lower-middle-income countries,OWID_LMC,2018,4.5111437
Lower-middle-income countries,OWID_LMC,2019,4.778486
Lower-middle-income countries,OWID_LMC,2020,4.5537367
Lower-middle-income countries,OWID_LMC,2021,4.8920817
Lower-middle-income countries,OWID_LMC,2022,5.196428
Luxembourg,LUX,1970,346.1279
Luxembourg,LUX,1971,340.30066
Luxembourg,LUX,1972,348.00668
Luxembourg,LUX,1973,362.20984
Luxembourg,LUX,1974,363.2759
Luxembourg,LUX,1975,327.10532
Luxembourg,LUX,1976,339.87357
Luxembourg,LUX,1977,349.88058
Luxembourg,LUX,1978,369.13364
Luxembourg,LUX,1979,383.047
Luxembourg,LUX,1980,391.7166
Luxembourg,LUX,1981,342.45944
Luxembourg,LUX,1982,308.97726
Luxembourg,LUX,1983,287.23135
Luxembourg,LUX,1984,277.94156
Luxembourg,LUX,1985,262.41837
Luxembourg,LUX,1986,292.99106
Luxembourg,LUX,1987,309.2527
Luxembourg,LUX,1988,340.66666
Luxembourg,LUX,1989,379.9826
Luxembourg,LUX,1990,406.65222
Luxembourg,LUX,1991,449.04672
Luxembourg,LUX,1992,464.8381
Luxembourg,LUX,1993,492.57388
Luxembourg,LUX,1994,520.2119
Luxembourg,LUX,1995,536.9196
Luxembourg,LUX,1996,535.5011
Luxembourg,LUX,1997,555.4191
Luxembourg,LUX,1998,583.08606
Luxembourg,LUX,1999,620.89886
Luxembourg,LUX,2000,679.3982
Luxembourg,LUX,2001,716.9358
Luxembourg,LUX,2002,758.0847
Luxembourg,LUX,2003,797.36224
Luxembourg,LUX,2004,852.38446
Luxembourg,LUX,2005,896.5012
Luxembourg,LUX,2006,976.08856
Luxembourg,LUX,2007,1084.401
Luxembourg,LUX,2008,1111.9847
Luxembourg,LUX,2009,1107.5603
Luxembourg,LUX,2010,1134.7233
Luxembourg,LUX,2011,1178.7664
Luxembourg,LUX,2012,1243.8867
Luxembourg,LUX,2013,1328.004
Luxembourg,LUX,2014,1276.9207
Luxembourg,LUX,2015,1340.8835
Luxembourg,LUX,2016,1420.3167
Luxembourg,LUX,2017,1401.1559
Luxembourg,LUX,2018,1243.7205
Luxembourg,LUX,2019,1353.0857
Luxembourg,LUX,2020,1388.4286
Luxembourg,LUX,2021,1541.7322
Luxembourg,LUX,2022,1470.1957
Madagascar,MDG,1984,0.34384677
Madagascar,MDG,1985,0.3517788
Madagascar,MDG,1986,0.36280078
Madagascar,MDG,1987,0.37133536
Madagascar,MDG,1988,0.38850805
Madagascar,MDG,1989,0.40915725
Madagascar,MDG,1990,0.42704794
Madagascar,MDG,1991,0.4050008
Madagascar,MDG,1992,0.41484725
Madagascar,MDG,1993,0.42885828
Madagascar,MDG,1994,0.4341093
Madagascar,MDG,1995,0.4470607
Madagascar,MDG,1996,0.46262828
Madagascar,MDG,1997,0.4860338
Madagascar,MDG,1998,0.5118133
Madagascar,MDG,1999,0.54311347
Madagascar,MDG,2000,0.57509893
Madagascar,MDG,2001,0.6086908
Madagascar,MDG,2002,0.5324654
Madagascar,MDG,2003,0.5838009
Madagascar,MDG,2004,0.6136876
Madagascar,MDG,2005,0.6420338
Madagascar,MDG,2006,0.6766941
Madagascar,MDG,2007,0.7153371
Madagascar,MDG,2008,0.7633551
Madagascar,MDG,2009,0.7329834
Madagascar,MDG,2010,0.7375223
Madagascar,MDG,2011,0.74916357
Madagascar,MDG,2012,0.771722
Madagascar,MDG,2013,0.7894745
Madagascar,MDG,2014,0.81583667
Madagascar,MDG,2015,0.8413911
Madagascar,MDG,2016,0.8749891
Madagascar,MDG,2017,0.9094051
Madagascar,MDG,2018,0.93845475
Madagascar,MDG,2019,0.97985214
Madagascar,MDG,2020,0.90991354
Madagascar,MDG,2021,0.9522307
Madagascar,MDG,2022,0.9918063
Malawi,MWI,1994,3.57926
Malawi,MWI,1995,3.965993
Malawi,MWI,1996,4.0506034
Malawi,MWI,1997,4.010516
Malawi,MWI,1998,3.9832149
Malawi,MWI,1999,3.9312463
Malawi,MWI,2000,3.8315663
Malawi,MWI,2001,3.4970078
Malawi,MWI,2002,3.4212046
Malawi,MWI,2003,3.5995655
Malawi,MWI,2004,3.7770908
Malawi,MWI,2005,3.8825572
Malawi,MWI,2006,4.0650373
Malawi,MWI,2007,4.455281
Malawi,MWI,2008,4.795653
Malawi,MWI,2009,5.1950397
Malawi,MWI,2010,5.5521502
Malawi,MWI,2011,5.82602
Malawi,MWI,2012,5.936714
Malawi,MWI,2013,6.257911
Malawi,MWI,2014,6.6099353
Malawi,MWI,2015,6.7950134
Malawi,MWI,2016,6.964889
Malawi,MWI,2017,7.2434845
Malawi,MWI,2018,7.558834
Malawi,MWI,2019,7.9909596
Malawi,MWI,2020,8.054376
Malawi,MWI,2021,8.421517
Malawi,MWI,2022,8.499089
Malaysia,MYS,1990,7.3795877
Malaysia,MYS,1991,8.715407
Malaysia,MYS,1992,10.293781
Malaysia,MYS,1993,12.359471
Malaysia,MYS,1994,14.874929
Malaysia,MYS,1995,15.646759
Malaysia,MYS,1996,23.536055
Malaysia,MYS,1997,25.080933
Malaysia,MYS,1998,23.071983
Malaysia,MYS,1999,24.317316
Malaysia,MYS,2000,26.288267
Malaysia,MYS,2001,26.242651
Malaysia,MYS,2002,27.468506
Malaysia,MYS,2003,28.861414
Malaysia,MYS,2004,30.61157
Malaysia,MYS,2005,32.02778
Malaysia,MYS,2006,33.591946
Malaysia,MYS,2007,35.472023
Malaysia,MYS,2008,36.941986
Malaysia,MYS,2009,36.14572
Malaysia,MYS,2010,38.578045
Malaysia,MYS,2011,40.358982
Malaysia,MYS,2012,42.295883
Malaysia,MYS,2013,43.999855
Malaysia,MYS,2014,46.34839
Malaysia,MYS,2015,48.40271
Malaysia,MYS,2016,48.041042
Malaysia,MYS,2017,49.658764
Malaysia,MYS,2018,52.06378
Malaysia,MYS,2019,54.361454
Malaysia,MYS,2020,51.39503
Malaysia,MYS,2021,53.098957
Malaysia,MYS,2022,57.894714
Maldives,MDV,1987,217.89017
Maldives,MDV,1988,228.89807
Maldives,MDV,1989,249.90877
Maldives,MDV,1990,287.2282
Maldives,MDV,1991,300.5522
Maldives,MDV,1992,300.43533
Maldives,MDV,1993,311.92438
Maldives,MDV,1994,330.66934
Maldives,MDV,1995,311.60162
Maldives,MDV,1996,324.21936
Maldives,MDV,1997,339.4582
Maldives,MDV,1998,352.86224
Maldives,MDV,1999,362.68948
Maldives,MDV,2000,374.4513
Maldives,MDV,2001,371.06116
Maldives,MDV,2002,402.9332
Maldives,MDV,2003,464.05164
Maldives,MDV,2004,497.7526
Maldives,MDV,2005,503.9264
Maldives,MDV,2006,606.3832
Maldives,MDV,2007,624.9606
Maldives,MDV,2008,672.0895
Maldives,MDV,2009,1013.3734
Maldives,MDV,2010,3048.2686
Maldives,MDV,2011,716.0082
Maldives,MDV,2012,733.11566
Maldives,MDV,2013,784.25024
Maldives,MDV,2014,845.8977
Maldives,MDV,2015,878.61816
Maldives,MDV,2016,934.63257
Maldives,MDV,2017,1000.75244
Maldives,MDV,2018,1086.5065
Maldives,MDV,2019,1161.726
Maldives,MDV,2020,779.4156
Maldives,MDV,2021,1071.7578
Maldives,MDV,2022,1219.94
Mali,MLI,1987,3.661231
Mali,MLI,1988,3.382747
Mali,MLI,1989,3.005026
Mali,MLI,1990,2.491172
Mali,MLI,1991,2.49528
Mali,MLI,1992,2.132564
Mali,MLI,1993,2.0233262
Mali,MLI,1994,1.9586941
Mali,MLI,1995,1.8214116
Mali,MLI,1996,1.7991534
Mali,MLI,1997,1.754746
Mali,MLI,1998,1.7601013
Mali,MLI,1999,1.7393994
Mali,MLI,2000,1.6347612
Mali,MLI,2001,1.7975427
Mali,MLI,2002,1.8446141
Mali,MLI,2003,2.0171576
Mali,MLI,2004,2.0387275
Mali,MLI,2005,2.082107
Mali,MLI,2006,2.1503177
Mali,MLI,2007,2.1881642
Mali,MLI,2008,2.267785
Mali,MLI,2009,2.391487
Mali,MLI,2010,2.5248551
Mali,MLI,2011,2.598969
Mali,MLI,2012,2.5710979
Mali,MLI,2013,2.6557045
Mali,MLI,2014,2.8283954
Mali,MLI,2015,3.0048556
Mali,MLI,2016,3.1852992
Mali,MLI,2017,3.3565264
Mali,MLI,2018,3.519917
Mali,MLI,2019,3.6959128
Mali,MLI,2020,3.6527035
Mali,MLI,2021,3.765972
Mali,MLI,2022,3.905433
Malta,MLT,1980,121.58726
Malta,MLT,1981,112.155304
Malta,MLT,1982,103.61575
Malta,MLT,1983,93.89464
Malta,MLT,1984,87.09466
Malta,MLT,1985,98.31414
Malta,MLT,1986,103.51922
Malta,MLT,1987,109.25639
Malta,MLT,1988,120.10098
Malta,MLT,1989,131.76128
Malta,MLT,1990,142.05959
Malta,MLT,1991,153.14403
Malta,MLT,1992,162.69534
Malta,MLT,1993,172.53297
Malta,MLT,1994,185.05652
Malta,MLT,1995,199.8343
Malta,MLT,1996,194.6152
Malta,MLT,1997,192.96613
Malta,MLT,1998,191.73709
Malta,MLT,1999,190.35274
Malta,MLT,2000,216.56247
Malta,MLT,2001,204.80531
Malta,MLT,2002,200.95927
Malta,MLT,2003,205.00478
Malta,MLT,2004,205.60191
Malta,MLT,2005,205.1231
Malta,MLT,2006,206.67143
Malta,MLT,2007,213.77684
Malta,MLT,2008,229.44048
Malta,MLT,2009,255.50043
Malta,MLT,2010,210.30096
Malta,MLT,2011,227.99611
Malta,MLT,2012,225.50998
Malta,MLT,2013,208.50244
Malta,MLT,2014,229.8997
Malta,MLT,2015,271.31088
Malta,MLT,2016,281.70102
Malta,MLT,2017,289.87643
Malta,MLT,2018,334.45834
Malta,MLT,2019,365.22073
Malta,MLT,2020,347.7814
Malta,MLT,2021,411.06262
Malta,MLT,2022,455.31485
Mauritania,MRT,1980,3.2632208
Mauritania,MRT,1981,2.7092147
Mauritania,MRT,1982,2.209523
Mauritania,MRT,1983,1.9675975
Mauritania,MRT,1984,1.6679889
Mauritania,MRT,1985,1.5284117
Mauritania,MRT,1986,1.6175188
Mauritania,MRT,1987,1.6500758
Mauritania,MRT,1988,1.6803169
Mauritania,MRT,1989,1.7625415
Mauritania,MRT,1990,1.735381
Mauritania,MRT,1991,1.7683704
Mauritania,MRT,1992,1.8035122
Mauritania,MRT,1993,1.9115666
Mauritania,MRT,1994,1.8551209
Mauritania,MRT,1995,2.0395598
Mauritania,MRT,1996,2.1606455
Mauritania,MRT,1997,2.075569
Mauritania,MRT,1998,2.135609
Mauritania,MRT,1999,2.2165313
Mauritania,MRT,2000,2.132073
Mauritania,MRT,2001,2.203271
Mauritania,MRT,2002,2.330962
Mauritania,MRT,2003,2.6059158
Mauritania,MRT,2004,2.85941
Mauritania,MRT,2005,3.092382
Mauritania,MRT,2006,3.6593144
Mauritania,MRT,2007,3.5872471
Mauritania,MRT,2008,3.5753706
Mauritania,MRT,2009,3.5788698
Mauritania,MRT,2010,3.6726444
Mauritania,MRT,2011,3.825896
Mauritania,MRT,2012,3.996914
Mauritania,MRT,2013,4.1628184
Mauritania,MRT,2014,4.3407717
Mauritania,MRT,2015,4.5741463
Mauritania,MRT,2016,4.631822
Mauritania,MRT,2017,4.9222627
Mauritania,MRT,2018,5.157161
Mauritania,MRT,2019,5.319148
Mauritania,MRT,2020,5.2999644
Mauritania,MRT,2021,5.339328
Mauritania,MRT,2022,5.702189
Mauritius,MUS,1974,4.9189296
Mauritius,MUS,1975,4.9634995
Mauritius,MUS,1976,5.916739
Mauritius,MUS,1977,6.080701
Mauritius,MUS,1978,6.097521
Mauritius,MUS,1979,6.103031
Mauritius,MUS,1980,5.313137
Mauritius,MUS,1981,5.451038
Mauritius,MUS,1982,5.577543
Mauritius,MUS,1983,5.4353023
Mauritius,MUS,1984,5.5290694
Mauritius,MUS,1985,5.7502894
Mauritius,MUS,1986,6.14091
Mauritius,MUS,1987,6.5119133
Mauritius,MUS,1988,6.776819
Mauritius,MUS,1989,6.903369
Mauritius,MUS,1990,7.219956
Mauritius,MUS,1991,7.4118605
Mauritius,MUS,1992,7.7624574
Mauritius,MUS,1993,8.022691
Mauritius,MUS,1994,8.219236
Mauritius,MUS,1995,8.435066
Mauritius,MUS,1996,8.92091
Mauritius,MUS,1997,9.4436655
Mauritius,MUS,1998,10.033447
Mauritius,MUS,1999,10.3122635
Mauritius,MUS,2000,11.176449
Mauritius,MUS,2001,10.867645
Mauritius,MUS,2002,10.426662
Mauritius,MUS,2003,10.460527
Mauritius,MUS,2004,11.175517
Mauritius,MUS,2005,11.653995
Mauritius,MUS,2006,12.382299
Mauritius,MUS,2007,14.171998
Mauritius,MUS,2008,12.283715
Mauritius,MUS,2009,15.381729
Mauritius,MUS,2010,15.928998
Mauritius,MUS,2011,18.494764
Mauritius,MUS,2012,18.779585
Mauritius,MUS,2013,18.580593
Mauritius,MUS,2014,18.91828
Mauritius,MUS,2015,19.872894
Mauritius,MUS,2016,20.37415
Mauritius,MUS,2017,21.523636
Mauritius,MUS,2018,23.105719
Mauritius,MUS,2019,23.613947
Mauritius,MUS,2020,19.78001
Mauritius,MUS,2021,20.554873
Mauritius,MUS,2022,21.351898
Mexico,MEX,1980,9.96854
Mexico,MEX,1981,10.806326
Mexico,MEX,1982,10.685754
Mexico,MEX,1983,10.084065
Mexico,MEX,1984,10.329341
Mexico,MEX,1985,10.418768
Mexico,MEX,1986,9.906916
Mexico,MEX,1987,10.008935
Mexico,MEX,1988,10.029305
Mexico,MEX,1989,10.289755
Mexico,MEX,1990,10.723532
Mexico,MEX,1991,11.041372
Mexico,MEX,1992,11.325172
Mexico,MEX,1993,11.538647
Mexico,MEX,1994,11.93176
Mexico,MEX,1995,11.121388
Mexico,MEX,1996,11.703314
Mexico,MEX,1997,12.430454
Mexico,MEX,1998,13.079019
Mexico,MEX,1999,13.317999
Mexico,MEX,2000,13.862625
Mexico,MEX,2001,13.677728
Mexico,MEX,2002,12.981199
Mexico,MEX,2003,12.713086
Mexico,MEX,2004,13.078821
Mexico,MEX,2005,13.179944
Mexico,MEX,2006,13.669727
Mexico,MEX,2007,13.66103
Mexico,MEX,2008,13.594426
Mexico,MEX,2009,12.738767
Mexico,MEX,2010,13.397243
Mexico,MEX,2011,13.884804
Mexico,MEX,2012,13.813323
Mexico,MEX,2013,14.115294
Mexico,MEX,2014,13.909926
Mexico,MEX,2015,14.164073
Mexico,MEX,2016,14.262449
Mexico,MEX,2017,14.320494
Mexico,MEX,2018,14.438532
Mexico,MEX,2019,14.299583
Mexico,MEX,2020,13.076161
Mexico,MEX,2021,13.806018
Mexico,MEX,2022,14.340508
"Middle East, North Africa, Afghanistan and Pakistan (WB)",WB_MENAP,1970,23.19146
"Middle East, North Africa, Afghanistan and Pakistan (WB)",WB_MENAP,1971,22.567013
"Middle East, North Africa, Afghanistan and Pakistan (WB)",WB_MENAP,1972,25.966085
"Middle East, North Africa, Afghanistan and Pakistan (WB)",WB_MENAP,1973,26.433323
"Middle East, North Africa, Afghanistan and Pakistan (WB)",WB_MENAP,1974,27.481256
"Middle East, North Africa, Afghanistan and Pakistan (WB)",WB_MENAP,1975,1.7317611
"Middle East, North Africa, Afghanistan and Pakistan (WB)",WB_MENAP,1976,1.9574689
"Middle East, North Africa, Afghanistan and Pakistan (WB)",WB_MENAP,1977,1.9655238
"Middle East, North Africa, Afghanistan and Pakistan (WB)",WB_MENAP,1978,1.9299221
"Middle East, North Africa, Afghanistan and Pakistan (WB)",WB_MENAP,1979,1.9180839
"Middle East, North Africa, Afghanistan and Pakistan (WB)",WB_MENAP,1980,2.2198248
"Middle East, North Africa, Afghanistan and Pakistan (WB)",WB_MENAP,1981,2.204287
"Middle East, North Africa, Afghanistan and Pakistan (WB)",WB_MENAP,1982,2.3246443
"Middle East, North Africa, Afghanistan and Pakistan (WB)",WB_MENAP,1983,2.371221
"Middle East, North Africa, Afghanistan and Pakistan (WB)",WB_MENAP,1984,2.368129
"Middle East, North Africa, Afghanistan and Pakistan (WB)",WB_MENAP,1985,2.4165893
"Middle East, North Africa, Afghanistan and Pakistan (WB)",WB_MENAP,1986,2.325243
"Middle East, North Africa, Afghanistan and Pakistan (WB)",WB_MENAP,1987,2.3481228
"Middle East, North Africa, Afghanistan and Pakistan (WB)",WB_MENAP,1988,2.3918788
"Middle East, North Africa, Afghanistan and Pakistan (WB)",WB_MENAP,1989,2.4575415
"Middle East, North Africa, Afghanistan and Pakistan (WB)",WB_MENAP,1990,2.761807
"Middle East, North Africa, Afghanistan and Pakistan (WB)",WB_MENAP,1991,2.8483195
"Middle East, North Africa, Afghanistan and Pakistan (WB)",WB_MENAP,1992,3.6197996
"Middle East, North Africa, Afghanistan and Pakistan (WB)",WB_MENAP,1993,3.736205
"Middle East, North Africa, Afghanistan and Pakistan (WB)",WB_MENAP,1994,3.7220023
"Middle East, North Africa, Afghanistan and Pakistan (WB)",WB_MENAP,1995,3.721435
"Middle East, North Africa, Afghanistan and Pakistan (WB)",WB_MENAP,1996,3.8358061
"Middle East, North Africa, Afghanistan and Pakistan (WB)",WB_MENAP,1997,3.9147959
"Middle East, North Africa, Afghanistan and Pakistan (WB)",WB_MENAP,1998,3.9982603
"Middle East, North Africa, Afghanistan and Pakistan (WB)",WB_MENAP,1999,4.037692
"Middle East, North Africa, Afghanistan and Pakistan (WB)",WB_MENAP,2000,4.160496
"Middle East, North Africa, Afghanistan and Pakistan (WB)",WB_MENAP,2001,4.2024093
"Middle East, North Africa, Afghanistan and Pakistan (WB)",WB_MENAP,2002,4.2466416
"Middle East, North Africa, Afghanistan and Pakistan (WB)",WB_MENAP,2003,4.4419045
"Middle East, North Africa, Afghanistan and Pakistan (WB)",WB_MENAP,2004,4.7749453
"Middle East, North Africa, Afghanistan and Pakistan (WB)",WB_MENAP,2005,5.007901
"Middle East, North Africa, Afghanistan and Pakistan (WB)",WB_MENAP,2006,5.2818713
"Middle East, North Africa, Afghanistan and Pakistan (WB)",WB_MENAP,2007,5.546705
"Middle East, North Africa, Afghanistan and Pakistan (WB)",WB_MENAP,2008,5.7770915
"Middle East, North Africa, Afghanistan and Pakistan (WB)",WB_MENAP,2009,5.852716
"Middle East, North Africa, Afghanistan and Pakistan (WB)",WB_MENAP,2010,6.1128855
"Middle East, North Africa, Afghanistan and Pakistan (WB)",WB_MENAP,2011,6.4740887
"Middle East, North Africa, Afghanistan and Pakistan (WB)",WB_MENAP,2012,6.6463156
"Middle East, North Africa, Afghanistan and Pakistan (WB)",WB_MENAP,2013,6.881522
"Middle East, North Africa, Afghanistan and Pakistan (WB)",WB_MENAP,2014,7.128892
"Middle East, North Africa, Afghanistan and Pakistan (WB)",WB_MENAP,2015,7.343524
"Middle East, North Africa, Afghanistan and Pakistan (WB)",WB_MENAP,2016,7.5766892
"Middle East, North Africa, Afghanistan and Pakistan (WB)",WB_MENAP,2017,7.393481
"Middle East, North Africa, Afghanistan and Pakistan (WB)",WB_MENAP,2018,7.810853
"Middle East, North Africa, Afghanistan and Pakistan (WB)",WB_MENAP,2019,7.7940784
"Middle East, North Africa, Afghanistan and Pakistan (WB)",WB_MENAP,2020,7.4983506
"Middle East, North Africa, Afghanistan and Pakistan (WB)",WB_MENAP,2021,8.016524
"Middle East, North Africa, Afghanistan and Pakistan (WB)",WB_MENAP,2022,7.7848396
Moldova,MDA,1992,3.3790956
Moldova,MDA,1993,3.5374012
Moldova,MDA,1994,2.5991588
Moldova,MDA,1995,2.7360613
Moldova,MDA,1996,2.7620254
Moldova,MDA,1997,2.8690727
Moldova,MDA,1998,2.7414796
Moldova,MDA,1999,2.709886
Moldova,MDA,2000,2.831941
Moldova,MDA,2001,4.782125
Moldova,MDA,2002,5.202753
Moldova,MDA,2003,5.5589733
Moldova,MDA,2004,6.0544267
Moldova,MDA,2005,6.5085087
Moldova,MDA,2006,6.804943
Moldova,MDA,2007,7.0090914
Moldova,MDA,2008,7.494371
Moldova,MDA,2009,7.012132
Moldova,MDA,2010,7.633542
Moldova,MDA,2011,8.115822
Moldova,MDA,2012,8.039485
Moldova,MDA,2013,8.881502
Moldova,MDA,2014,9.359009
Moldova,MDA,2015,9.282937
Moldova,MDA,2016,9.69115
Moldova,MDA,2017,10.119852
Moldova,MDA,2018,10.570046
Moldova,MDA,2019,10.9194355
Moldova,MDA,2020,9.932873
Moldova,MDA,2021,11.316523
Moldova,MDA,2022,10.795962
Monaco,MCO,1990,479.73965
Monaco,MCO,1991,491.9522
Monaco,MCO,1992,506.34735
Monaco,MCO,1993,509.5591
Monaco,MCO,1994,529.11646
Monaco,MCO,1995,549.0335
Monaco,MCO,1996,555.1318
Monaco,MCO,1997,586.46985
Monaco,MCO,1998,607.01544
Monaco,MCO,1999,616.7707
Monaco,MCO,2000,651.56934
Monaco,MCO,2001,677.1091
Monaco,MCO,2002,695.8537
Monaco,MCO,2003,658.03937
Monaco,MCO,2004,760.1156
Monaco,MCO,2005,747.3467
Monaco,MCO,2006,804.9466
Monaco,MCO,2007,937.90924
Monaco,MCO,2008,999.42847
Monaco,MCO,2009,921.56836
Monaco,MCO,2010,940.60077
Monaco,MCO,2011,1006.6531
Monaco,MCO,2012,1016.84265
Monaco,MCO,2013,1114.2267
Monaco,MCO,2014,1194.3064
Monaco,MCO,2015,1252.9513
Monaco,MCO,2016,1290.6456
Monaco,MCO,2017,1249.2651
Monaco,MCO,2018,1320.447
Monaco,MCO,2019,1414.4746
Monaco,MCO,2020,1227.2108
Monaco,MCO,2021,1500.047
Monaco,MCO,2022,1669.0468
Mongolia,MNG,1993,7.1735897
Mongolia,MNG,1994,7.1821294
Mongolia,MNG,1995,7.4922543
Mongolia,MNG,1996,7.5143085
Mongolia,MNG,1997,7.6616774
Mongolia,MNG,1998,7.7727704
Mongolia,MNG,1999,7.867536
Mongolia,MNG,2000,7.817302
Mongolia,MNG,2001,7.908591
Mongolia,MNG,2002,8.141746
Mongolia,MNG,2003,8.566062
Mongolia,MNG,2004,9.32007
Mongolia,MNG,2005,10.222343
Mongolia,MNG,2006,10.505152
Mongolia,MNG,2007,11.503611
Mongolia,MNG,2008,12.443551
Mongolia,MNG,2009,12.203937
Mongolia,MNG,2010,13.4755745
Mongolia,MNG,2011,16.43201
Mongolia,MNG,2012,19.21805
Mongolia,MNG,2013,22.380318
Mongolia,MNG,2014,25.231092
Mongolia,MNG,2015,27.048166
Mongolia,MNG,2016,25.5039
Mongolia,MNG,2017,26.941525
Mongolia,MNG,2018,29.028114
Mongolia,MNG,2019,30.654339
Mongolia,MNG,2020,29.25719
Mongolia,MNG,2021,29.736063
Mongolia,MNG,2022,31.232594
Montenegro,MNE,2006,20.41612
Montenegro,MNE,2007,20.948135
Montenegro,MNE,2008,23.58089
Montenegro,MNE,2009,10.394123
Montenegro,MNE,2010,6.9895654
Montenegro,MNE,2011,5.3632107
Montenegro,MNE,2012,4.157294
Montenegro,MNE,2013,3.5666292
Montenegro,MNE,2014,3.1187901
Montenegro,MNE,2015,2.792759
Montenegro,MNE,2016,2.562769
Montenegro,MNE,2017,2.3775494
Montenegro,MNE,2018,2.2612698
Montenegro,MNE,2019,2.16197
Montenegro,MNE,2020,1.6951767
Montenegro,MNE,2021,1.4547918
Montenegro,MNE,2022,2.1964028
Morocco,MAR,1975,2.2340643
Morocco,MAR,1976,2.419181
Morocco,MAR,1977,2.508565
Morocco,MAR,1978,2.5086474
Morocco,MAR,1979,2.572802
Morocco,MAR,1980,2.6107895
Morocco,MAR,1981,2.5176742
Morocco,MAR,1982,2.69322
Morocco,MAR,1983,2.6817114
Morocco,MAR,1984,2.8036742
Morocco,MAR,1985,2.9207726
Morocco,MAR,1986,3.251868
Morocco,MAR,1987,3.3037262
Morocco,MAR,1988,3.7686346
Morocco,MAR,1989,3.9535372
Morocco,MAR,1990,4.1734176
Morocco,MAR,1991,4.2478466
Morocco,MAR,1992,3.9581754
Morocco,MAR,1993,3.931354
Morocco,MAR,1994,4.288532
Morocco,MAR,1995,4.0314903
Morocco,MAR,1996,4.498539
Morocco,MAR,1997,4.308243
Morocco,MAR,1998,4.4981174
Morocco,MAR,1999,4.456785
Morocco,MAR,2000,4.4572153
Morocco,MAR,2001,4.413786
Morocco,MAR,2002,4.23643
Morocco,MAR,2003,4.664767
Morocco,MAR,2004,5.065995
Morocco,MAR,2005,5.43725
Morocco,MAR,2006,6.1055784
Morocco,MAR,2007,6.5908794
Morocco,MAR,2008,7.282891
Morocco,MAR,2009,7.916361
Morocco,MAR,2010,8.604115
Morocco,MAR,2011,9.079461
Morocco,MAR,2012,9.357506
Morocco,MAR,2013,9.743242
Morocco,MAR,2014,10.008184
Morocco,MAR,2015,10.442999
Morocco,MAR,2016,10.497426
Morocco,MAR,2017,11.028375
Morocco,MAR,2018,11.366466
Morocco,MAR,2019,11.695067
Morocco,MAR,2020,10.855571
Morocco,MAR,2021,11.740814
Morocco,MAR,2022,11.953639
Mozambique,MOZ,1990,4.7843537
Mozambique,MOZ,1991,4.8089185
Mozambique,MOZ,1992,4.265215
Mozambique,MOZ,1993,4.548313
Mozambique,MOZ,1994,4.6604667
Mozambique,MOZ,1995,4.5880895
Mozambique,MOZ,1996,4.902367
Mozambique,MOZ,1997,5.297521
Mozambique,MOZ,1998,5.6568885
Mozambique,MOZ,1999,6.126337
Mozambique,MOZ,2000,5.9849644
Mozambique,MOZ,2001,6.5090694
Mozambique,MOZ,2002,6.7874236
Mozambique,MOZ,2003,6.936281
Mozambique,MOZ,2004,7.169402
Mozambique,MOZ,2005,7.2953577
Mozambique,MOZ,2006,7.7463665
Mozambique,MOZ,2007,8.0653105
Mozambique,MOZ,2008,8.346204
Mozambique,MOZ,2009,8.568832
Mozambique,MOZ,2010,8.868157
Mozambique,MOZ,2011,9.225257
Mozambique,MOZ,2012,9.681956
Mozambique,MOZ,2013,10.035338
Mozambique,MOZ,2014,10.519928
Mozambique,MOZ,2015,11.004064
Mozambique,MOZ,2016,11.520924
Mozambique,MOZ,2017,11.824869
Mozambique,MOZ,2018,12.236958
Mozambique,MOZ,2019,12.520588
Mozambique,MOZ,2020,12.367896
Mozambique,MOZ,2021,12.661935
Mozambique,MOZ,2022,13.21456
Myanmar,MMR,1987,0.25381365
Myanmar,MMR,1988,0.22199638
Myanmar,MMR,1989,0.22716078
Myanmar,MMR,1990,0.2305303
Myanmar,MMR,1991,0.22609112
Myanmar,MMR,1992,0.24479204
Myanmar,MMR,1993,0.25632808
Myanmar,MMR,1994,0.2720916
Myanmar,MMR,1995,0.28744444
Myanmar,MMR,1996,0.30227378
Myanmar,MMR,1997,0.31555152
Myanmar,MMR,1998,0.33012855
Myanmar,MMR,1999,0.3619987
Myanmar,MMR,2000,0.40695173
Myanmar,MMR,2001,0.45311633
Myanmar,MMR,2002,0.5076059
Myanmar,MMR,2003,0.57787883
Myanmar,MMR,2004,0.65626615
Myanmar,MMR,2005,0.7453146
Myanmar,MMR,2006,0.84277266
Myanmar,MMR,2007,0.94383323
Myanmar,MMR,2008,1.0406262
Myanmar,MMR,2009,1.1504123
Myanmar,MMR,2010,1.2612481
Myanmar,MMR,2011,1.3317705
Myanmar,MMR,2012,1.4294249
Myanmar,MMR,2013,1.5498683
Myanmar,MMR,2014,1.6764911
Myanmar,MMR,2015,1.7937255
Myanmar,MMR,2016,1.8988822
Myanmar,MMR,2017,2.0153997
Myanmar,MMR,2018,2.1417422
Myanmar,MMR,2019,2.2826498
Myanmar,MMR,2020,2.0761077
Myanmar,MMR,2021,1.8266349
Myanmar,MMR,2022,1.9003851
Namibia,NAM,1985,24.582394
Namibia,NAM,1986,22.805834
Namibia,NAM,1987,21.190336
Namibia,NAM,1988,19.37261
Namibia,NAM,1989,18.030758
Namibia,NAM,1990,16.974236
Namibia,NAM,1991,17.01667
Namibia,NAM,1992,17.810373
Namibia,NAM,1993,17.125622
Namibia,NAM,1994,17.02993
Namibia,NAM,1995,17.304625
Namibia,NAM,1996,18.244919
Namibia,NAM,1997,18.461512
Namibia,NAM,1998,18.52994
Namibia,NAM,1999,18.627504
Namibia,NAM,2000,18.711958
Namibia,NAM,2001,19.511805
Namibia,NAM,2002,21.091675
Namibia,NAM,2003,22.717878
Namibia,NAM,2004,26.38363
Namibia,NAM,2005,28.015774
Namibia,NAM,2006,31.106873
Namibia,NAM,2007,34.00386
Namibia,NAM,2008,36.29014
Namibia,NAM,2009,37.901722
Namibia,NAM,2010,41.923233
Namibia,NAM,2011,46.042477
Namibia,NAM,2012,50.654995
Namibia,NAM,2013,56.147903
Namibia,NAM,2014,62.87512
Namibia,NAM,2015,69.190765
Namibia,NAM,2016,73.27673
Namibia,NAM,2017,77.04629
Namibia,NAM,2018,83.04102
Namibia,NAM,2019,87.663574
Namibia,NAM,2020,86.66582
Namibia,NAM,2021,103.99865
Namibia,NAM,2022,109.61325
Nepal,NPL,2000,1.404692
Nepal,NPL,2001,1.4741321
Nepal,NPL,2002,1.4779274
Nepal,NPL,2003,1.5383422
Nepal,NPL,2004,1.6125916
Nepal,NPL,2005,1.6709948
Nepal,NPL,2006,1.7272173
Nepal,NPL,2007,1.7861425
Nepal,NPL,2008,1.89518
Nepal,NPL,2009,1.98109
Nepal,NPL,2010,2.0765076
Nepal,NPL,2011,2.1475616
Nepal,NPL,2012,2.2478557
Nepal,NPL,2013,2.3270962
Nepal,NPL,2014,2.466989
Nepal,NPL,2015,2.5650778
Nepal,NPL,2016,2.5761876
Nepal,NPL,2017,2.807459
Nepal,NPL,2018,3.0214543
Nepal,NPL,2019,3.222594
Nepal,NPL,2020,3.146231
Nepal,NPL,2021,3.2984502
Nepal,NPL,2022,3.4841964
Netherlands,NLD,1980,40.82431
Netherlands,NLD,1981,40.371853
Netherlands,NLD,1982,39.74088
Netherlands,NLD,1983,40.431614
Netherlands,NLD,1984,41.534462
Netherlands,NLD,1985,42.468494
Netherlands,NLD,1986,44.9661
Netherlands,NLD,1987,47.25704
Netherlands,NLD,1988,50.449005
Netherlands,NLD,1989,54.42207
Netherlands,NLD,1990,58.63905
Netherlands,NLD,1991,60.069336
Netherlands,NLD,1992,63.440083
Netherlands,NLD,1993,66.80301
Netherlands,NLD,1994,71.64191
Netherlands,NLD,1995,77.08027
Netherlands,NLD,1996,83.333336
Netherlands,NLD,1997,80.88823
Netherlands,NLD,1998,79.19153
Netherlands,NLD,1999,78.148155
Netherlands,NLD,2000,76.795494
Netherlands,NLD,2001,74.33555
Netherlands,NLD,2002,69.38818
Netherlands,NLD,2003,64.98247
Netherlands,NLD,2004,62.281242
Netherlands,NLD,2005,59.922047
Netherlands,NLD,2006,63.722095
Netherlands,NLD,2007,68.04076
Netherlands,NLD,2008,70.98356
Netherlands,NLD,2009,64.1866
Netherlands,NLD,2010,67.88943
Netherlands,NLD,2011,74.11091
Netherlands,NLD,2012,69.78205
Netherlands,NLD,2013,70.26121
Netherlands,NLD,2014,80.04582
Netherlands,NLD,2015,92.22966
Netherlands,NLD,2016,99.02908
Netherlands,NLD,2017,103.16196
Netherlands,NLD,2018,103.22324
Netherlands,NLD,2019,101.66179
Netherlands,NLD,2020,98.87558
Netherlands,NLD,2021,109.83989
Netherlands,NLD,2022,111.304344
New Zealand,NZL,1980,60.698334
New Zealand,NZL,1981,56.88738
New Zealand,NZL,1982,51.984985
New Zealand,NZL,1983,49.150665
New Zealand,NZL,1984,47.409218
New Zealand,NZL,1985,44.625294
New Zealand,NZL,1986,43.791298
New Zealand,NZL,1987,42.331005
New Zealand,NZL,1988,40.4562
New Zealand,NZL,1989,38.9294
New Zealand,NZL,1990,37.515045
New Zealand,NZL,1991,35.75415
New Zealand,NZL,1992,34.874832
New Zealand,NZL,1993,35.84404
New Zealand,NZL,1994,36.441647
New Zealand,NZL,1995,36.94908
New Zealand,NZL,1996,37.103924
New Zealand,NZL,1997,36.743168
New Zealand,NZL,1998,35.982906
New Zealand,NZL,1999,36.8484
New Zealand,NZL,2000,35.083927
New Zealand,NZL,2001,33.766758
New Zealand,NZL,2002,33.06713
New Zealand,NZL,2003,32.523067
New Zealand,NZL,2004,31.910633
New Zealand,NZL,2005,31.191275
New Zealand,NZL,2006,30.408566
New Zealand,NZL,2007,30.877148
New Zealand,NZL,2008,30.120193
New Zealand,NZL,2009,29.678802
New Zealand,NZL,2010,29.68762
New Zealand,NZL,2011,24.748848
New Zealand,NZL,2012,21.407267
New Zealand,NZL,2013,19.014147
New Zealand,NZL,2014,17.405684
New Zealand,NZL,2015,18.048018
New Zealand,NZL,2016,18.730072
New Zealand,NZL,2017,19.362911
New Zealand,NZL,2018,20.034916
New Zealand,NZL,2019,20.49922
New Zealand,NZL,2020,20.436235
New Zealand,NZL,2021,21.363102
New Zealand,NZL,2022,22.110039
Nicaragua,NIC,1998,5.116559
Nicaragua,NIC,1999,5.2655334
Nicaragua,NIC,2000,5.2823124
Nicaragua,NIC,2001,5.2439923
Nicaragua,NIC,2002,5.219447
Nicaragua,NIC,2003,5.286893
Nicaragua,NIC,2004,5.5018125
Nicaragua,NIC,2005,5.670278
Nicaragua,NIC,2006,5.863017
Nicaragua,NIC,2007,6.1163754
Nicaragua,NIC,2008,6.2813797
Nicaragua,NIC,2009,6.1337886
Nicaragua,NIC,2010,6.467359
Nicaragua,NIC,2011,6.944263
Nicaragua,NIC,2012,7.5363913
Nicaragua,NIC,2013,8.061437
Nicaragua,NIC,2014,8.614677
Nicaragua,NIC,2015,9.210103
Nicaragua,NIC,2016,9.829175
Nicaragua,NIC,2017,10.501163
Nicaragua,NIC,2018,10.366479
Nicaragua,NIC,2019,10.292705
Nicaragua,NIC,2020,10.057603
Nicaragua,NIC,2021,11.109064
Nicaragua,NIC,2022,11.503469
Niger,NER,1988,7.7495503
Niger,NER,1989,7.4025555
Niger,NER,1990,6.932508
Niger,NER,1991,6.566607
Niger,NER,1992,6.387559
Niger,NER,1993,6.1242657
Niger,NER,1994,5.9732776
Niger,NER,1995,5.871035
Niger,NER,1996,5.6471586
Niger,NER,1997,5.5176854
Niger,NER,1998,5.8479023
Niger,NER,1999,5.630872
Niger,NER,2000,5.3747416
Niger,NER,2001,5.576829
Niger,NER,2002,5.6658235
Niger,NER,2003,5.611108
Niger,NER,2004,5.463799
Niger,NER,2005,5.6947913
Niger,NER,2006,5.693055
Niger,NER,2007,5.5591187
Niger,NER,2008,5.6859736
Niger,NER,2009,5.5184226
Niger,NER,2010,5.7165585
Niger,NER,2011,5.5943546
Niger,NER,2012,5.9243093
Niger,NER,2013,5.9872994
Niger,NER,2014,6.137207
Niger,NER,2015,5.62525
Niger,NER,2016,5.8606963
Niger,NER,2017,6.799736
Niger,NER,2018,4.7409797
Niger,NER,2019,4.7274566
Niger,NER,2020,4.895312
Niger,NER,2021,4.963043
Niger,NER,2022,5.553645
Nigeria,NGA,1987,22.409931
Nigeria,NGA,1988,22.588507
Nigeria,NGA,1989,21.69882
Nigeria,NGA,1990,22.94707
Nigeria,NGA,1991,21.842283
Nigeria,NGA,1992,21.733608
Nigeria,NGA,1993,20.296429
Nigeria,NGA,1994,19.038456
Nigeria,NGA,1995,18.21164
Nigeria,NGA,1996,18.19812
Nigeria,NGA,1997,17.993788
Nigeria,NGA,1998,17.760437
Nigeria,NGA,1999,17.211828
Nigeria,NGA,2000,17.439138
Nigeria,NGA,2001,18.027403
Nigeria,NGA,2002,20.303112
Nigeria,NGA,2003,21.295248
Nigeria,NGA,2004,22.743853
Nigeria,NGA,2005,23.67765
Nigeria,NGA,2006,24.727293
Nigeria,NGA,2007,25.95903
Nigeria,NGA,2008,27.302668
Nigeria,NGA,2009,29.064533
Nigeria,NGA,2010,30.937786
Nigeria,NGA,2011,32.57994
Nigeria,NGA,2012,33.95809
Nigeria,NGA,2013,36.22355
Nigeria,NGA,2014,38.509155
Nigeria,NGA,2015,39.53068
Nigeria,NGA,2016,38.891525
Nigeria,NGA,2017,39.204945
Nigeria,NGA,2018,39.958763
Nigeria,NGA,2019,40.84122
Nigeria,NGA,2020,38.240086
Nigeria,NGA,2021,38.664265
Nigeria,NGA,2022,40.33411
North America (WB),WB_NA,1980,13.578371
North America (WB),WB_NA,1981,14.065617
North America (WB),WB_NA,1982,13.955008
North America (WB),WB_NA,1983,14.747355
North America (WB),WB_NA,1984,15.98173
North America (WB),WB_NA,1985,16.825983
North America (WB),WB_NA,1986,17.682217
North America (WB),WB_NA,1987,18.465557
North America (WB),WB_NA,1988,19.413715
North America (WB),WB_NA,1989,20.28723
North America (WB),WB_NA,1990,20.830488
North America (WB),WB_NA,1991,20.715672
North America (WB),WB_NA,1992,21.389648
North America (WB),WB_NA,1993,21.96488
North America (WB),WB_NA,1994,22.845707
North America (WB),WB_NA,1995,23.446394
North America (WB),WB_NA,1996,24.279121
North America (WB),WB_NA,1997,25.317698
North America (WB),WB_NA,1998,26.401524
North America (WB),WB_NA,1999,27.63163
North America (WB),WB_NA,2000,28.738214
North America (WB),WB_NA,2001,28.981915
North America (WB),WB_NA,2002,29.452143
North America (WB),WB_NA,2003,30.198536
North America (WB),WB_NA,2004,31.286928
North America (WB),WB_NA,2005,32.3129
North America (WB),WB_NA,2006,33.99604
North America (WB),WB_NA,2007,35.520386
North America (WB),WB_NA,2008,36.559795
North America (WB),WB_NA,2009,36.61054
North America (WB),WB_NA,2010,38.72696
North America (WB),WB_NA,2011,39.081177
North America (WB),WB_NA,2012,39.449234
North America (WB),WB_NA,2013,39.78371
North America (WB),WB_NA,2014,40.42816
North America (WB),WB_NA,2015,41.17022
North America (WB),WB_NA,2016,41.871162
North America (WB),WB_NA,2017,42.89571
North America (WB),WB_NA,2018,44.160675
North America (WB),WB_NA,2019,45.27831
North America (WB),WB_NA,2020,44.197414
North America (WB),WB_NA,2021,46.882282
North America (WB),WB_NA,2022,48.119717
North Macedonia,MKD,1996,3.7402232
North Macedonia,MKD,1997,4.405299
North Macedonia,MKD,1998,5.4286923
North Macedonia,MKD,1999,7.010497
North Macedonia,MKD,2000,9.61456
North Macedonia,MKD,2001,9.733176
North Macedonia,MKD,2002,10.337227
North Macedonia,MKD,2003,8.283691
North Macedonia,MKD,2004,7.1301994
North Macedonia,MKD,2005,6.34044
North Macedonia,MKD,2006,9.029745
North Macedonia,MKD,2007,14.895862
North Macedonia,MKD,2008,10.836368
North Macedonia,MKD,2009,8.240691
North Macedonia,MKD,2010,9.811494
North Macedonia,MKD,2011,11.839842
North Macedonia,MKD,2012,14.357928
North Macedonia,MKD,2013,18.90333
North Macedonia,MKD,2014,14.29875
North Macedonia,MKD,2015,11.692289
North Macedonia,MKD,2016,9.916594
North Macedonia,MKD,2017,6.5445147
North Macedonia,MKD,2018,4.9981456
North Macedonia,MKD,2019,6.994519
North Macedonia,MKD,2020,7.404291
North Macedonia,MKD,2021,7.1086044
North Macedonia,MKD,2022,5.272553
Norway,NOR,1980,82.15722
Norway,NOR,1981,82.389275
Norway,NOR,1982,81.52672
Norway,NOR,1983,83.69614
Norway,NOR,1984,87.655106
Norway,NOR,1985,91.38363
Norway,NOR,1986,93.92091
Norway,NOR,1987,94.41934
Norway,NOR,1988,93.060005
Norway,NOR,1989,92.922714
Norway,NOR,1990,93.619545
Norway,NOR,1991,95.40056
Norway,NOR,1992,97.69042
Norway,NOR,1993,99.34366
Norway,NOR,1994,103.20881
Norway,NOR,1995,106.31921
Norway,NOR,1996,110.45384
Norway,NOR,1997,117.44926
Norway,NOR,1998,121.79682
Norway,NOR,1999,125.58402
Norway,NOR,2000,126.61861
Norway,NOR,2001,121.050896
Norway,NOR,2002,123.44329
Norway,NOR,2003,123.420265
Norway,NOR,2004,117.836716
Norway,NOR,2005,124.09674
Norway,NOR,2006,118.50669
Norway,NOR,2007,118.453575
Norway,NOR,2008,122.746155
Norway,NOR,2009,124.24954
Norway,NOR,2010,126.87448
Norway,NOR,2011,129.9916
Norway,NOR,2012,135.32837
Norway,NOR,2013,135.60648
Norway,NOR,2014,137.14037
Norway,NOR,2015,143.0565
Norway,NOR,2016,148.29941
Norway,NOR,2017,149.53938
Norway,NOR,2018,150.90114
Norway,NOR,2019,152.70982
Norway,NOR,2020,150.87802
Norway,NOR,2021,159.25739
Norway,NOR,2022,161.65117
Oman,OMN,1991,25.994436
Oman,OMN,1992,27.864264
Oman,OMN,1993,29.219091
Oman,OMN,1994,30.017336
Oman,OMN,1995,32.044518
Oman,OMN,1996,32.654972
Oman,OMN,1997,34.246044
Oman,OMN,1998,33.852097
Oman,OMN,1999,33.588997
Oman,OMN,2000,34.9021
Oman,OMN,2001,37.342606
Oman,OMN,2002,37.48001
Oman,OMN,2003,38.8365
Oman,OMN,2004,38.16854
Oman,OMN,2005,37.85165
Oman,OMN,2006,38.275005
Oman,OMN,2007,38.862774
Oman,OMN,2008,40.99571
Oman,OMN,2009,42.110092
Oman,OMN,2010,41.861935
Oman,OMN,2011,41.82419
Oman,OMN,2012,44.247585
Oman,OMN,2013,45.284145
Oman,OMN,2014,45.869328
Oman,OMN,2015,48.17062
Oman,OMN,2016,50.601513
Oman,OMN,2017,50.75537
Oman,OMN,2018,51.408646
Oman,OMN,2019,50.82843
Oman,OMN,2020,49.11057
Oman,OMN,2021,50.37869
Oman,OMN,2022,54.401787
Pakistan,PAK,1975,0.28991568
Pakistan,PAK,1976,0.30458724
Pakistan,PAK,1977,0.31632397
Pakistan,PAK,1978,0.3414734
Pakistan,PAK,1979,0.35398635
Pakistan,PAK,1980,0.38979527
Pakistan,PAK,1981,0.4202895
Pakistan,PAK,1982,0.44736114
Pakistan,PAK,1983,0.47725362
Pakistan,PAK,1984,0.50097513
Pakistan,PAK,1985,0.53852385
Pakistan,PAK,1986,0.56763995
Pakistan,PAK,1987,0.60372233
Pakistan,PAK,1988,0.64917374
Pakistan,PAK,1989,0.6807593
Pakistan,PAK,1990,0.7104734
Pakistan,PAK,1991,0.7457653
Pakistan,PAK,1992,0.79362184
Pakistan,PAK,1993,0.7980226
Pakistan,PAK,1994,0.8181736
Pakistan,PAK,1995,0.84885645
Pakistan,PAK,1996,0.87983376
Pakistan,PAK,1997,0.87872434
Pakistan,PAK,1998,0.8910733
Pakistan,PAK,1999,0.9134892
Pakistan,PAK,2000,0.9420039
Pakistan,PAK,2001,0.96923417
Pakistan,PAK,2002,0.9871395
Pakistan,PAK,2003,1.0329328
Pakistan,PAK,2004,1.1058263
Pakistan,PAK,2005,1.1778349
Pakistan,PAK,2006,1.2387034
Pakistan,PAK,2007,1.2830688
Pakistan,PAK,2008,1.299181
Pakistan,PAK,2009,1.347306
Pakistan,PAK,2010,1.3513745
Pakistan,PAK,2011,1.4324338
Pakistan,PAK,2012,1.4098197
Pakistan,PAK,2013,1.5065055
Pakistan,PAK,2014,1.4770019
Pakistan,PAK,2015,1.5233538
Pakistan,PAK,2016,1.6002538
Pakistan,PAK,2017,1.6695157
Pakistan,PAK,2018,1.8386983
Pakistan,PAK,2019,2.0509405
Pakistan,PAK,2020,1.8915242
Pakistan,PAK,2021,2.0741408
Pakistan,PAK,2022,2.2321522
Palestine,PSE,2000,25.33539
Palestine,PSE,2001,23.869846
Palestine,PSE,2002,17.456175
Palestine,PSE,2003,18.893766
Palestine,PSE,2004,20.623425
Palestine,PSE,2005,21.421814
Palestine,PSE,2006,21.934835
Palestine,PSE,2007,23.784529
Palestine,PSE,2008,26.748484
Palestine,PSE,2009,30.474699
Palestine,PSE,2010,40.924667
Palestine,PSE,2011,45.50918
Palestine,PSE,2012,44.04272
Palestine,PSE,2013,44.617725
Palestine,PSE,2014,49.075047
Palestine,PSE,2015,47.982143
Palestine,PSE,2016,54.20884
Palestine,PSE,2017,53.565624
Palestine,PSE,2018,52.106106
Palestine,PSE,2019,48.02488
Palestine,PSE,2020,39.833714
Palestine,PSE,2021,44.867683
Panama,PAN,2010,37.433296
Panama,PAN,2011,39.62645
Panama,PAN,2012,41.213318
Panama,PAN,2013,41.68195
Panama,PAN,2014,44.107506
Panama,PAN,2015,44.567894
Panama,PAN,2016,48.140575
Panama,PAN,2017,50.905796
Panama,PAN,2018,52.900387
Panama,PAN,2019,54.541924
Panama,PAN,2020,44.82188
Panama,PAN,2021,52.202755
Panama,PAN,2022,57.965183
Papua New Guinea,PNG,2000,40.591103
Papua New Guinea,PNG,2001,37.23037
Papua New Guinea,PNG,2002,34.3643
Papua New Guinea,PNG,2003,32.64301
Papua New Guinea,PNG,2004,31.331463
Papua New Guinea,PNG,2005,31.268042
Papua New Guinea,PNG,2006,32.959625
Papua New Guinea,PNG,2007,35.535484
Papua New Guinea,PNG,2008,35.430134
Papua New Guinea,PNG,2009,37.839535
Papua New Guinea,PNG,2010,41.672092
Papua New Guinea,PNG,2011,42.13363
Papua New Guinea,PNG,2012,44.095844
Papua New Guinea,PNG,2013,45.782486
Papua New Guinea,PNG,2014,51.983162
Papua New Guinea,PNG,2015,55.402798
Papua New Guinea,PNG,2016,58.444176
Papua New Guinea,PNG,2017,60.50995
Papua New Guinea,PNG,2018,60.340973
Papua New Guinea,PNG,2019,63.04456
Papua New Guinea,PNG,2020,61.047665
Papua New Guinea,PNG,2021,60.735497
Papua New Guinea,PNG,2022,64.20203
Paraguay,PRY,1987,32.309464
Paraguay,PRY,1988,33.85728
Paraguay,PRY,1989,35.82491
Paraguay,PRY,1990,36.914185
Paraguay,PRY,1991,37.810658
Paraguay,PRY,1992,38.060387
Paraguay,PRY,1993,39.536434
Paraguay,PRY,1994,41.223255
Paraguay,PRY,1995,43.60056
Paraguay,PRY,1996,43.853264
Paraguay,PRY,1997,45.270638
Paraguay,PRY,1998,44.866547
Paraguay,PRY,1999,43.832836
Paraguay,PRY,2000,42.41517
Paraguay,PRY,2001,31.37072
Paraguay,PRY,2002,25.007809
Paraguay,PRY,2003,21.692211
Paraguay,PRY,2004,19.317226
Paraguay,PRY,2005,17.242798
Paraguay,PRY,2006,16.048971
Paraguay,PRY,2007,15.216004
Paraguay,PRY,2008,14.722508
Paraguay,PRY,2009,13.550557
Paraguay,PRY,2010,13.975235
Paraguay,PRY,2011,13.788853
Paraguay,PRY,2012,12.781973
Paraguay,PRY,2013,13.841991
Paraguay,PRY,2014,14.5757885
Paraguay,PRY,2015,15.006816
Paraguay,PRY,2016,15.647311
Paraguay,PRY,2017,16.39996
Paraguay,PRY,2018,16.925455
Paraguay,PRY,2019,16.857439
Paraguay,PRY,2020,16.719244
Paraguay,PRY,2021,17.390812
Paraguay,PRY,2022,17.421427
Peru,PER,2008,10.116822
Peru,PER,2009,8.703416
Peru,PER,2010,8.2057
Peru,PER,2011,7.723169
Peru,PER,2012,7.3531237
Peru,PER,2013,7.0567117
Peru,PER,2014,6.60783
Peru,PER,2015,6.2859282
Peru,PER,2016,6.0578094
Peru,PER,2017,5.788204
Peru,PER,2018,5.6348906
Peru,PER,2019,5.5776277
Peru,PER,2020,4.9678087
Peru,PER,2021,8.837044
Peru,PER,2022,8.611368
Philippines,PHL,2006,2.3944936
Philippines,PHL,2007,2.469037
Philippines,PHL,2008,2.5452905
Philippines,PHL,2009,2.6116943
Philippines,PHL,2010,2.745449
Philippines,PHL,2011,2.824713
Philippines,PHL,2012,3.012758
Philippines,PHL,2013,3.2085564
Philippines,PHL,2014,3.4128413
Philippines,PHL,2015,3.5469503
Philippines,PHL,2016,3.7692142
Philippines,PHL,2017,3.8251274
Philippines,PHL,2018,4.0515194
Philippines,PHL,2019,4.607555
Philippines,PHL,2020,4.098329
Philippines,PHL,2021,4.2583933
Philippines,PHL,2022,4.478738
Poland,POL,1990,12.8435
Poland,POL,1991,12.690034
Poland,POL,1992,13.877923
Poland,POL,1993,14.524162
Poland,POL,1994,15.429479
Poland,POL,1995,16.803053
Poland,POL,1996,17.989119
Poland,POL,1997,19.30861
Poland,POL,1998,20.545956
Poland,POL,1999,21.885185
Poland,POL,2000,23.309204
Poland,POL,2001,24.021505
Poland,POL,2002,24.926867
Poland,POL,2003,25.674559
Poland,POL,2004,26.845757
Poland,POL,2005,27.582285
Poland,POL,2006,29.146961
Poland,POL,2007,30.963095
Poland,POL,2008,34.189682
Poland,POL,2009,34.635597
Poland,POL,2010,37.84112
Poland,POL,2011,36.338467
Poland,POL,2012,38.309555
Poland,POL,2013,39.354103
Poland,POL,2014,43.239777
Poland,POL,2015,45.946987
Poland,POL,2016,48.07128
Poland,POL,2017,51.596207
Poland,POL,2018,57.571766
Poland,POL,2019,64.32386
Poland,POL,2020,65.31914
Poland,POL,2021,65.321815
Poland,POL,2022,67.8903
Portugal,PRT,1991,17.683725
Portugal,PRT,1992,15.263738
Portugal,PRT,1993,13.0452795
Portugal,PRT,1994,11.681576
Portugal,PRT,1995,12.335018
Portugal,PRT,1996,13.36258
Portugal,PRT,1997,14.6329565
Portugal,PRT,1998,16.125162
Portugal,PRT,1999,17.113792
Portugal,PRT,2000,18.160662
Portugal,PRT,2001,18.92783
Portugal,PRT,2002,19.510227
Portugal,PRT,2003,19.78135
Portugal,PRT,2004,20.618053
Portugal,PRT,2005,21.289812
Portugal,PRT,2006,22.684364
Portugal,PRT,2007,23.03126
Portugal,PRT,2008,23.274551
Portugal,PRT,2009,22.7148
Portugal,PRT,2010,23.28183
Portugal,PRT,2011,23.054815
Portugal,PRT,2012,22.288343
Portugal,PRT,2013,22.23734
Portugal,PRT,2014,22.574402
Portugal,PRT,2015,23.110931
Portugal,PRT,2016,23.758137
Portugal,PRT,2017,34.043392
Portugal,PRT,2018,35.229027
Portugal,PRT,2019,36.196304
Portugal,PRT,2020,33.226532
Portugal,PRT,2021,35.073513
Portugal,PRT,2022,37.523693
Puerto Rico,PRI,1990,83.08577
Puerto Rico,PRI,1991,84.37722
Puerto Rico,PRI,1992,87.586105
Puerto Rico,PRI,1993,90.99182
Puerto Rico,PRI,1994,94.120636
Puerto Rico,PRI,1995,97.701294
Puerto Rico,PRI,1996,99.25487
Puerto Rico,PRI,1997,103.36756
Puerto Rico,PRI,1998,108.32383
Puerto Rico,PRI,1999,113.37156
Puerto Rico,PRI,2000,116.275795
Puerto Rico,PRI,2001,119.649025
Puerto Rico,PRI,2002,116.99044
Puerto Rico,PRI,2003,113.52245
Puerto Rico,PRI,2004,119.83963
Puerto Rico,PRI,2005,114.117325
Puerto Rico,PRI,2006,112.091286
Puerto Rico,PRI,2007,110.37814
Puerto Rico,PRI,2008,107.962654
Puerto Rico,PRI,2009,105.44734
Puerto Rico,PRI,2010,104.627464
Puerto Rico,PRI,2011,107.273315
Puerto Rico,PRI,2012,110.45167
Puerto Rico,PRI,2013,113.468864
Puerto Rico,PRI,2014,115.64281
Puerto Rico,PRI,2015,118.143425
Puerto Rico,PRI,2016,116.65046
Puerto Rico,PRI,2017,113.284836
Puerto Rico,PRI,2018,108.344
Puerto Rico,PRI,2019,110.15926
Puerto Rico,PRI,2020,105.55364
Puerto Rico,PRI,2021,105.96026
Puerto Rico,PRI,2022,109.093605
Qatar,QAT,1975,89.24598
Qatar,QAT,1976,92.326904
Qatar,QAT,1977,81.88146
Qatar,QAT,1978,85.444305
Qatar,QAT,1979,86.33281
Qatar,QAT,1980,82.18451
Qatar,QAT,1981,79.86803
Qatar,QAT,1982,71.73313
Qatar,QAT,1983,68.00604
Qatar,QAT,1984,68.81112
Qatar,QAT,1985,65.1884
Qatar,QAT,1986,66.52934
Qatar,QAT,1987,64.55005
Qatar,QAT,1988,66.358215
Qatar,QAT,1989,68.48051
Qatar,QAT,1990,92.23079
Qatar,QAT,1991,91.36565
Qatar,QAT,1992,102.47252
Qatar,QAT,1993,101.870415
Qatar,QAT,1994,120.41707
Qatar,QAT,1995,122.898285
Qatar,QAT,1996,127.85084
Qatar,QAT,1997,165.67526
Qatar,QAT,1998,183.65828
Qatar,QAT,1999,190.90105
Qatar,QAT,2000,205.55576
Qatar,QAT,2001,200.5725
Qatar,QAT,2002,200.91006
Qatar,QAT,2003,196.37463
Qatar,QAT,2004,221.35875
Qatar,QAT,2005,229.80846
Qatar,QAT,2006,284.50882
Qatar,QAT,2007,329.49643
Qatar,QAT,2008,380.68506
Qatar,QAT,2009,418.63025
Qatar,QAT,2010,491.91
Qatar,QAT,2011,548.1362
Qatar,QAT,2012,564.3811
Qatar,QAT,2013,585.85736
Qatar,QAT,2014,612.458
Qatar,QAT,2015,646.95935
Qatar,QAT,2016,664.65594
Qatar,QAT,2017,656.79736
Qatar,QAT,2018,664.9077
Qatar,QAT,2019,669.48395
Qatar,QAT,2020,645.66705
Qatar,QAT,2021,656.17163
Qatar,QAT,2022,683.63226
Romania,ROU,1990,5.7060337
Romania,ROU,1991,5.007353
Romania,ROU,1992,4.60396
Romania,ROU,1993,4.7110724
Romania,ROU,1994,5.433078
Romania,ROU,1995,6.482396
Romania,ROU,1996,7.5735307
Romania,ROU,1997,8.229971
Romania,ROU,1998,7.873351
Romania,ROU,1999,7.9119015
Romania,ROU,2000,10.626831
Romania,ROU,2001,11.912128
Romania,ROU,2002,12.367556
Romania,ROU,2003,13.719295
Romania,ROU,2004,18.093184
Romania,ROU,2005,22.08067
Romania,ROU,2006,27.344238
Romania,ROU,2007,22.703035
Romania,ROU,2008,23.661234
Romania,ROU,2009,23.47436
Romania,ROU,2010,24.94056
Romania,ROU,2011,24.58711
Romania,ROU,2012,25.480343
Romania,ROU,2013,25.806173
Romania,ROU,2014,27.450033
Romania,ROU,2015,27.515102
Romania,ROU,2016,28.706076
Romania,ROU,2017,29.228998
Romania,ROU,2018,32.51986
Romania,ROU,2019,31.018229
Romania,ROU,2020,28.272846
Romania,ROU,2021,28.075974
Romania,ROU,2022,28.22175
Russia,RUS,1992,9.463959
Russia,RUS,1993,9.744197
Russia,RUS,1994,9.762474
Russia,RUS,1995,9.547907
Russia,RUS,1996,9.379763
Russia,RUS,1997,9.712292
Russia,RUS,1998,9.396337
Russia,RUS,1999,10.2185545
Russia,RUS,2000,10.282383
Russia,RUS,2001,12.390262
Russia,RUS,2002,13.05808
Russia,RUS,2003,14.104245
Russia,RUS,2004,15.220696
Russia,RUS,2005,15.166574
Russia,RUS,2006,17.759966
Russia,RUS,2007,19.400852
Russia,RUS,2008,20.549704
Russia,RUS,2009,19.077703
Russia,RUS,2010,17.943535
Russia,RUS,2011,21.084751
Russia,RUS,2012,21.202112
Russia,RUS,2013,22.63533
Russia,RUS,2014,19.643005
Russia,RUS,2015,21.836678
Russia,RUS,2016,21.085402
Russia,RUS,2017,21.597044
Russia,RUS,2018,22.062885
Russia,RUS,2019,22.547846
Russia,RUS,2020,21.949503
Russia,RUS,2021,23.23717
Russia,RUS,2022,22.903511
Rwanda,RWA,2000,18.254372
Rwanda,RWA,2001,17.436573
Rwanda,RWA,2002,17.629932
Rwanda,RWA,2003,16.280306
Rwanda,RWA,2004,15.954
Rwanda,RWA,2005,16.039213
Rwanda,RWA,2006,15.944223
Rwanda,RWA,2007,15.745777
Rwanda,RWA,2008,16.169493
Rwanda,RWA,2009,15.963424
Rwanda,RWA,2010,16.001343
Rwanda,RWA,2011,16.203402
Rwanda,RWA,2012,16.575594
Rwanda,RWA,2013,16.400188
Rwanda,RWA,2014,16.501143
Rwanda,RWA,2015,17.070015
Rwanda,RWA,2016,17.232874
Rwanda,RWA,2017,17.098635
Rwanda,RWA,2018,17.752419
Rwanda,RWA,2019,18.31883
Rwanda,RWA,2020,17.70081
Rwanda,RWA,2021,19.62284
Rwanda,RWA,2022,21.2243
Saint Kitts and Nevis,KNA,2012,68.50818
Saint Kitts and Nevis,KNA,2013,72.43183
Saint Kitts and Nevis,KNA,2014,77.91997
Saint Kitts and Nevis,KNA,2015,78.46084
Saint Kitts and Nevis,KNA,2016,81.54647
Saint Kitts and Nevis,KNA,2017,81.72664
Saint Kitts and Nevis,KNA,2018,83.36405
Saint Kitts and Nevis,KNA,2019,85.81349
Saint Kitts and Nevis,KNA,2020,72.68241
Saint Kitts and Nevis,KNA,2021,72.94959
Saint Kitts and Nevis,KNA,2022,80.59507
Saint Lucia,LCA,2007,39.680996
Saint Lucia,LCA,2008,41.64494
Saint Lucia,LCA,2009,40.466843
Saint Lucia,LCA,2010,40.60039
Saint Lucia,LCA,2011,42.357147
Saint Lucia,LCA,2012,42.31108
Saint Lucia,LCA,2013,41.54154
Saint Lucia,LCA,2014,42.093246
Saint Lucia,LCA,2015,42.136147
Saint Lucia,LCA,2016,43.58052
Saint Lucia,LCA,2017,45.053467
Saint Lucia,LCA,2018,46.35406
Saint Lucia,LCA,2019,46.029434
Saint Lucia,LCA,2020,34.815987
Saint Lucia,LCA,2021,38.854218
Saint Lucia,LCA,2022,46.775986
Saint Vincent and the Grenadines,VCT,1995,50.512383
Saint Vincent and the Grenadines,VCT,1996,51.42004
Saint Vincent and the Grenadines,VCT,1997,53.491188
Saint Vincent and the Grenadines,VCT,1998,55.961716
Saint Vincent and the Grenadines,VCT,1999,57.77171
Saint Vincent and the Grenadines,VCT,2000,59.01973
Saint Vincent and the Grenadines,VCT,2001,60.361073
Saint Vincent and the Grenadines,VCT,2002,65.49343
Saint Vincent and the Grenadines,VCT,2003,70.49881
Saint Vincent and the Grenadines,VCT,2004,74.05993
Saint Vincent and the Grenadines,VCT,2005,73.9135
Saint Vincent and the Grenadines,VCT,2006,80.78593
Saint Vincent and the Grenadines,VCT,2007,85.30493
Saint Vincent and the Grenadines,VCT,2008,87.57484
Saint Vincent and the Grenadines,VCT,2009,88.35335
Saint Vincent and the Grenadines,VCT,2010,86.38951
Saint Vincent and the Grenadines,VCT,2011,87.93481
Saint Vincent and the Grenadines,VCT,2012,91.15948
Saint Vincent and the Grenadines,VCT,2013,95.76893
Saint Vincent and the Grenadines,VCT,2014,96.86617
Saint Vincent and the Grenadines,VCT,2015,99.563995
Saint Vincent and the Grenadines,VCT,2016,103.69558
Saint Vincent and the Grenadines,VCT,2017,105.300896
Saint Vincent and the Grenadines,VCT,2018,108.644844
Saint Vincent and the Grenadines,VCT,2019,109.371056
Saint Vincent and the Grenadines,VCT,2020,104.70209
Saint Vincent and the Grenadines,VCT,2021,106.89392
Saint Vincent and the Grenadines,VCT,2022,110.219215
Sao Tome and Principe,STP,1993,17.512524
Sao Tome and Principe,STP,1994,14.7847395
Sao Tome and Principe,STP,1995,12.846052
Sao Tome and Principe,STP,1996,11.356164
Sao Tome and Principe,STP,1997,10.15842
Sao Tome and Principe,STP,1998,9.344361
Sao Tome and Principe,STP,1999,8.686936
Sao Tome and Principe,STP,2000,7.9832106
Sao Tome and Principe,STP,2001,7.582495
Sao Tome and Principe,STP,2002,7.2672668
Sao Tome and Principe,STP,2003,7.336259
Sao Tome and Principe,STP,2004,7.1135125
Sao Tome and Principe,STP,2005,7.1312456
Sao Tome and Principe,STP,2006,7.326111
Sao Tome and Principe,STP,2007,7.187919
Sao Tome and Principe,STP,2008,7.24901
Sao Tome and Principe,STP,2009,7.127502
Sao Tome and Principe,STP,2010,6.8982816
Sao Tome and Principe,STP,2011,6.726914
Sao Tome and Principe,STP,2012,6.6333003
Sao Tome and Principe,STP,2013,6.6911616
Sao Tome and Principe,STP,2014,6.7468367
Sao Tome and Principe,STP,2015,6.5946093
Sao Tome and Principe,STP,2016,6.686048
Sao Tome and Principe,STP,2017,6.961044
Sao Tome and Principe,STP,2018,7.265807
Sao Tome and Principe,STP,2019,7.4121637
Sao Tome and Principe,STP,2020,7.606723
Sao Tome and Principe,STP,2021,7.751197
Sao Tome and Principe,STP,2022,7.764273
Saudi Arabia,SAU,1992,19.363512
Saudi Arabia,SAU,1993,18.90974
Saudi Arabia,SAU,1994,18.601023
Saudi Arabia,SAU,1995,18.159733
Saudi Arabia,SAU,1996,18.302591
Saudi Arabia,SAU,1997,18.317125
Saudi Arabia,SAU,1998,18.385763
Saudi Arabia,SAU,1999,17.866154
Saudi Arabia,SAU,2000,18.293991
Saudi Arabia,SAU,2001,18.072939
Saudi Arabia,SAU,2002,17.62808
Saudi Arabia,SAU,2003,18.94179
Saudi Arabia,SAU,2004,20.293612
Saudi Arabia,SAU,2005,20.906935
Saudi Arabia,SAU,2006,20.488873
Saudi Arabia,SAU,2007,21.103607
Saudi Arabia,SAU,2008,22.59394
Saudi Arabia,SAU,2009,22.527655
Saudi Arabia,SAU,2010,23.849363
Saudi Arabia,SAU,2011,26.865423
Saudi Arabia,SAU,2012,28.640728
Saudi Arabia,SAU,2013,29.677744
Saudi Arabia,SAU,2014,30.856
Saudi Arabia,SAU,2015,30.44897
Saudi Arabia,SAU,2016,31.610512
Saudi Arabia,SAU,2017,31.101734
Saudi Arabia,SAU,2018,31.505285
Saudi Arabia,SAU,2019,32.025623
Saudi Arabia,SAU,2020,30.807116
Saudi Arabia,SAU,2021,32.815613
Saudi Arabia,SAU,2022,36.75368
Senegal,SEN,1987,5.495083
Senegal,SEN,1988,5.3802347
Senegal,SEN,1989,5.523121
Senegal,SEN,1990,5.4132814
Senegal,SEN,1991,5.488568
Senegal,SEN,1992,5.4931183
Senegal,SEN,1993,5.500662
Senegal,SEN,1994,5.432506
Senegal,SEN,1995,5.662163
Senegal,SEN,1996,5.709206
Senegal,SEN,1997,5.815376
Senegal,SEN,1998,6.088322
Senegal,SEN,1999,6.398071
Senegal,SEN,2000,6.5728307
Senegal,SEN,2001,5.720946
Senegal,SEN,2002,4.911621
Senegal,SEN,2003,5.147184
Senegal,SEN,2004,5.345787
Senegal,SEN,2005,5.534694
Senegal,SEN,2006,5.6218457
Senegal,SEN,2007,5.7383814
Senegal,SEN,2008,5.9054847
Senegal,SEN,2009,6.023812
Senegal,SEN,2010,6.1830373
Senegal,SEN,2011,6.220543
Senegal,SEN,2012,6.423436
Senegal,SEN,2013,6.5318356
Senegal,SEN,2014,6.8896203
Senegal,SEN,2015,7.277143
Senegal,SEN,2016,7.6860437
Senegal,SEN,2017,8.205302
Senegal,SEN,2018,7.1272635
Senegal,SEN,2019,7.368903
Senegal,SEN,2020,7.467799
Senegal,SEN,2021,7.9564924
Senegal,SEN,2022,8.262852
Serbia,SRB,2006,9.60053
Serbia,SRB,2007,10.129722
Serbia,SRB,2008,8.987527
Serbia,SRB,2009,8.81216
Serbia,SRB,2010,9.389771
Serbia,SRB,2011,8.740193
Serbia,SRB,2012,9.387146
Serbia,SRB,2013,8.816787
Serbia,SRB,2014,10.360648
Serbia,SRB,2015,8.807296
Serbia,SRB,2016,9.0358
Serbia,SRB,2017,8.095807
Serbia,SRB,2018,8.197043
Serbia,SRB,2019,8.493954
Serbia,SRB,2020,9.271418
Serbia,SRB,2021,10.561553
Serbia,SRB,2022,10.293117
Seychelles,SYC,1989,47.72469
Seychelles,SYC,1990,51.469673
Seychelles,SYC,1991,53.084248
Seychelles,SYC,1992,57.10123
Seychelles,SYC,1993,61.49771
Seychelles,SYC,1994,60.221565
Seychelles,SYC,1995,60.738686
Seychelles,SYC,1996,67.060684
Seychelles,SYC,1997,75.5197
Seychelles,SYC,1998,77.6741
Seychelles,SYC,1999,79.42686
Seychelles,SYC,2000,83.1188
Seychelles,SYC,2001,81.53999
Seychelles,SYC,2002,82.844025
Seychelles,SYC,2003,78.26572
Seychelles,SYC,2004,76.03478
Seychelles,SYC,2005,82.88229
Seychelles,SYC,2006,90.678314
Seychelles,SYC,2007,98.72698
Seychelles,SYC,2008,96.035736
Seychelles,SYC,2009,93.65465
Seychelles,SYC,2010,97.87392
Seychelles,SYC,2011,107.18151
Seychelles,SYC,2012,110.51559
Seychelles,SYC,2013,111.90115
Seychelles,SYC,2014,116.44847
Seychelles,SYC,2015,126.828705
Seychelles,SYC,2016,142.1972
Seychelles,SYC,2017,152.08583
Seychelles,SYC,2018,159.59807
Seychelles,SYC,2019,168.39877
Seychelles,SYC,2020,148.62898
Seychelles,SYC,2021,149.44984
Seychelles,SYC,2022,168.44562
Sierra Leone,SLE,1987,11.634994
Sierra Leone,SLE,1988,12.45373
Sierra Leone,SLE,1989,14.791898
Sierra Leone,SLE,1990,18.623684
Sierra Leone,SLE,1991,24.382927
Sierra Leone,SLE,1992,27.394367
Sierra Leone,SLE,1993,26.140055
Sierra Leone,SLE,1994,24.209305
Sierra Leone,SLE,1995,21.102125
Sierra Leone,SLE,1996,20.40013
Sierra Leone,SLE,1997,18.288088
Sierra Leone,SLE,1998,17.769506
Sierra Leone,SLE,1999,16.661434
Sierra Leone,SLE,2000,17.030338
Sierra Leone,SLE,2001,15.565694
Sierra Leone,SLE,2002,19.23136
Sierra Leone,SLE,2003,20.57157
Sierra Leone,SLE,2004,21.41254
Sierra Leone,SLE,2005,21.854034
Sierra Leone,SLE,2006,22.790068
Sierra Leone,SLE,2007,23.64464
Sierra Leone,SLE,2008,24.516195
Sierra Leone,SLE,2009,24.89149
Sierra Leone,SLE,2010,26.47351
Sierra Leone,SLE,2011,28.618038
Sierra Leone,SLE,2012,31.64535
Sierra Leone,SLE,2013,36.28561
Sierra Leone,SLE,2014,33.449883
Sierra Leone,SLE,2015,31.990353
Sierra Leone,SLE,2016,34.049713
Sierra Leone,SLE,2017,35.14198
Sierra Leone,SLE,2018,36.15894
Sierra Leone,SLE,2019,38.14866
Sierra Leone,SLE,2020,37.670525
Sierra Leone,SLE,2021,39.8919
Sierra Leone,SLE,2022,42.011578
Singapore,SGP,1975,118.77722
Singapore,SGP,1976,93.96881
Singapore,SGP,1977,79.45994
Singapore,SGP,1978,70.85687
Singapore,SGP,1979,66.1997
Singapore,SGP,1980,63.541084
Singapore,SGP,1981,62.405895
Singapore,SGP,1982,60.013103
Singapore,SGP,1983,59.11099
Singapore,SGP,1984,58.8552
Singapore,SGP,1985,53.916847
Singapore,SGP,1986,50.679413
Singapore,SGP,1987,52.35596
Singapore,SGP,1988,54.56463
Singapore,SGP,1989,56.52846
Singapore,SGP,1990,58.941715
Singapore,SGP,1991,59.518917
Singapore,SGP,1992,60.246914
Singapore,SGP,1993,63.905006
Singapore,SGP,1994,67.72211
Singapore,SGP,1995,69.38224
Singapore,SGP,1996,71.41813
Singapore,SGP,1997,74.22392
Singapore,SGP,1998,69.77146
Singapore,SGP,1999,70.99735
Singapore,SGP,2000,74.6183
Singapore,SGP,2001,70.59367
Singapore,SGP,2002,71.19241
Singapore,SGP,2003,71.416275
Singapore,SGP,2004,75.459236
Singapore,SGP,2005,78.71717
Singapore,SGP,2006,93.54499
Singapore,SGP,2007,112.09249
Singapore,SGP,2008,126.466484
Singapore,SGP,2009,142.83308
Singapore,SGP,2010,187.5765
Singapore,SGP,2011,233.5008
Singapore,SGP,2012,285.92288
Singapore,SGP,2013,362.17184
Singapore,SGP,2014,459.4158
Singapore,SGP,2015,606.8937
Singapore,SGP,2016,626.7969
Singapore,SGP,2017,668.6292
Singapore,SGP,2018,707.29236
Singapore,SGP,2019,709.7129
Singapore,SGP,2020,674.83704
Singapore,SGP,2021,1058.0359
Singapore,SGP,2022,1927.2708
Slovakia,SVK,1993,23.533125
Slovakia,SVK,1994,26.565079
Slovakia,SVK,1995,30.004072
Slovakia,SVK,1996,32.737766
Slovakia,SVK,1997,35.53545
Slovakia,SVK,1998,38.242817
Slovakia,SVK,1999,39.50491
Slovakia,SVK,2000,41.38579
Slovakia,SVK,2001,44.045788
Slovakia,SVK,2002,47.61144
Slovakia,SVK,2003,52.94756
Slovakia,SVK,2004,59.39883
Slovakia,SVK,2005,67.6098
Slovakia,SVK,2006,83.75739
Slovakia,SVK,2007,107.5937
Slovakia,SVK,2008,117.49788
Slovakia,SVK,2009,117.322235
Slovakia,SVK,2010,131.00397
Slovakia,SVK,2011,136.08255
Slovakia,SVK,2012,123.21816
Slovakia,SVK,2013,129.51617
Slovakia,SVK,2014,151.59863
Slovakia,SVK,2015,155.47166
Slovakia,SVK,2016,163.72336
Slovakia,SVK,2017,168.12721
Slovakia,SVK,2018,174.89386
Slovakia,SVK,2019,178.20181
Slovakia,SVK,2020,174.7204
Slovakia,SVK,2021,180.92735
Slovakia,SVK,2022,182.76784
Slovenia,SVN,2002,37.929028
Slovenia,SVN,2003,38.790012
Slovenia,SVN,2004,40.193123
Slovenia,SVN,2005,41.37463
Slovenia,SVN,2006,43.541225
Slovenia,SVN,2007,46.35549
Slovenia,SVN,2008,43.099194
Slovenia,SVN,2009,43.938496
Slovenia,SVN,2010,45.25281
Slovenia,SVN,2011,49.577778
Slovenia,SVN,2012,44.102276
Slovenia,SVN,2013,35.124405
Slovenia,SVN,2014,42.549416
Slovenia,SVN,2015,47.613678
Slovenia,SVN,2016,49.594784
Slovenia,SVN,2017,49.69129
Slovenia,SVN,2018,50.269737
Slovenia,SVN,2019,52.968834
Slovenia,SVN,2020,47.816525
Slovenia,SVN,2021,55.850372
Slovenia,SVN,2022,64.551674
Somalia,SOM,1987,2.0648415
Somalia,SOM,1988,1.7283261
Somalia,SOM,1989,1.5068959
Somalia,SOM,1990,1.3291628
Somalia,SOM,1991,1.2024387
Somalia,SOM,1992,0.98136306
Somalia,SOM,1993,0.9209243
Somalia,SOM,1994,0.68929356
Somalia,SOM,1995,0.65826774
Somalia,SOM,1996,0.6575385
Somalia,SOM,1997,0.61860025
Somalia,SOM,1998,0.6160977
Somalia,SOM,1999,0.6204875
Somalia,SOM,2000,0.6260696
Somalia,SOM,2001,0.67003524
Somalia,SOM,2002,0.72056985
Somalia,SOM,2003,0.7749163
Somalia,SOM,2004,0.8300153
Somalia,SOM,2005,0.889032
Somalia,SOM,2006,0.9466979
Somalia,SOM,2007,1.0100732
Somalia,SOM,2008,1.0776911
Somalia,SOM,2009,1.1498355
Somalia,SOM,2010,1.2268095
Somalia,SOM,2011,1.3089365
Somalia,SOM,2012,1.3965613
Somalia,SOM,2013,1.5496147
Somalia,SOM,2014,1.6887391
Somalia,SOM,2015,1.8654182
Somalia,SOM,2016,1.996648
Somalia,SOM,2017,2.29087
Somalia,SOM,2018,2.3379316
Somalia,SOM,2019,2.4034014
Somalia,SOM,2020,2.3369582
Somalia,SOM,2021,2.4175177
Somalia,SOM,2022,2.4832308
South Africa,ZAF,1990,13.931264
South Africa,ZAF,1991,13.874382
South Africa,ZAF,1992,13.66207
South Africa,ZAF,1993,13.91689
South Africa,ZAF,1994,14.4524
South Africa,ZAF,1995,14.994564
South Africa,ZAF,1996,15.66608
South Africa,ZAF,1997,16.100939
South Africa,ZAF,1998,16.209217
South Africa,ZAF,1999,16.626774
South Africa,ZAF,2000,17.41082
South Africa,ZAF,2001,17.586927
South Africa,ZAF,2002,17.942709
South Africa,ZAF,2003,18.17782
South Africa,ZAF,2004,18.707949
South Africa,ZAF,2005,19.391346
South Africa,ZAF,2006,20.16689
South Africa,ZAF,2007,20.929955
South Africa,ZAF,2008,21.279392
South Africa,ZAF,2009,20.647661
South Africa,ZAF,2010,20.970589
South Africa,ZAF,2011,21.32957
South Africa,ZAF,2012,21.536585
South Africa,ZAF,2013,23.618652
South Africa,ZAF,2014,20.77257
South Africa,ZAF,2015,18.580374
South Africa,ZAF,2016,18.33056
South Africa,ZAF,2017,18.217505
South Africa,ZAF,2018,18.25619
South Africa,ZAF,2019,17.974178
South Africa,ZAF,2020,16.607943
South Africa,ZAF,2021,16.931349
South Africa,ZAF,2022,17.099737
South Asia (WB),WB_SA,1975,0.61156684
South Asia (WB),WB_SA,1976,0.60321283
South Asia (WB),WB_SA,1977,0.6282553
South Asia (WB),WB_SA,1978,0.645469
South Asia (WB),WB_SA,1979,0.59492886
South Asia (WB),WB_SA,1980,0.6180968
South Asia (WB),WB_SA,1981,0.63822967
South Asia (WB),WB_SA,1982,0.6437198
South Asia (WB),WB_SA,1983,0.67361313
South Asia (WB),WB_SA,1984,0.6825235
South Asia (WB),WB_SA,1985,0.7015068
South Asia (WB),WB_SA,1986,0.73403937
South Asia (WB),WB_SA,1987,0.7636176
South Asia (WB),WB_SA,1988,0.8360156
South Asia (WB),WB_SA,1989,0.8846201
South Asia (WB),WB_SA,1990,0.9592113
South Asia (WB),WB_SA,1991,0.94976217
South Asia (WB),WB_SA,1992,0.97999185
South Asia (WB),WB_SA,1993,1.0060955
South Asia (WB),WB_SA,1994,1.0506448
South Asia (WB),WB_SA,1995,1.1066517
South Asia (WB),WB_SA,1996,1.1648877
South Asia (WB),WB_SA,1997,1.1900299
South Asia (WB),WB_SA,1998,1.2389498
South Asia (WB),WB_SA,1999,1.3208903
South Asia (WB),WB_SA,2000,1.3487148
South Asia (WB),WB_SA,2001,1.3769923
South Asia (WB),WB_SA,2002,1.3963706
South Asia (WB),WB_SA,2003,1.4710073
South Asia (WB),WB_SA,2004,1.6596104
South Asia (WB),WB_SA,2005,1.778097
South Asia (WB),WB_SA,2006,1.9096506
South Asia (WB),WB_SA,2007,2.0426397
South Asia (WB),WB_SA,2008,2.1758678
South Asia (WB),WB_SA,2009,2.324325
South Asia (WB),WB_SA,2010,2.5015838
South Asia (WB),WB_SA,2011,2.6379337
South Asia (WB),WB_SA,2012,2.7868495
South Asia (WB),WB_SA,2013,2.960561
South Asia (WB),WB_SA,2014,3.175068
South Asia (WB),WB_SA,2015,3.4192224
South Asia (WB),WB_SA,2016,3.6917045
South Asia (WB),WB_SA,2017,3.9421542
South Asia (WB),WB_SA,2018,4.1942024
South Asia (WB),WB_SA,2019,4.365936
South Asia (WB),WB_SA,2020,4.148185
South Asia (WB),WB_SA,2021,4.5317507
South Asia (WB),WB_SA,2022,4.853557
South Korea,KOR,1990,20.158314
South Korea,KOR,1991,21.61932
South Korea,KOR,1992,22.264114
South Korea,KOR,1993,23.089962
South Korea,KOR,1994,24.501564
South Korea,KOR,1995,26.109182
South Korea,KOR,1996,27.402672
South Korea,KOR,1997,28.327694
South Korea,KOR,1998,26.161852
South Korea,KOR,1999,28.3927
South Korea,KOR,2000,30.170086
South Korea,KOR,2001,30.767056
South Korea,KOR,2002,32.302277
South Korea,KOR,2003,33.28445
South Korea,KOR,2004,34.9982
South Korea,KOR,2005,36.511414
South Korea,KOR,2006,38.426437
South Korea,KOR,2007,40.6713
South Korea,KOR,2008,41.893227
South Korea,KOR,2009,42.236694
South Korea,KOR,2010,45.185516
South Korea,KOR,2011,46.851974
South Korea,KOR,2012,48.045605
South Korea,KOR,2013,49.626976
South Korea,KOR,2014,51.222324
South Korea,KOR,2015,52.718166
South Korea,KOR,2016,54.390137
South Korea,KOR,2017,56.257454
South Korea,KOR,2018,58.04426
South Korea,KOR,2019,59.387287
South Korea,KOR,2020,58.97143
South Korea,KOR,2021,61.691765
South Korea,KOR,2022,63.374447
South Sudan,SSD,2012,17.47801
South Sudan,SSD,2013,19.772825
South Sudan,SSD,2014,20.439892
South Sudan,SSD,2015,18.23374
Spain,ESP,1975,14.034724
Spain,ESP,1976,14.196221
Spain,ESP,1977,14.301122
Spain,ESP,1978,14.22002
Spain,ESP,1979,13.946874
Spain,ESP,1980,13.9806795
Spain,ESP,1981,13.599019
Spain,ESP,1982,13.419499
Spain,ESP,1983,13.3194
Spain,ESP,1984,13.230025
Spain,ESP,1985,13.218244
Spain,ESP,1986,13.469085
Spain,ESP,1987,14.8006115
Spain,ESP,1988,16.22141
Spain,ESP,1989,17.76603
Spain,ESP,1990,19.302364
Spain,ESP,1991,20.76757
Spain,ESP,1992,21.181185
Spain,ESP,1993,21.185709
Spain,ESP,1994,21.923838
Spain,ESP,1995,22.77326
Spain,ESP,1996,23.623835
Spain,ESP,1997,24.743195
Spain,ESP,1998,25.413548
Spain,ESP,1999,26.134905
Spain,ESP,2000,27.086683
Spain,ESP,2001,28.383287
Spain,ESP,2002,29.410975
Spain,ESP,2003,29.736666
Spain,ESP,2004,30.126686
Spain,ESP,2005,30.66046
Spain,ESP,2006,32.98434
Spain,ESP,2007,35.35128
Spain,ESP,2008,35.82941
Spain,ESP,2009,33.19445
Spain,ESP,2010,34.27814
Spain,ESP,2011,34.00149
Spain,ESP,2012,31.850292
Spain,ESP,2013,35.293217
Spain,ESP,2014,35.274826
Spain,ESP,2015,38.273933
Spain,ESP,2016,39.75934
Spain,ESP,2017,42.442867
Spain,ESP,2018,44.471817
Spain,ESP,2019,45.645874
Spain,ESP,2020,40.924644
Spain,ESP,2021,43.6597
Spain,ESP,2022,46.44096
Sri Lanka,LKA,1990,2.3243783
Sri Lanka,LKA,1991,2.3532138
Sri Lanka,LKA,1992,2.3803072
Sri Lanka,LKA,1993,2.4677596
Sri Lanka,LKA,1994,2.5296128
Sri Lanka,LKA,1995,2.5927896
Sri Lanka,LKA,1996,2.6168382
Sri Lanka,LKA,1997,2.7094777
Sri Lanka,LKA,1998,2.7623954
Sri Lanka,LKA,1999,2.8075738
Sri Lanka,LKA,2000,2.9018812
Sri Lanka,LKA,2001,2.8598752
Sri Lanka,LKA,2002,2.9762185
Sri Lanka,LKA,2003,3.1561544
Sri Lanka,LKA,2004,3.331327
Sri Lanka,LKA,2005,3.542792
Sri Lanka,LKA,2006,3.8144636
Sri Lanka,LKA,2007,4.073726
Sri Lanka,LKA,2008,4.3161163
Sri Lanka,LKA,2009,4.46886
Sri Lanka,LKA,2010,4.827082
Sri Lanka,LKA,2011,5.2455654
Sri Lanka,LKA,2012,5.6983724
Sri Lanka,LKA,2013,5.929256
Sri Lanka,LKA,2014,6.3074226
Sri Lanka,LKA,2015,6.5727096
Sri Lanka,LKA,2016,6.90487
Sri Lanka,LKA,2017,7.3509717
Sri Lanka,LKA,2018,7.5207853
Sri Lanka,LKA,2019,7.504203
Sri Lanka,LKA,2020,7.15717
Sri Lanka,LKA,2021,7.4583063
Sri Lanka,LKA,2022,6.910181
Sub-Saharan Africa (WB),WB_SSA,1970,34.27666
Sub-Saharan Africa (WB),WB_SSA,1971,33.52419
Sub-Saharan Africa (WB),WB_SSA,1972,30.539051
Sub-Saharan Africa (WB),WB_SSA,1973,29.48005
Sub-Saharan Africa (WB),WB_SSA,1974,17.803417
Sub-Saharan Africa (WB),WB_SSA,1975,15.437344
Sub-Saharan Africa (WB),WB_SSA,1976,14.82378
Sub-Saharan Africa (WB),WB_SSA,1977,14.619467
Sub-Saharan Africa (WB),WB_SSA,1978,15.079781
Sub-Saharan Africa (WB),WB_SSA,1979,14.278003
Sub-Saharan Africa (WB),WB_SSA,1980,6.844457
Sub-Saharan Africa (WB),WB_SSA,1981,6.2003913
Sub-Saharan Africa (WB),WB_SSA,1982,6.755098
Sub-Saharan Africa (WB),WB_SSA,1983,6.264962
Sub-Saharan Africa (WB),WB_SSA,1984,1.3758204
Sub-Saharan Africa (WB),WB_SSA,1985,1.9797679
Sub-Saharan Africa (WB),WB_SSA,1986,2.0820186
Sub-Saharan Africa (WB),WB_SSA,1987,8.8529005
Sub-Saharan Africa (WB),WB_SSA,1988,9.000515
Sub-Saharan Africa (WB),WB_SSA,1989,8.915374
Sub-Saharan Africa (WB),WB_SSA,1990,10.433309
Sub-Saharan Africa (WB),WB_SSA,1991,10.334583
Sub-Saharan Africa (WB),WB_SSA,1992,9.954637
Sub-Saharan Africa (WB),WB_SSA,1993,9.66324
Sub-Saharan Africa (WB),WB_SSA,1994,9.534896
Sub-Saharan Africa (WB),WB_SSA,1995,9.847556
Sub-Saharan Africa (WB),WB_SSA,1996,10.075209
Sub-Saharan Africa (WB),WB_SSA,1997,10.174102
Sub-Saharan Africa (WB),WB_SSA,1998,10.176716
Sub-Saharan Africa (WB),WB_SSA,1999,10.15531
Sub-Saharan Africa (WB),WB_SSA,2000,10.237751
Sub-Saharan Africa (WB),WB_SSA,2001,10.33313
Sub-Saharan Africa (WB),WB_SSA,2002,10.212023
Sub-Saharan Africa (WB),WB_SSA,2003,10.399597
Sub-Saharan Africa (WB),WB_SSA,2004,10.898571
Sub-Saharan Africa (WB),WB_SSA,2005,11.342755
Sub-Saharan Africa (WB),WB_SSA,2006,11.912039
Sub-Saharan Africa (WB),WB_SSA,2007,12.538236
Sub-Saharan Africa (WB),WB_SSA,2008,13.042452
Sub-Saharan Africa (WB),WB_SSA,2009,13.3754015
Sub-Saharan Africa (WB),WB_SSA,2010,14.061928
Sub-Saharan Africa (WB),WB_SSA,2011,14.676428
Sub-Saharan Africa (WB),WB_SSA,2012,12.341457
Sub-Saharan Africa (WB),WB_SSA,2013,13.040758
Sub-Saharan Africa (WB),WB_SSA,2014,13.37534
Sub-Saharan Africa (WB),WB_SSA,2015,13.454766
Sub-Saharan Africa (WB),WB_SSA,2016,13.444469
Sub-Saharan Africa (WB),WB_SSA,2017,13.771218
Sub-Saharan Africa (WB),WB_SSA,2018,13.928834
Sub-Saharan Africa (WB),WB_SSA,2019,14.172055
Sub-Saharan Africa (WB),WB_SSA,2020,13.590281
Sub-Saharan Africa (WB),WB_SSA,2021,14.036203
Sub-Saharan Africa (WB),WB_SSA,2022,14.585473
Sudan,SDN,2012,1.7659774
Sudan,SDN,2013,1.8005048
Sudan,SDN,2014,1.8844332
Sudan,SDN,2015,1.9204291
Sudan,SDN,2016,1.9870228
Sudan,SDN,2017,2.0011158
Sudan,SDN,2018,1.9474673
Sudan,SDN,2019,1.9050466
Sudan,SDN,2020,1.8358972
Sudan,SDN,2021,1.8015931
Sudan,SDN,2022,1.7843372
Suriname,SUR,1987,5.412597
Suriname,SUR,1988,5.636831
Suriname,SUR,1989,5.680851
Suriname,SUR,1990,5.2528534
Suriname,SUR,1991,5.2285686
Suriname,SUR,1992,5.0926704
Suriname,SUR,1993,4.6136427
Suriname,SUR,1994,4.636036
Suriname,SUR,1995,4.5089383
Suriname,SUR,1996,4.43251
Suriname,SUR,1997,4.563395
Suriname,SUR,1998,4.550096
Suriname,SUR,1999,4.375554
Suriname,SUR,2000,4.35973
Suriname,SUR,2001,4.604809
Suriname,SUR,2002,4.7992105
Suriname,SUR,2003,5.173105
Suriname,SUR,2004,5.6926517
Suriname,SUR,2005,6.034654
Suriname,SUR,2006,6.4777393
Suriname,SUR,2007,6.808848
Suriname,SUR,2008,7.090966
Suriname,SUR,2009,7.304667
Suriname,SUR,2010,7.6822324
Suriname,SUR,2011,8.131595
Suriname,SUR,2012,8.350363
Suriname,SUR,2013,8.595316
Suriname,SUR,2014,8.617277
Suriname,SUR,2015,8.323166
Suriname,SUR,2016,7.91436
Suriname,SUR,2017,8.038301
Suriname,SUR,2018,8.436059
Suriname,SUR,2019,8.534557
Suriname,SUR,2020,7.1711454
Suriname,SUR,2021,6.9965005
Suriname,SUR,2022,7.1648517
Sweden,SWE,1970,48.622612
Sweden,SWE,1971,48.93295
Sweden,SWE,1972,49.901436
Sweden,SWE,1973,51.724995
Sweden,SWE,1974,53.218708
Sweden,SWE,1975,54.413643
Sweden,SWE,1976,55.066635
Sweden,SWE,1977,54.26385
Sweden,SWE,1978,55.29208
Sweden,SWE,1979,57.49629
Sweden,SWE,1980,58.556305
Sweden,SWE,1981,62.26816
Sweden,SWE,1982,66.968346
Sweden,SWE,1983,72.76879
Sweden,SWE,1984,81.2364
Sweden,SWE,1985,89.34011
Sweden,SWE,1986,91.721375
Sweden,SWE,1987,94.77364
Sweden,SWE,1988,97.17441
Sweden,SWE,1989,99.729034
Sweden,SWE,1990,100.65094
Sweden,SWE,1991,99.41377
Sweden,SWE,1992,98.179344
Sweden,SWE,1993,98.90137
Sweden,SWE,1994,105.901924
Sweden,SWE,1995,113.582184
Sweden,SWE,1996,115.81595
Sweden,SWE,1997,119.673904
Sweden,SWE,1998,125.108864
Sweden,SWE,1999,130.73561
Sweden,SWE,2000,137.18028
Sweden,SWE,2001,139.67056
Sweden,SWE,2002,142.85188
Sweden,SWE,2003,146.35938
Sweden,SWE,2004,153.34096
Sweden,SWE,2005,158.52264
Sweden,SWE,2006,165.96681
Sweden,SWE,2007,171.3516
Sweden,SWE,2008,168.50975
Sweden,SWE,2009,160.14993
Sweden,SWE,2010,168.12112
Sweden,SWE,2011,177.58774
Sweden,SWE,2012,181.18446
Sweden,SWE,2013,187.84778
Sweden,SWE,2014,197.11057
Sweden,SWE,2015,211.20099
Sweden,SWE,2016,213.758
Sweden,SWE,2017,215.83737
Sweden,SWE,2018,217.71358
Sweden,SWE,2019,221.43167
Sweden,SWE,2020,215.26062
Sweden,SWE,2021,226.50984
Sweden,SWE,2022,229.35353
Switzerland,CHE,1975,133.72939
Switzerland,CHE,1976,131.94368
Switzerland,CHE,1977,135.24849
Switzerland,CHE,1978,135.89606
Switzerland,CHE,1979,139.3787
Switzerland,CHE,1980,145.89424
Switzerland,CHE,1981,147.58066
Switzerland,CHE,1982,145.01248
Switzerland,CHE,1983,145.30501
Switzerland,CHE,1984,149.02878
Switzerland,CHE,1985,153.83784
Switzerland,CHE,1986,156.28368
Switzerland,CHE,1987,158.34372
Switzerland,CHE,1988,163.10437
Switzerland,CHE,1989,169.72261
Switzerland,CHE,1990,175.49986
Switzerland,CHE,1991,173.43976
Switzerland,CHE,1992,172.91362
Switzerland,CHE,1993,174.46829
Switzerland,CHE,1994,178.51587
Switzerland,CHE,1995,181.25395
Switzerland,CHE,1996,184.03667
Switzerland,CHE,1997,190.21268
Switzerland,CHE,1998,196.5924
Switzerland,CHE,1999,200.4917
Switzerland,CHE,2000,209.08826
Switzerland,CHE,2001,213.05708
Switzerland,CHE,2002,213.5792
Switzerland,CHE,2003,217.95479
Switzerland,CHE,2004,228.60226
Switzerland,CHE,2005,239.9904
Switzerland,CHE,2006,255.31265
Switzerland,CHE,2007,271.33655
Switzerland,CHE,2008,285.43753
Switzerland,CHE,2009,285.51428
Switzerland,CHE,2010,301.95795
Switzerland,CHE,2011,315.11166
Switzerland,CHE,2012,327.7309
Switzerland,CHE,2013,387.912
Switzerland,CHE,2014,400.75543
Switzerland,CHE,2015,406.8886
Switzerland,CHE,2016,415.77307
Switzerland,CHE,2017,421.43924
Switzerland,CHE,2018,433.4943
Switzerland,CHE,2019,438.4447
Switzerland,CHE,2020,429.05438
Switzerland,CHE,2021,452.90817
Switzerland,CHE,2022,466.69498
Syria,SYR,1975,2.2126863
Syria,SYR,1976,2.147127
Syria,SYR,1977,1.8567817
Syria,SYR,1978,1.8236859
Syria,SYR,1979,1.6625721
Syria,SYR,1980,1.7364405
Syria,SYR,1981,1.7199283
Syria,SYR,1982,1.6357365
Syria,SYR,1983,1.5572746
Syria,SYR,1984,1.3451892
Syria,SYR,1985,1.3811543
Syria,SYR,1986,1.1981504
Syria,SYR,1987,1.1520106
Syria,SYR,1988,1.2893394
Syria,SYR,1989,1.0587399
Syria,SYR,1990,1.0469524
Syria,SYR,1991,1.0768421
Syria,SYR,1992,1.1644981
Syria,SYR,1993,1.185416
Syria,SYR,1994,1.2065663
Syria,SYR,1995,1.2872312
Syria,SYR,1996,1.3659239
Syria,SYR,1997,1.388507
Syria,SYR,1998,1.4340163
Syria,SYR,1999,1.4036669
Syria,SYR,2000,1.3780844
Syria,SYR,2001,1.3493644
Syria,SYR,2002,1.3337035
Syria,SYR,2003,1.61924
Syria,SYR,2004,1.772151
Syria,SYR,2005,1.8776739
Syria,SYR,2006,1.972425
Syria,SYR,2007,2.084352
Syria,SYR,2008,2.1776617
Syria,SYR,2009,2.3137672
Syria,SYR,2010,2.4416888
Syria,SYR,2011,2.5193434
Syria,SYR,2012,1.8617533
Syria,SYR,2013,1.3721106
Syria,SYR,2014,1.2306412
Syria,SYR,2015,1.179203
Syria,SYR,2016,1.1036681
Syria,SYR,2017,1.0956855
Syria,SYR,2018,1.1109504
Syria,SYR,2019,1.1245117
Syria,SYR,2020,1.1166722
Syria,SYR,2021,1.1373777
Syria,SYR,2022,1.1457121
Tajikistan,TJK,1994,0.2670204
Tajikistan,TJK,1995,0.23122686
Tajikistan,TJK,1996,0.1904624
Tajikistan,TJK,1997,0.191526
Tajikistan,TJK,1998,0.19949965
Tajikistan,TJK,1999,0.20464621
Tajikistan,TJK,2000,0.21931335
Tajikistan,TJK,2001,0.24400662
Tajikistan,TJK,2002,0.27456504
Tajikistan,TJK,2003,0.309583
Tajikistan,TJK,2004,0.3469525
Tajikistan,TJK,2005,0.37623897
Tajikistan,TJK,2006,0.4092537
Tajikistan,TJK,2007,0.4445953
Tajikistan,TJK,2008,0.48346603
Tajikistan,TJK,2009,0.50627637
Tajikistan,TJK,2010,0.5434634
Tajikistan,TJK,2011,0.588349
Tajikistan,TJK,2012,0.6375756
Tajikistan,TJK,2013,0.6903231
Tajikistan,TJK,2014,0.74261206
Tajikistan,TJK,2015,0.79381865
Tajikistan,TJK,2016,1.0106481
Tajikistan,TJK,2017,1.1855224
Tajikistan,TJK,2018,1.0425282
Tajikistan,TJK,2019,1.0322303
Tajikistan,TJK,2020,1.0776484
Tajikistan,TJK,2021,1.1789474
Tajikistan,TJK,2022,1.2732632
Tanzania,TZA,1994,9.768573
Tanzania,TZA,1995,7.715533
Tanzania,TZA,1996,6.5186725
Tanzania,TZA,1997,5.662189
Tanzania,TZA,1998,5.057999
Tanzania,TZA,1999,4.6581616
Tanzania,TZA,2000,4.34025
Tanzania,TZA,2001,4.152941
Tanzania,TZA,2002,4.050858
Tanzania,TZA,2003,4.321163
Tanzania,TZA,2004,4.6454153
Tanzania,TZA,2005,4.9927216
Tanzania,TZA,2006,5.3188567
Tanzania,TZA,2007,5.6788654
Tanzania,TZA,2008,6.0017896
Tanzania,TZA,2009,6.3180304
Tanzania,TZA,2010,6.718374
Tanzania,TZA,2011,7.2338176
Tanzania,TZA,2012,7.5593505
Tanzania,TZA,2013,8.071995
Tanzania,TZA,2014,8.615438
Tanzania,TZA,2015,9.146204
Tanzania,TZA,2016,9.774284
Tanzania,TZA,2017,10.431827
Tanzania,TZA,2018,11.0058565
Tanzania,TZA,2019,11.644196
Tanzania,TZA,2020,11.876144
Tanzania,TZA,2021,12.389358
Tanzania,TZA,2022,12.955057
Thailand,THA,2007,5.5744004
Thailand,THA,2008,5.6705976
Thailand,THA,2009,5.6314354
Thailand,THA,2010,6.0545473
Thailand,THA,2011,6.1054134
Thailand,THA,2012,6.547616
Thailand,THA,2013,6.7235827
Thailand,THA,2014,6.7897744
Thailand,THA,2015,7.002569
Thailand,THA,2016,7.243119
Thailand,THA,2017,7.545713
Thailand,THA,2018,7.8643584
Thailand,THA,2019,8.030655
Thailand,THA,2020,7.5447974
Thailand,THA,2021,7.6619053
Thailand,THA,2022,7.8596115
Togo,TGO,1987,27.929968
Togo,TGO,1988,27.928034
Togo,TGO,1989,27.356218
Togo,TGO,1990,25.776682
Togo,TGO,1991,24.251781
Togo,TGO,1992,22.12429
Togo,TGO,1993,17.89157
Togo,TGO,1994,19.638678
Togo,TGO,1995,20.260174
Togo,TGO,1996,21.133095
Togo,TGO,1997,23.206093
Togo,TGO,1998,21.801645
Togo,TGO,1999,21.516367
Togo,TGO,2000,20.586407
Togo,TGO,2001,20.796782
Togo,TGO,2002,21.635183
Togo,TGO,2003,20.866625
Togo,TGO,2004,18.84815
Togo,TGO,2005,16.518255
Togo,TGO,2006,16.95601
Togo,TGO,2007,16.756754
Togo,TGO,2008,17.432993
Togo,TGO,2009,18.383755
Togo,TGO,2010,19.460001
Togo,TGO,2011,20.593206
Togo,TGO,2012,21.891138
Togo,TGO,2013,23.166132
Togo,TGO,2014,24.471136
Togo,TGO,2015,25.809229
Togo,TGO,2016,26.897062
Togo,TGO,2017,27.975073
Togo,TGO,2018,29.316528
Togo,TGO,2019,30.759733
Togo,TGO,2020,31.424847
Togo,TGO,2021,33.036594
Togo,TGO,2022,35.116062
Trinidad and Tobago,TTO,1997,35.670616
Trinidad and Tobago,TTO,1998,37.846596
Trinidad and Tobago,TTO,1999,40.13234
Trinidad and Tobago,TTO,2000,42.127777
Trinidad and Tobago,TTO,2001,43.034164
Trinidad and Tobago,TTO,2002,45.567345
Trinidad and Tobago,TTO,2003,51.175636
Trinidad and Tobago,TTO,2004,54.233162
Trinidad and Tobago,TTO,2005,63.155464
Trinidad and Tobago,TTO,2006,70.46331
Trinidad and Tobago,TTO,2007,72.76124
Trinidad and Tobago,TTO,2008,74.17195
Trinidad and Tobago,TTO,2009,69.9318
Trinidad and Tobago,TTO,2010,71.26818
Trinidad and Tobago,TTO,2011,70.10024
Trinidad and Tobago,TTO,2012,74.80449
Trinidad and Tobago,TTO,2013,77.32405
Trinidad and Tobago,TTO,2014,80.16251
Trinidad and Tobago,TTO,2015,79.83683
Trinidad and Tobago,TTO,2016,73.82004
Trinidad and Tobago,TTO,2017,70.22297
Trinidad and Tobago,TTO,2018,69.559044
Trinidad and Tobago,TTO,2019,69.8844
Trinidad and Tobago,TTO,2020,63.7424
Trinidad and Tobago,TTO,2021,63.285534
Trinidad and Tobago,TTO,2022,63.830585
Tunisia,TUN,1975,8.527116
Tunisia,TUN,1976,7.963349
Tunisia,TUN,1977,7.2599454
Tunisia,TUN,1978,6.909428
Tunisia,TUN,1979,6.658309
Tunisia,TUN,1980,6.5273886
Tunisia,TUN,1981,6.6090384
Tunisia,TUN,1982,6.3210125
Tunisia,TUN,1983,6.369594
Tunisia,TUN,1984,6.493042
Tunisia,TUN,1985,6.621204
Tunisia,TUN,1986,6.1134057
Tunisia,TUN,1987,6.135701
Tunisia,TUN,1988,5.795926
Tunisia,TUN,1989,5.5841293
Tunisia,TUN,1990,5.7391353
Tunisia,TUN,1991,6.049217
Tunisia,TUN,1992,6.6168227
Tunisia,TUN,1993,6.8621254
Tunisia,TUN,1994,7.186952
Tunisia,TUN,1995,7.4685383
Tunisia,TUN,1996,8.128931
Tunisia,TUN,1997,8.709096
Tunisia,TUN,1998,9.274913
Tunisia,TUN,1999,9.999962
Tunisia,TUN,2000,10.758506
Tunisia,TUN,2001,10.336067
Tunisia,TUN,2002,10.41714
Tunisia,TUN,2003,10.849368
Tunisia,TUN,2004,11.465335
Tunisia,TUN,2005,11.803044
Tunisia,TUN,2006,12.3574
Tunisia,TUN,2007,13.118292
Tunisia,TUN,2008,13.603827
Tunisia,TUN,2009,13.548267
Tunisia,TUN,2010,13.498611
Tunisia,TUN,2011,12.8072195
Tunisia,TUN,2012,12.937849
Tunisia,TUN,2013,12.857832
Tunisia,TUN,2014,12.872096
Tunisia,TUN,2015,12.631614
Tunisia,TUN,2016,12.423767
Tunisia,TUN,2017,13.424195
Tunisia,TUN,2018,12.8461485
Tunisia,TUN,2019,13.003041
Tunisia,TUN,2020,11.618518
Tunisia,TUN,2021,12.168776
Tunisia,TUN,2022,12.503695
Turkey,TUR,1992,9.729664
Turkey,TUR,1993,10.255104
Turkey,TUR,1994,9.576153
Turkey,TUR,1995,10.123257
Turkey,TUR,1996,10.63443
Turkey,TUR,1997,11.196606
Turkey,TUR,1998,11.194304
Turkey,TUR,1999,10.650947
Turkey,TUR,2000,9.854797
Turkey,TUR,2001,9.558204
Turkey,TUR,2002,10.443951
Turkey,TUR,2003,11.351578
Turkey,TUR,2004,12.250851
Turkey,TUR,2005,13.127841
Turkey,TUR,2006,13.808511
Turkey,TUR,2007,14.34225
Turkey,TUR,2008,14.305059
Turkey,TUR,2009,12.65084
Turkey,TUR,2010,13.196392
Turkey,TUR,2011,14.111946
Turkey,TUR,2012,14.270638
Turkey,TUR,2013,15.2614
Turkey,TUR,2014,15.739312
Turkey,TUR,2015,16.113573
Turkey,TUR,2016,15.001259
Turkey,TUR,2017,16.40113
Turkey,TUR,2018,16.3298
Turkey,TUR,2019,16.212694
Turkey,TUR,2020,16.567093
Turkey,TUR,2021,19.698164
Turkey,TUR,2022,18.814548
Turkmenistan,TKM,1994,0.37772053
Turkmenistan,TKM,1995,0.34776294
Turkmenistan,TKM,1996,0.36816254
Turkmenistan,TKM,1997,0.323662
Turkmenistan,TKM,1998,0.3439741
Turkmenistan,TKM,1999,0.39766923
Turkmenistan,TKM,2000,0.4162389
Turkmenistan,TKM,2001,0.42427745
Turkmenistan,TKM,2002,0.4157556
Turkmenistan,TKM,2003,0.4198575
Turkmenistan,TKM,2004,0.4206803
Turkmenistan,TKM,2005,0.47551194
Turkmenistan,TKM,2006,0.5276913
Turkmenistan,TKM,2007,0.5855193
Turkmenistan,TKM,2008,0.67098266
Turkmenistan,TKM,2009,0.7112688
Turkmenistan,TKM,2010,0.77600366
Turkmenistan,TKM,2011,0.8892727
Turkmenistan,TKM,2012,0.9870908
Turkmenistan,TKM,2013,1.0867938
Turkmenistan,TKM,2014,1.1976544
Turkmenistan,TKM,2015,1.2743545
Turkmenistan,TKM,2016,1.3521482
Turkmenistan,TKM,2017,1.4031837
Turkmenistan,TKM,2018,1.5997382
Turkmenistan,TKM,2019,1.6496991
Turkmenistan,TKM,2020,1.8444244
Turkmenistan,TKM,2021,1.9587786
Turkmenistan,TKM,2022,2.0802228
Uganda,UGA,1982,19.78834
Uganda,UGA,1983,20.572203
Uganda,UGA,1984,20.161285
Uganda,UGA,1985,19.176636
Uganda,UGA,1986,18.942411
Uganda,UGA,1987,19.38177
Uganda,UGA,1988,20.65771
Uganda,UGA,1989,21.635445
Uganda,UGA,1990,22.68868
Uganda,UGA,1991,23.59296
Uganda,UGA,1992,24.042192
Uganda,UGA,1993,25.66818
Uganda,UGA,1994,26.923353
Uganda,UGA,1995,29.604654
Uganda,UGA,1996,31.843782
Uganda,UGA,1997,33.011208
Uganda,UGA,1998,34.16438
Uganda,UGA,1999,36.425686
Uganda,UGA,2000,37.077724
Uganda,UGA,2001,37.196857
Uganda,UGA,2002,38.65808
Uganda,UGA,2003,36.522964
Uganda,UGA,2004,35.059063
Uganda,UGA,2005,33.851376
Uganda,UGA,2006,34.34421
Uganda,UGA,2007,34.341587
Uganda,UGA,2008,34.641785
Uganda,UGA,2009,36.99795
Uganda,UGA,2010,39.08375
Uganda,UGA,2011,42.754364
Uganda,UGA,2012,44.395046
Uganda,UGA,2013,45.987453
Uganda,UGA,2014,48.335712
Uganda,UGA,2015,50.843304
Uganda,UGA,2016,53.27412
Uganda,UGA,2017,54.94235
Uganda,UGA,2018,58.405872
Uganda,UGA,2019,62.166477
Uganda,UGA,2020,64.001205
Uganda,UGA,2021,66.264656
Uganda,UGA,2022,69.30489
Ukraine,UKR,1992,5.1093116
Ukraine,UKR,1993,4.552403
Ukraine,UKR,1994,3.650608
Ukraine,UKR,1995,3.3390915
Ukraine,UKR,1996,3.1361554
Ukraine,UKR,1997,3.1806927
Ukraine,UKR,1998,3.269233
Ukraine,UKR,1999,3.4262784
Ukraine,UKR,2000,3.8203702
Ukraine,UKR,2001,4.306831
Ukraine,UKR,2002,4.70752
Ukraine,UKR,2003,5.3571043
Ukraine,UKR,2004,6.2327003
Ukraine,UKR,2005,6.6979556
Ukraine,UKR,2006,7.2263627
Ukraine,UKR,2007,7.844905
Ukraine,UKR,2008,8.046244
Ukraine,UKR,2009,6.8500586
Ukraine,UKR,2010,7.151202
Ukraine,UKR,2011,8.0779085
Ukraine,UKR,2012,8.710905
Ukraine,UKR,2013,9.43904
Ukraine,UKR,2014,9.256907
Ukraine,UKR,2015,9.99352
Ukraine,UKR,2016,10.000323
Ukraine,UKR,2017,8.916746
Ukraine,UKR,2018,9.227794
Ukraine,UKR,2019,9.621
Ukraine,UKR,2020,10.373014
Ukraine,UKR,2021,12.130741
Ukraine,UKR,2022,14.875726
United Arab Emirates,ARE,1980,132.12363
United Arab Emirates,ARE,1981,126.9223
United Arab Emirates,ARE,1982,109.408066
United Arab Emirates,ARE,1983,96.86393
United Arab Emirates,ARE,1984,94.11559
United Arab Emirates,ARE,1985,85.12337
United Arab Emirates,ARE,1986,68.17574
United Arab Emirates,ARE,1987,66.60361
United Arab Emirates,ARE,1988,61.476913
United Arab Emirates,ARE,1989,65.63881
United Arab Emirates,ARE,1990,81.82195
United Arab Emirates,ARE,1991,80.63656
United Arab Emirates,ARE,1992,81.46887
United Arab Emirates,ARE,1993,80.69057
United Arab Emirates,ARE,1994,84.407486
United Arab Emirates,ARE,1995,88.16406
United Arab Emirates,ARE,1996,85.38579
United Arab Emirates,ARE,1997,85.1742
United Arab Emirates,ARE,1998,79.24247
United Arab Emirates,ARE,1999,76.04064
United Arab Emirates,ARE,2000,85.23507
United Arab Emirates,ARE,2001,88.00789
United Arab Emirates,ARE,2002,91.82858
United Arab Emirates,ARE,2003,101.80617
United Arab Emirates,ARE,2004,98.3615
United Arab Emirates,ARE,2005,92.235504
United Arab Emirates,ARE,2006,102.2418
United Arab Emirates,ARE,2007,106.47796
United Arab Emirates,ARE,2008,110.90721
United Arab Emirates,ARE,2009,106.08755
United Arab Emirates,ARE,2010,108.81837
United Arab Emirates,ARE,2011,117.26991
United Arab Emirates,ARE,2012,123.95839
United Arab Emirates,ARE,2013,131.33522
United Arab Emirates,ARE,2014,138.7857
United Arab Emirates,ARE,2015,150.11446
United Arab Emirates,ARE,2016,160.21628
United Arab Emirates,ARE,2017,163.3134
United Arab Emirates,ARE,2018,162.11084
United Arab Emirates,ARE,2019,168.06947
United Arab Emirates,ARE,2020,157.45445
United Arab Emirates,ARE,2021,170.42061
United Arab Emirates,ARE,2022,186.06638
United Kingdom,GBR,1980,97.67702
United Kingdom,GBR,1981,99.30147
United Kingdom,GBR,1982,104.544044
United Kingdom,GBR,1983,111.82315
United Kingdom,GBR,1984,118.631714
United Kingdom,GBR,1985,127.13381
United Kingdom,GBR,1986,131.0497
United Kingdom,GBR,1987,135.8111
United Kingdom,GBR,1988,141.38931
United Kingdom,GBR,1989,143.35286
United Kingdom,GBR,1990,143.21997
United Kingdom,GBR,1991,141.20448
United Kingdom,GBR,1992,142.86649
United Kingdom,GBR,1993,147.68161
United Kingdom,GBR,1994,154.8172
United Kingdom,GBR,1995,160.10188
United Kingdom,GBR,1996,163.22467
United Kingdom,GBR,1997,170.08871
United Kingdom,GBR,1998,174.48782
United Kingdom,GBR,1999,178.48466
United Kingdom,GBR,2000,185.38254
United Kingdom,GBR,2001,188.62459
United Kingdom,GBR,2002,190.65251
United Kingdom,GBR,2003,195.56976
United Kingdom,GBR,2004,198.88683
United Kingdom,GBR,2005,203.18626
United Kingdom,GBR,2006,206.37303
United Kingdom,GBR,2007,323.3036
United Kingdom,GBR,2008,329.5703
United Kingdom,GBR,2009,316.9578
United Kingdom,GBR,2010,324.78952
United Kingdom,GBR,2011,352.2334
United Kingdom,GBR,2012,342.80682
United Kingdom,GBR,2013,365.37848
United Kingdom,GBR,2014,395.86188
United Kingdom,GBR,2015,360.97794
United Kingdom,GBR,2016,357.5929
United Kingdom,GBR,2017,368.40375
United Kingdom,GBR,2018,374.1189
United Kingdom,GBR,2019,378.81894
United Kingdom,GBR,2020,340.7556
United Kingdom,GBR,2021,369.86676
United Kingdom,GBR,2022,388.9138
United States,USA,1980,13.578371
United States,USA,1981,14.065617
United States,USA,1982,13.955008
United States,USA,1983,14.747355
United States,USA,1984,15.98173
United States,USA,1985,16.825983
United States,USA,1986,17.596626
United States,USA,1987,18.403284
United States,USA,1988,19.38362
United States,USA,1989,20.319735
United States,USA,1990,20.936651
United States,USA,1991,20.875822
United States,USA,1992,21.571821
United States,USA,1993,22.125145
United States,USA,1994,22.974813
United States,USA,1995,23.548832
United States,USA,1996,24.393099
United States,USA,1997,25.431917
United States,USA,1998,26.524202
United States,USA,1999,27.74432
United States,USA,2000,28.823793
United States,USA,2001,29.037903
United States,USA,2002,29.469584
United States,USA,2003,30.229876
United States,USA,2004,31.32732
United States,USA,2005,32.350887
United States,USA,2006,34.103954
United States,USA,2007,35.7024
United States,USA,2008,36.708546
United States,USA,2009,36.755695
United States,USA,2010,38.824287
United States,USA,2011,38.95743
United States,USA,2012,39.37566
United States,USA,2013,39.73735
United States,USA,2014,40.26735
United States,USA,2015,40.977787
United States,USA,2016,41.72336
United States,USA,2017,42.74876
United States,USA,2018,44.016903
United States,USA,2019,45.154224
United States,USA,2020,44.177525
United States,USA,2021,46.852497
United States,USA,2022,48.02961
Upper-middle-income countries,OWID_UMC,1970,19.47806
Upper-middle-income countries,OWID_UMC,1971,16.448439
Upper-middle-income countries,OWID_UMC,1972,20.00656
Upper-middle-income countries,OWID_UMC,1973,19.866426
Upper-middle-income countries,OWID_UMC,1974,18.437765
Upper-middle-income countries,OWID_UMC,1975,3.7269452
Upper-middle-income countries,OWID_UMC,1976,5.4171906
Upper-middle-income countries,OWID_UMC,1977,5.49617
Upper-middle-income countries,OWID_UMC,1978,5.1501245
Upper-middle-income countries,OWID_UMC,1979,5.2079263
Upper-middle-income countries,OWID_UMC,1980,2.5632555
Upper-middle-income countries,OWID_UMC,1981,2.5840528
Upper-middle-income countries,OWID_UMC,1982,2.6626403
Upper-middle-income countries,OWID_UMC,1983,2.6991756
Upper-middle-income countries,OWID_UMC,1984,2.797513
Upper-middle-income countries,OWID_UMC,1985,2.9118755
Upper-middle-income countries,OWID_UMC,1986,2.9335024
Upper-middle-income countries,OWID_UMC,1987,4.2265863
Upper-middle-income countries,OWID_UMC,1988,4.305163
Upper-middle-income countries,OWID_UMC,1989,4.373009
Upper-middle-income countries,OWID_UMC,1990,4.5346646
Upper-middle-income countries,OWID_UMC,1991,4.638147
Upper-middle-income countries,OWID_UMC,1992,4.919901
Upper-middle-income countries,OWID_UMC,1993,5.042238
Upper-middle-income countries,OWID_UMC,1994,5.135342
Upper-middle-income countries,OWID_UMC,1995,5.288719
Upper-middle-income countries,OWID_UMC,1996,5.5825405
Upper-middle-income countries,OWID_UMC,1997,5.899273
Upper-middle-income countries,OWID_UMC,1998,6.0573916
Upper-middle-income countries,OWID_UMC,1999,6.2071247
Upper-middle-income countries,OWID_UMC,2000,6.5995255
Upper-middle-income countries,OWID_UMC,2001,6.808851
Upper-middle-income countries,OWID_UMC,2002,7.0565143
Upper-middle-income countries,OWID_UMC,2003,7.397058
Upper-middle-income countries,OWID_UMC,2004,7.9003186
Upper-middle-income countries,OWID_UMC,2005,8.428963
Upper-middle-income countries,OWID_UMC,2006,9.026088
Upper-middle-income countries,OWID_UMC,2007,9.586632
Upper-middle-income countries,OWID_UMC,2008,10.043292
Upper-middle-income countries,OWID_UMC,2009,10.17895
Upper-middle-income countries,OWID_UMC,2010,10.903341
Upper-middle-income countries,OWID_UMC,2011,11.522236
Upper-middle-income countries,OWID_UMC,2012,12.051296
Upper-middle-income countries,OWID_UMC,2013,12.654808
Upper-middle-income countries,OWID_UMC,2014,13.278746
Upper-middle-income countries,OWID_UMC,2015,13.833673
Upper-middle-income countries,OWID_UMC,2016,14.103811
Upper-middle-income countries,OWID_UMC,2017,14.810557
Upper-middle-income countries,OWID_UMC,2018,15.600169
Upper-middle-income countries,OWID_UMC,2019,15.951698
Upper-middle-income countries,OWID_UMC,2020,16.285955
Upper-middle-income countries,OWID_UMC,2021,17.761848
Upper-middle-income countries,OWID_UMC,2022,18.300901
Uruguay,URY,1965,27.009613
Uruguay,URY,1966,24.5842
Uruguay,URY,1967,21.207184
Uruguay,URY,1968,19.561218
Uruguay,URY,1969,18.916758
Uruguay,URY,1970,17.816645
Uruguay,URY,1971,16.461014
Uruguay,URY,1972,15.128012
Uruguay,URY,1973,14.194614
Uruguay,URY,1974,13.723517
Uruguay,URY,1975,13.73097
Uruguay,URY,1976,13.502341
Uruguay,URY,1977,12.9984455
Uruguay,URY,1978,13.030725
Uruguay,URY,1979,13.196598
Uruguay,URY,1980,13.34854
Uruguay,URY,1981,12.98126
Uruguay,URY,1982,11.237553
Uruguay,URY,1983,9.688451
Uruguay,URY,1984,9.217115
Uruguay,URY,1985,9.012922
Uruguay,URY,1986,9.46354
Uruguay,URY,1987,9.874216
Uruguay,URY,1988,9.692533
Uruguay,URY,1989,9.489006
Uruguay,URY,1990,9.224906
Uruguay,URY,1991,9.266737
Uruguay,URY,1992,9.712318
Uruguay,URY,1993,9.69003
Uruguay,URY,1994,10.111237
Uruguay,URY,1995,9.699548
Uruguay,URY,1996,9.974997
Uruguay,URY,1997,10.553913
Uruguay,URY,1998,10.758858
Uruguay,URY,1999,10.340272
Uruguay,URY,2000,9.902432
Uruguay,URY,2001,9.432808
Uruguay,URY,2002,8.622899
Uruguay,URY,2003,8.612616
Uruguay,URY,2004,8.961413
Uruguay,URY,2005,9.543216
Uruguay,URY,2006,9.845678
Uruguay,URY,2007,10.396931
Uruguay,URY,2008,11.045311
Uruguay,URY,2009,11.413924
Uruguay,URY,2010,12.198555
Uruguay,URY,2011,12.718648
Uruguay,URY,2012,13.057088
Uruguay,URY,2013,13.547834
Uruguay,URY,2014,13.870096
Uruguay,URY,2015,13.806496
Uruguay,URY,2016,13.924747
Uruguay,URY,2017,14.051941
Uruguay,URY,2018,13.961616
Uruguay,URY,2019,13.978528
Uruguay,URY,2020,12.847329
Uruguay,URY,2021,13.386646
Uruguay,URY,2022,13.713014
Uzbekistan,UZB,1994,0.4887954
Uzbekistan,UZB,1995,0.48497313
Uzbekistan,UZB,1996,0.49380577
Uzbekistan,UZB,1997,0.5201038
Uzbekistan,UZB,1998,0.5431166
Uzbekistan,UZB,1999,0.5671485
Uzbekistan,UZB,2000,0.5896042
Uzbekistan,UZB,2001,0.6100321
Uzbekistan,UZB,2002,0.64807975
Uzbekistan,UZB,2003,0.69054383
Uzbekistan,UZB,2004,0.7588708
Uzbekistan,UZB,2005,0.83051586
Uzbekistan,UZB,2006,0.88978666
Uzbekistan,UZB,2007,0.97123086
Uzbekistan,UZB,2008,1.0558406
Uzbekistan,UZB,2009,1.1375325
Uzbekistan,UZB,2010,1.2204086
Uzbekistan,UZB,2011,1.3084571
Uzbekistan,UZB,2012,1.397355
Uzbekistan,UZB,2013,1.4950094
Uzbekistan,UZB,2014,1.5932002
Uzbekistan,UZB,2015,1.563254
Uzbekistan,UZB,2016,1.673777
Uzbekistan,UZB,2017,1.6182749
Uzbekistan,UZB,2018,1.7991998
Uzbekistan,UZB,2019,2.029239
Uzbekistan,UZB,2020,2.1824772
Uzbekistan,UZB,2021,2.7739205
Uzbekistan,UZB,2022,2.9129767
Venezuela,VEN,1970,13.255118
Venezuela,VEN,1971,12.929914
Venezuela,VEN,1972,12.607203
Venezuela,VEN,1973,13.017898
Venezuela,VEN,1974,12.824112
Venezuela,VEN,1975,12.752399
Venezuela,VEN,1976,13.291517
Venezuela,VEN,1977,13.680508
Venezuela,VEN,1978,13.57441
Venezuela,VEN,1979,13.273223
Venezuela,VEN,1980,12.3215885
Venezuela,VEN,1981,11.822892
Venezuela,VEN,1982,11.805614
Venezuela,VEN,1983,10.360407
Venezuela,VEN,1984,10.620394
Venezuela,VEN,1985,10.443212
Venezuela,VEN,1986,10.806468
Venezuela,VEN,1987,11.054212
Venezuela,VEN,1988,11.498648
Venezuela,VEN,1989,9.671972
Venezuela,VEN,1990,10.074642
Venezuela,VEN,1991,10.81324
Venezuela,VEN,1992,11.223225
Venezuela,VEN,1993,11.018429
Venezuela,VEN,1994,10.538844
Venezuela,VEN,1995,10.733946
Venezuela,VEN,1996,10.502704
Venezuela,VEN,1997,10.9559355
Venezuela,VEN,1998,10.779404
Venezuela,VEN,1999,9.947634
Venezuela,VEN,2000,10.125994
Venezuela,VEN,2001,8.588336
Venezuela,VEN,2002,6.635426
Venezuela,VEN,2003,5.3117266
Venezuela,VEN,2004,5.5494843
Venezuela,VEN,2005,5.4820232
Venezuela,VEN,2006,5.4962134
Venezuela,VEN,2007,5.4964175
Venezuela,VEN,2008,5.7865105
Venezuela,VEN,2009,5.6012087
Venezuela,VEN,2010,5.5178185
Venezuela,VEN,2011,5.748266
Venezuela,VEN,2012,6.071661
Venezuela,VEN,2013,6.153209
Venezuela,VEN,2014,5.9135795
Venezuela,VEN,2015,5.545674
Venezuela,VEN,2016,4.6006722
Venezuela,VEN,2017,3.8796823
Venezuela,VEN,2018,3.1171174
Venezuela,VEN,2019,2.254986
Venezuela,VEN,2020,1.5785226
Venezuela,VEN,2021,1.5936042
Venezuela,VEN,2022,1.7211071
Vietnam,VNM,1984,0.78476894
Vietnam,VNM,1985,0.78796744
Vietnam,VNM,1986,0.78818953
Vietnam,VNM,1987,0.7950769
Vietnam,VNM,1988,0.8145951
Vietnam,VNM,1989,0.85284513
Vietnam,VNM,1990,0.8746066
Vietnam,VNM,1991,0.8916145
Vietnam,VNM,1992,0.9333283
Vietnam,VNM,1993,0.97313577
Vietnam,VNM,1994,1.0231051
Vietnam,VNM,1995,1.0838284
Vietnam,VNM,1996,1.1472974
Vietnam,VNM,1997,1.2025093
Vietnam,VNM,1998,1.2337297
Vietnam,VNM,1999,1.2550284
Vietnam,VNM,2000,1.3023342
Vietnam,VNM,2001,1.3447272
Vietnam,VNM,2002,1.3912375
Vietnam,VNM,2003,1.451493
Vietnam,VNM,2004,1.5209246
Vietnam,VNM,2005,1.5947467
Vietnam,VNM,2006,1.7060275
Vietnam,VNM,2007,1.8276588
Vietnam,VNM,2008,1.9311366
Vietnam,VNM,2009,2.0353775
Vietnam,VNM,2010,2.1661146
Vietnam,VNM,2011,2.3050313
Vietnam,VNM,2012,2.4319127
Vietnam,VNM,2013,2.5669692
Vietnam,VNM,2014,2.7318263
Vietnam,VNM,2015,2.9227033
Vietnam,VNM,2016,3.1182323
Vietnam,VNM,2017,3.3346436
Vietnam,VNM,2018,3.583575
Vietnam,VNM,2019,3.8472996
Vietnam,VNM,2020,3.9575408
Vietnam,VNM,2021,4.0586057
Vietnam,VNM,2022,4.405109
World,OWID_WRL,1962,74.21964
World,OWID_WRL,1963,67.09567
World,OWID_WRL,1964,67.25129
World,OWID_WRL,1965,29.261232
World,OWID_WRL,1966,26.769485
World,OWID_WRL,1967,23.592722
World,OWID_WRL,1968,21.968529
World,OWID_WRL,1969,21.338446
World,OWID_WRL,1970,23.972559
World,OWID_WRL,1971,24.046745
World,OWID_WRL,1972,24.729486
World,OWID_WRL,1973,25.817627
World,OWID_WRL,1974,26.187618
World,OWID_WRL,1975,4.2848125
World,OWID_WRL,1976,4.586489
World,OWID_WRL,1977,4.624843
World,OWID_WRL,1978,4.61853
World,OWID_WRL,1979,4.6723256
World,OWID_WRL,1980,8.755553
World,OWID_WRL,1981,8.846693
World,OWID_WRL,1982,8.820823
World,OWID_WRL,1983,9.020167
World,OWID_WRL,1984,9.142861
World,OWID_WRL,1985,9.420893
World,OWID_WRL,1986,9.850699
World,OWID_WRL,1987,10.378763
World,OWID_WRL,1988,10.808896
World,OWID_WRL,1989,11.159961
World,OWID_WRL,1990,11.225377
World,OWID_WRL,1991,11.988175
World,OWID_WRL,1992,11.836995
World,OWID_WRL,1993,12.02142
World,OWID_WRL,1994,11.948859
World,OWID_WRL,1995,12.186894
World,OWID_WRL,1996,12.5111265
World,OWID_WRL,1997,12.903975
World,OWID_WRL,1998,13.157775
World,OWID_WRL,1999,13.495722
World,OWID_WRL,2000,13.838718
World,OWID_WRL,2001,14.040274
World,OWID_WRL,2002,14.207342
World,OWID_WRL,2003,14.50714
World,OWID_WRL,2004,15.200288
World,OWID_WRL,2005,15.679398
World,OWID_WRL,2006,16.026047
World,OWID_WRL,2007,16.56054
World,OWID_WRL,2008,16.593325
World,OWID_WRL,2009,16.376465
World,OWID_WRL,2010,17.070536
World,OWID_WRL,2011,17.591272
World,OWID_WRL,2012,17.812462
World,OWID_WRL,2013,18.33354
World,OWID_WRL,2014,18.823545
World,OWID_WRL,2015,19.420973
World,OWID_WRL,2016,19.788565
World,OWID_WRL,2017,20.302477
World,OWID_WRL,2018,21.034573
World,OWID_WRL,2019,21.611767
World,OWID_WRL,2020,21.148441
World,OWID_WRL,2021,22.657541
World,OWID_WRL,2022,23.306194
Yemen,YEM,1990,8.185494
Yemen,YEM,1991,8.563492
Yemen,YEM,1992,9.122541
Yemen,YEM,1993,9.342631
Yemen,YEM,1994,9.820559
Yemen,YEM,1995,10.223438
Yemen,YEM,1996,10.54098
Yemen,YEM,1997,10.932641
Yemen,YEM,1998,11.424794
Yemen,YEM,1999,11.690172
Yemen,YEM,2000,12.26319
Yemen,YEM,2001,12.594906
Yemen,YEM,2002,12.953443
Yemen,YEM,2003,13.299569
Yemen,YEM,2004,13.686068
Yemen,YEM,2005,14.304615
Yemen,YEM,2006,14.75813
Yemen,YEM,2007,15.250819
Yemen,YEM,2008,15.807103
Yemen,YEM,2009,16.418242
Yemen,YEM,2010,17.682657
Yemen,YEM,2011,15.434326
Yemen,YEM,2012,15.803668
Yemen,YEM,2013,16.565962
Yemen,YEM,2014,16.534702
Yemen,YEM,2015,11.905888
Yemen,YEM,2016,10.789696
Yemen,YEM,2017,10.242465
Yemen,YEM,2018,10.319534
Zambia,ZMB,1992,3.8465972
Zambia,ZMB,1993,4.156839
Zambia,ZMB,1994,3.843935
Zambia,ZMB,1995,3.9945393
Zambia,ZMB,1996,4.2854342
Zambia,ZMB,1997,4.493887
Zambia,ZMB,1998,4.5223007
Zambia,ZMB,1999,4.7814612
Zambia,ZMB,2000,5.019639
Zambia,ZMB,2001,5.342262
Zambia,ZMB,2002,5.6424727
Zambia,ZMB,2003,6.034341
Zambia,ZMB,2004,6.4586997
Zambia,ZMB,2005,6.9260254
Zambia,ZMB,2006,7.4734373
Zambia,ZMB,2007,8.0976515
Zambia,ZMB,2008,8.727154
Zambia,ZMB,2009,9.531828
Zambia,ZMB,2010,10.513437
Zambia,ZMB,2011,11.098957
Zambia,ZMB,2012,11.942187
Zambia,ZMB,2013,12.546167
Zambia,ZMB,2014,13.1349945
Zambia,ZMB,2015,13.518586
Zambia,ZMB,2016,14.026222
Zambia,ZMB,2017,14.520767
Zambia,ZMB,2018,15.106607
Zambia,ZMB,2019,15.32434
Zambia,ZMB,2020,14.897548
Zambia,ZMB,2021,15.826399
Zambia,ZMB,2022,16.651148
Zimbabwe,ZWE,1987,11.350392
Zimbabwe,ZWE,1988,10.4956255
Zimbabwe,ZWE,1989,9.68338
Zimbabwe,ZWE,1990,9.225457
Zimbabwe,ZWE,1991,8.774767
Zimbabwe,ZWE,1992,7.266403
Zimbabwe,ZWE,1993,6.73749
Zimbabwe,ZWE,1994,6.799215
Zimbabwe,ZWE,1995,6.328032
Zimbabwe,ZWE,1996,6.522105
Zimbabwe,ZWE,1997,6.2817655
Zimbabwe,ZWE,1998,6.0857353
Zimbabwe,ZWE,1999,5.7030454
Zimbabwe,ZWE,2000,5.239592
Zimbabwe,ZWE,2001,5.0509906
Zimbabwe,ZWE,2002,4.383979
Zimbabwe,ZWE,2003,3.752244
Zimbabwe,ZWE,2004,3.6479378
Zimbabwe,ZWE,2005,3.553833
Zimbabwe,ZWE,2006,3.5486765
Zimbabwe,ZWE,2007,3.540664
Zimbabwe,ZWE,2008,2.9329638
Zimbabwe,ZWE,2009,3.3427544
Zimbabwe,ZWE,2010,4.025325
Zimbabwe,ZWE,2011,4.625431
Zimbabwe,ZWE,2012,5.4302487
Zimbabwe,ZWE,2013,5.5733676
Zimbabwe,ZWE,2014,5.742222
Zimbabwe,ZWE,2015,5.881924
Zimbabwe,ZWE,2016,5.915405
Zimbabwe,ZWE,2017,6.31236
Zimbabwe,ZWE,2018,5.8686476
Zimbabwe,ZWE,2019,4.8937817
Zimbabwe,ZWE,2020,3.892473
Zimbabwe,ZWE,2021,4.2220883
Zimbabwe,ZWE,2022,4.481293